seller_id,seller_zip_code_prefix,seller_city,seller_state,seller_region,seller_latitude,seller_longitude,seller_geolocation_missing
3442f8959a84dea7ee197c632cb2df15,13023,campinas,SP,Southeast,-22.893862529175948,-47.06200600118296,False
d1b65fc7debc3361ea86b5f14c68d2e2,13844,mogi guacu,SP,Southeast,-22.382868826262087,-46.947991678278754,False
ce3ad9de960102d0677a81f5d0bb7b2d,20031,rio de janeiro,RJ,Southeast,-22.91017422770652,-43.17677490813088,False
c0f3eea2e14555b6faeea3dd58c1b1c3,04195,sao paulo,SP,Southeast,-23.6569914183815,-46.61249024639332,False
51a04a8a6bdcb23deccc82b0b80742cf,12914,braganca paulista,SP,Southeast,-22.96376266067089,-46.534675564592376,False
c240c4061717ac1806ae6ee72be3533b,20920,rio de janeiro,RJ,Southeast,-22.894907715650092,-43.23080588235342,False
e49c26c3edfa46d227d5121a6b6e4d37,55325,brejao,PE,Northeast,-9.024839005157318,-36.57020044972058,False
1b938a7ec6ac5061a66a3766e0e75f90,16304,penapolis,SP,Southeast,-21.435445507772037,-50.077238988563366,False
768a86e36ad6aae3d03ee3c6433d61df,01529,sao paulo,SP,Southeast,-23.5688472717122,-46.63494157092152,False
ccc4bbb5f32a6ab2b7066a4130f114e3,80310,curitiba,PR,South,-25.45781550929083,-49.309207968492174,False
8cb7c5ddf41f4d506eba76e9a4702a25,75110,anapolis,GO,Central-West,-16.333040851685464,-48.94066945526677,False
a7a9b880c49781da66651ccf4ba9ac38,13530,itirapina,SP,Southeast,-22.253001275607335,-47.81789510997462,False
8bd0f31cf0a614c658f6763bd02dea69,01222,sao paulo,SP,Southeast,-23.545494233858072,-46.65018175916093,False
05a48cc8859962767935ab9087417fbb,05372,sao paulo,SP,Southeast,-23.582343384399003,-46.76317937607479,False
7b8e8ec35bad4b0ef7e3963650b0a87b,88705,tubarao,SC,South,-28.479850176250736,-48.99729201710646,False
1444c08e64d55fb3c25f0f09c07ffcf2,42738,lauro de freitas,BA,Northeast,-12.894841198667141,-38.339099858948224,False
166e8f1381e09651983c38b1f6f91c11,88780,imbituba,SC,South,-28.23919513267532,-48.67329713366172,False
e38db885400cd35c71dfd162f2c1dbcf,70740,brasilia,DF,Central-West,-15.76851619295844,-47.891282625,False
d2e753bb80b7d4faa77483ed00edc8ca,45810,porto seguro,BA,Northeast,-16.434573642906564,-39.07602575113308,False
f9ec7093df3a7b346b7bcf7864069ca3,05138,sao paulo,SP,Southeast,-23.485253731057767,-46.73411899985577,False
4e6015589b781adaa5ce7f1892d06bb1,11440,guaruja,SP,Southeast,-23.98412434915458,-46.24151037468982,False
4cf490a58259286ada5ba8525ba9e84a,14910,tabatinga,SP,Southeast,-21.736670106758545,-48.68785503413496,False
f7496d659ca9fdaf323c0aae84176632,04156,sao paulo,SP,Southeast,-23.631974313765944,-46.62237316954957,False
2ff97219cb8622eaf3cd89b7d9c09824,13320,salto,SP,Southeast,-23.20247301887012,-47.29433699694157,False
8bd0e3abda539b9479c4b44a691be1ec,98910,tres de maio,RS,South,-27.777156219465542,-54.23589933698606,False
2a1348e9addc1af5aaa619b1a3679d6b,30494,belo horizonte,MG,Southeast,-19.96073617623641,-43.95972617845809,False
2078fe5066350e7d220c0ad3a3bbc6c1,86707,arapongas,PR,South,-23.42474812938231,-51.432735733794914,False
116ccb1a1604bc88e4d234a8c23f33de,09850,sao bernardo do campo,SP,Southeast,-23.72660126431488,-46.580070208785166,False
430315b7bb4b6e4b3c978f9dfa9b0558,04857,sao paulo,SP,Southeast,-23.7836170269202,-46.68390147737895,False
406822777a0b9eb5c50e442dd4cd3ec5,18500,tatui,SP,Southeast,-23.052593350185855,-47.836107207115525,False
4dbd95a08b31ede5c82d3f861cb1ce1a,80210,curitiba,PR,South,-25.43990022814357,-49.2462196629093,False
e9e446d01bd10a97a8ffcfc4a3a20cb2,02261,sao paulo,SP,Southeast,-23.467961586450706,-46.57715992131685,False
d52cbce9845184537284a23c3bc3da0e,88495,garopaba,SC,South,-28.029840261509012,-48.6232941268394,False
d9a84e1403de8da0c3aa531d6d108ba6,03562,sao paulo,SP,Southeast,-23.544866169023045,-46.497269823619376,False
9c690ceacd5c66731bf443ea810195cb,37650,camanducaia,MG,Southeast,-22.754789486324828,-46.13990303459445,False
1f9ab4708f3056ede07124aad39a2554,17602,tupa,SP,Southeast,-21.930850430923154,-50.49756182976886,False
1961c3e1272bfeceb05d0b78b5bbfdaf,07241,guarulhos,SP,Southeast,-23.44660201082004,-46.4276417216227,False
d3e7d37c0df9aef383f3f2a15b0dddfb,83050,sao jose dos pinhais,PR,South,-25.499377069652105,-49.1768075263366,False
ec2e006556300a79a5a91e4876ab3a56,03445,sao paulo,SP,Southeast,-23.548815241205077,-46.52860928018063,False
b2a6d334e2833acea353624840e25a0e,04133,sao paulo,SP,Southeast,-23.61988085429048,-46.61784924409308,False
d3674f271c91f824f82d24d92011f669,72233,brasilia,DF,Central-West,-15.84777063762379,-48.11230111671739,False
768de2a4fc06aacecb9a586ccc30746a,70645,brasilia,DF,Central-West,-15.781713800046974,-47.93342033773479,False
a81466620e46a6970b22ef40379fdfc9,88730,sao ludgero,SC,South,-28.32819939742141,-49.177507854489534,False
5c030029b5916fed0986310385ec9009,88075,sao jose,SC,South,-27.583709059957247,-48.58055730128678,False
c0f783394e37cd9c9d7f5f81141450fa,13416,piracicaba,SP,Southeast,-22.716528528160943,-47.64025398154823,False
c353f8fc0ce8344999f17d578eb69a5e,90850,porto alegre,RS,South,-30.0654429567055,-51.2266022627676,False
8444e55c1f13cd5c179851e5ca5ebd00,37584,congonhal,MG,Southeast,-22.15182621397245,-46.039438003454805,False
28a26ebce31d5918b181ede016fd693b,31950,belo horizonte,MG,Southeast,-19.867634779906503,-43.89928869983838,False
41ab63a91b8b264e8c8780368bf1dd5b,31555,belo horizonte,MG,Southeast,-19.842312483625705,-43.979913824802324,False
8759e7aedd644f487315e5860962f162,09251,santo andre,SP,Southeast,-23.630354271308164,-46.50720643548685,False
e546117ed9cafbc40239c0c78635c584,04705,sao paulo,SP,Southeast,-23.62112665860704,-46.69487257715392,False
d71d863e5ef30d94e440c11be17dcd8f,06144,osasco,SP,Southeast,-23.567109963670614,-46.80112352709052,False
0c7533c71df861ec58ad7ff999ed0e8d,13270,valinhos,SP,Southeast,-22.975093324676056,-47.00146007593362,False
ef990a83bbea832f36ebe81376335aa8,89214,joinville,SC,South,-26.327037478215686,-48.87983368887412,False
41e0fa5761c886a630994a55c12087e7,11446,guaruja,SP,Southeast,-23.939770352620613,-46.183004795842194,False
0747d5bb69f0586cc869d8af4c50f93e,28990,saquarema,RJ,Southeast,-22.93009866316372,-42.4970039999183,False
7d294cf9a6a69dc6a0c3e540fff0e039,88390,barra velha,SC,South,-26.64316060183339,-48.68786092554536,False
c89cf7c468a48af70aada384e722f9e2,25730,petropolis,RJ,Southeast,-22.41632898092502,-43.131764472738595,False
b7ba853e9551f4558440881fd3e5c815,95500,santo antonio da patrulha,RS,South,-29.83061383883275,-50.52051119323526,False
13c2ed7698b3ca92dad49e849219da59,84010,ponta grossa,PR,South,-25.09401432889011,-50.160957435552675,False
cbbd5ae8f53de5f5097cd8217b529e24,06544,santana de parnaiba,SP,Southeast,-23.46190182672717,-46.852560099511294,False
02ecc2a19303f05e59ce133fd923fff7,09121,santo andre,SP,Southeast,-23.679556489139273,-46.502191951546436,False
c013e57c075a06e5b5c48ee03c525719,13568,sao carlos,SP,Southeast,-22.00321146228056,-47.85609149999999,False
55f7a3319d80f7fdf078b8f03e6725fe,06056,osasco,SP,Southeast,-23.566754289341567,-46.7883305829355,False
2d50d6282f8aa2257819a77bfaa0efe0,14940,ibitinga,SP,Southeast,-21.7575376839452,-48.82926174236043,False
b7e1750c1157341d2abd0251e07c186b,05741,sao paulo,SP,Southeast,-23.61067755628102,-46.74772148265909,False
b90e891671cffd9557f33a97dc523645,83010,sao jose dos pinhais,PR,South,-25.543616071325555,-49.18256358811821,False
a416b6a846a11724393025641d4edd5e,03702,sao paulo,SP,Southeast,-23.51613685387212,-46.5477308798257,False
7e93a43ef30c4f03f38b393420bc753a,06429,barueri,SP,Southeast,-23.48936092560812,-46.95410833527528,False
5206cc4bc2297c833e6061c49bf9c43f,06192,osasco,SP,Southeast,-23.52774981568486,-46.80287964197576,False
f410c8873029fcc3809b9df6d0b28914,95076,caxias do sul,SP,Southeast,-29.17915863755419,-51.147170889601654,False
ef506c96320abeedfb894c34db06f478,03569,sao paulo,SP,Southeast,-23.54286431307345,-46.490706403413355,False
a13aaf2d2886ab9fb30fb9a920160b8f,89207,joinville,SC,South,-26.32238680534501,-48.82952916902304,False
7299e27ed73d2ad986de7f7c77d919fa,38440,araguari,MG,Southeast,-18.651529639281804,-48.19262151872806,False
8a9260f2b0340411d6d2a56bcf4f7378,32180,contagem,MG,Southeast,-19.863027426522585,-44.02479298496488,False
dedcab67899479e4ea5dcc4eba47f587,89258,jaragua do sul,SC,South,-26.49114527840596,-49.05336001987973,False
b2479f944e1b90cf8a5de1bbfde284d6,14940,ibitinga,SP,Southeast,-21.7575376839452,-48.82926174236043,False
7722b1df1b0e383e000397b2c11e3e19,09715,sao bernardo do campo,SP,Southeast,-23.715550415200024,-46.54583597833126,False
731ef20c231d9a7103a425e83fd91271,88501,lages - sc,SC,South,-27.81777800017045,-50.33059873285502,False
78813699ffac347fe27dba345a5f1551,95711,bento goncalves,RS,South,-29.17519237322801,-51.56925812204669,False
3296662b1331dea51e744505065ae889,15805,catanduva,SP,Southeast,-21.124255389953248,-48.96369146142302,False
411f3b52d857390502ee4e4d5ceabc2d,09400,ribeirao pires,SP,Southeast,-23.71152919119625,-46.41256396540937,False
bba3293d6f5d5af2f415e004e8b93ae3,04726,sao paulo,SP,Southeast,-23.63608005976541,-46.71209825910773,False
4e7c18b98d84e05cbae3ff0ff03846c2,14882,jaboticabal,SP,Southeast,-21.246479099863258,-48.3180082512998,False
b56906f7fd1696e043f1bcce164c487b,19830,echapora,SP,Southeast,-22.42961542512157,-50.205234449192936,False
d650b663c3b5f6fb392b6326366efa9a,06713,cotia,SP,Southeast,-23.607269370979644,-46.858689188430304,False
669ae81880e08f269a64487cfb287169,89160,rio do sul,SC,South,-27.21540783319318,-49.64128007016929,False
c2d70ce2c5d0a2eb75e78668236e6dc8,04275,sao paulo,SP,Southeast,-23.593703605603345,-46.61658036894656,False
674207551483fec113276b67b0d871ff,18040,sorocaba,SP,Southeast,-23.506028078264777,-47.470331520409715,False
abe42c5d03695b4257b5c6cbf4e6784e,21235,rio de janeiro,RJ,Southeast,-22.837595403846905,-43.323451475849744,False
1996942dc085d7773ba77a529b163cd0,14850,pradopolis,SP,Southeast,-21.360086334917156,-48.072547215529184,False
79b93a308a97792cf53ac75f46da00b5,22420,rio de janeiro,RJ,Southeast,-22.985480048978644,-43.20398699486412,False
7cf4ea70955b00d6b3c22542598e2715,01125,sao paulo,SP,Southeast,-23.52628837691152,-46.6404078985516,False
63ffcb71394dd8ea3872ed9ffda17c74,24813,itaborai,RJ,Southeast,-22.748116157070065,-42.89099241735732,False
83353a83fd769dfafa4f21a72b15e3e5,05786,sao paulo,SP,Southeast,-23.63531521653247,-46.77194824646542,False
cda598c48d7c614bc1cad7d8ff6f0010,15137,mirassol,SP,Southeast,-20.824023668423,-49.49190928448127,False
d4910f1cdcfdabd48d6b316e395d4a23,09190,santo andre,SP,Southeast,-23.67489222786944,-46.53867996829014,False
709e16e2b25c7474d980076c6bfc4806,16200,birigui,SP,Southeast,-21.294270166927944,-50.34272175985954,False
9dc79dd988ac42f4d56c340d7048420a,03569,sao paulo,SP,Southeast,-23.54286431307345,-46.490706403413355,False
276677b5d08786d5dce7c2149dcce48b,31730,belo horizonte,MG,Southeast,-19.833721114345916,-43.9451567019751,False
9c4d31c7e46ab03a43fc06e3142afd4e,20785,rio de janeiro,RJ,Southeast,-22.886220101852437,-43.26766626789475,False
512d298ac2a96d1931b6bd30aa21f61d,20060,rio de janeiro,RJ,Southeast,-22.90688289702239,-43.184569704137566,False
422be4cc81a457fdb46f47edeb968ae5,14940,ibitinga,SP,Southeast,-21.7575376839452,-48.82926174236043,False
99cd94252748d2bdde08e17858233602,12401,sao paulo,SP,Southeast,-22.92165312169474,-45.46268233298903,False
698624c6632eeba1774924dbea24c700,01425,sao paulo,SP,Southeast,-23.572856965303842,-46.6592021873449,False
8bb48dc19fccaa8613b6229bf7f452a2,19803,assis,SP,Southeast,-22.67542885928214,-50.43778446156725,False
ad87df7699e83b8a91822a4a0b765c3a,13820,jaguariuna,SP,Southeast,-22.695130561746257,-46.98754063827643,False
d6b664fa0667064c6d76394e7848d790,14801,araraquara,SP,Southeast,-21.791151858733887,-48.1822903695269,False
98f52e1020fe788c10c0418de4393fec,27963,macae,RJ,Southeast,-22.337824367168032,-41.75541231235536,False
62760d278921b5f352461620d68a9cee,13320,salto,SP,Southeast,-23.20247301887012,-47.29433699694157,False
eb72802c83dc7547529c9546d1a9b8ef,13504,rio claro,SP,Southeast,-22.392665048156225,-47.57888451865112,False
3f9be91358837bff69df67edfa3e42e8,86039,londrina,PR,South,-23.32116052510254,-51.14229042105706,False
1d4587203296c8f4ad134dc286fa6db0,05101,sao paulo,SP,Southeast,-23.50554239217496,-46.72792414377629,False
791cfcfe22fe4a771ece27f90017da92,14010,ribeirao preto,SP,Southeast,-21.179400704556425,-47.8091725567546,False
392f7f2c797e4dc077e4311bde2ab8ce,21210,rio de janeiro,RN,Northeast,-22.84101375021634,-43.30078860574758,False
0c8380b62e38e8a1e6adbeba7eb9688c,37410,tres coracoes,MG,Southeast,-21.69448512017128,-45.25794378743439,False
37be5a7c751166fbc5f8ccba4119e043,04248,sao paulo,SP,Southeast,-23.61289225859717,-46.59790484631163,False
87d73636a3acf123e842bb890a4db036,15190,nhandeara,SP,Southeast,-20.693709830088586,-50.04282904840793,False
3d3ccf2b2f8134b10dce9dd446f0e075,14940,ibitinga,SP,Southeast,-21.7575376839452,-48.82926174236043,False
e24d3429d294b2eb200b064ebb035879,03514,sao paulo,SP,Southeast,-23.533834811075238,-46.52078409701275,False
44073f8b7e41514de3b7815dd0237f4f,71070,brasilia,DF,Central-West,-15.847018615601783,-47.97307559821103,False
05ca864204d09595ae591b93ea9cf93d,06465,barueri,SP,Southeast,-23.50779131246589,-46.84809115539192,False
9d39404483343dd55c7ae254494d8388,01044,sao paulo,SP,Southeast,-23.54562699916329,-46.64140988467314,False
f9eda05b67bef472deaddbba84aca289,88870,orleans,SC,South,-28.357636847029433,-49.288007151003185,False
75745ef7bc7d4f3ea3380f6f5303f514,70384,brasilia,DF,Central-West,-15.827650452464116,-47.92428380531554,False
0692610d8abe24f287e9fae90ea0bbee,02310,sao paulo,SP,Southeast,-23.47325500276996,-46.60045392783772,False
7b07b3c7487f0ea825fc6df75abd658b,02016,sao paulo,SP,Southeast,-23.50118744257222,-46.627306713644735,False
99002261c568a84cce14d43fcffb43ea,78095,cuiaba,MT,Central-West,-15.663347293083813,-56.052260210664414,False
e5899683388855d3dabe8913bbe365de,13575,sao carlos,SP,Southeast,-22.033843669715534,-47.909276889405,False
784ba75dd9d20200c4caed3d7a77141a,01040,sao paulo,SP,Southeast,-23.540876706359263,-46.6382183104334,False
099095b050cfe8eb1ddff5317587e96e,03322,sao paulo,SP,Southeast,-23.54911708328529,-46.56899813128279,False
0ad80de75c811326389cfb1daba7d45e,20261,rio de janeiro,RJ,Southeast,-22.923716505554246,-43.21260688086444,False
b9a03475e6447e631b6799ec8274800f,85830,formosa do oeste,PR,South,-24.29601073646984,-53.313639374821705,False
ba6b4a237f92479743cf0ca06b67a9ac,23550,rio de janeiro,RJ,Southeast,-22.93156500415494,-43.69014093741702,False
ea00f977a203ff88adf7057cb7806998,11085,santos,SP,Southeast,-23.93859650011278,-46.36324264071785,False
82e0a475a88cc9595229d8029273f045,03417,sao paulo,SP,Southeast,-23.54023019401001,-46.54881452622772,False
ad75519a07f039025e83795a4418470f,76500,santa terezinha de goias,GO,Central-West,-14.434922282426419,-49.712313156425935,False
34aefe746cd81b7f3b23253ea28bef39,81210,curitiba,PR,South,-25.443410323330905,-49.32942299999999,False
ed4acab38528488b65a9a9c603ff024a,08260,sao paulo,SP,Southeast,-23.570215350121202,-46.435583380316174,False
f0837c8d71434931d9e38e7b79234797,95995,arvorezinha,RS,South,-28.87262510202068,-52.18035405223537,False
fce62094ffe6a4009188ec44e681dfdd,04674,sao paulo,SP,Southeast,-23.663908927837724,-46.68821032664167,False
ebef8d8c92b4fd3226e5d407bbff21ac,14020,ribeirao preto,SP,Southeast,-21.20253542048014,-47.802165836386976,False
d73cbd89533ce8b041a9190241453ac8,36525,guiricema,MG,Southeast,-21.003525963044787,-42.71880215875891,False
75a4764c108403a7a0575140cb22287c,95072,caxias do sul,RS,South,-29.17376467545709,-51.15022097994026,False
70c0fda4c313d87115644d39e62eec60,55004,caruaru,PE,Northeast,-8.28606907206765,-35.970872835421964,False
ffcfefa19b08742c5d315f2791395ee5,80045,curitiba,PR,South,-25.426059370246406,-49.25460367874656,False
26e13b6ff5b641b329e5524241ee2c93,14401,franca,SP,Southeast,-20.527836467752614,-47.38819149126934,False
0ade5cc4a305ed7093a23f68ca47519c,81030,curitiba,PR,South,-25.48597267359485,-49.273060080356586,False
fc59392d66ef99377e50356ee4f3b4e1,40243,salvador,BA,Northeast,-12.987629684913276,-38.50067621385278,False
b18dc380845b24038cfc48006478f099,09951,diadema,SP,Southeast,-23.68898807343688,-46.58815224112638,False
f22a247b79dd22ecd91dc8e3b2a1b07c,08573,itaquaquecetuba,SP,Southeast,-23.492121781026512,-46.351064649546004,False
889009a0ed0bb52c87819941192931b8,18682,lencois paulista,SP,Southeast,-22.6090229382009,-48.79628361256285,False
ffc470761de7d0232558ba5e786e57b7,07091,guarulhos,SP,Southeast,-23.464218367914743,-46.53934775273072,False
4c498c7345e89aebad651544829beca0,06341,carapicuiba,SP,Southeast,-23.572379916140765,-46.81855255535172,False
01bcc9d254a0143f0ce9791b960b2a47,76400,uruacu,GO,Central-West,-14.524558972222868,-49.14295729593409,False
f021c962aaba8ef6eb527a9c2c8394d1,88301,itajai,SC,South,-26.911293824874424,-48.65586376398079,False
024b564ae893ce8e9bfa02c10a401ece,03280,sao paulo,SP,Southeast,-23.58350646932889,-46.53806213488948,False
a513150f33f99a06569e9cd5c4bb889b,01545,sao paulo,SP,Southeast,-23.58112435053957,-46.6178758329102,False
c1dde11f12d05c478f5de2d7319ad3b2,01026,sao paulo,SP,Southeast,-23.539439503750906,-46.632953890394745,False
02f5837340d7eb4f653d676c7256523a,80620,curitiba,PR,South,-25.459071007247765,-49.286086690198545,False
7b98de631987e26dd6d803490c43a13c,87900,loanda,PR,South,-22.930511586172642,-53.136361264785,False
f12ff17ad8bbf01ec5c33b17e506649b,03186,sao paulo,SP,Southeast,-23.56599859838998,-46.58170804371284,False
a64e44665225d19dfc0277eeeaaccc57,19400,sao paulo,SP,Southeast,-21.876176339641987,-51.84436934059116,False
6a8a889bde935bafa76d7848782dfaf9,02839,sao paulo,SP,Southeast,-23.477818578683145,-46.68311699486409,False
42b6488f5b8246d9141712abd4b1b693,87014,maringa,PR,South,-23.426958144453693,-51.94893959768052,False
d6cd01c59123df02fc226eadbadb5f89,01207,sao paulo,SP,Southeast,-23.539369243407013,-46.638486209821714,False
c8e135e7b21ecbc36c1153a29d2f5a06,01411,sao paulo,SP,Southeast,-23.56480403400366,-46.66451699639332,False
229c3efbfb0ea2058de4ccdfbc3d784a,30190,belo horizonte,MG,Southeast,-19.923301780469096,-43.948378346612884,False
f9a02f1922d1de564392e656d82b3fda,08502,ferraz de vasconcelos,SP,Southeast,-23.538863960631733,-46.356887854434696,False
9523fb39dd240aa958e040f8183d64f3,01541,sao paulo,SP,Southeast,-23.568722298084143,-46.618733572710525,False
95ec4458365c4d11f452ccf538377619,13481,limeira,SP,Southeast,-22.59992917902069,-47.40885355251318,False
6ec1a01e866584bb679eb9b098345919,11040,santos,SP,Southeast,-23.97212493949449,-46.314537931300165,False
f6122bc84774df1b372bdb3bb88ddb9f,06436,barueri,SP,Southeast,-23.53798330426693,-46.8894867507173,False
fa40cc5b934574b62717c68f3d678b6d,02310,sao paulo,SP,Southeast,-23.47325500276996,-46.60045392783772,False
623ad9d0c1e14bb5464a8c72bff7b4af,35530,claudio,MG,Southeast,-20.44177374108617,-44.76617579262522,False
c0098efcf800861dcae589affca31408,14080,ribeirao preto,SP,Southeast,-21.15521512910574,-47.80381533811819,False
a63bfbaa882c8f4542891b4e2246cc7f,24355,niteroi,RJ,Southeast,-22.940639272054288,-43.04253550478964,False
48b6c3f4c6a93171da04b75313f2130f,17700,osvaldo cruz,SP,Southeast,-21.79623788022635,-50.878564018265436,False
270d3ef21830ad0ecf3a6c53d08a533a,06380,carapicuiba,SP,Southeast,-23.539105283163583,-46.83807829250327,False
89c127985a8b130cfa45c1d36764017a,06016,osasco,SP,Southeast,-23.533436546208684,-46.778966029751516,False
8b2492b7ff4468839593fafeed55bad9,24451,sao goncalo,RJ,Southeast,-22.829698641473442,-43.01542901343805,False
1e9d5a33694bddb76316fd1f54734d20,78820,jaciara,MT,Central-West,-15.96221402385939,-54.96900382865118,False
5e49e3a44bdeb5aab2684258bbd4f525,88330,balenario camboriu,SC,South,-26.992891946381214,-48.6341316455796,False
8e34331b7eedd03be4e5d965c1956225,04009,sao paulo,SP,Southeast,-23.589192647299583,-46.63627333197481,False
aaed1309374718fdd995ee4c58c9dfcd,89120,timbo,SC,South,-26.825253513481073,-49.26977078427555,False
11d4c477d09821164bca4f70a2eae031,14075,ribeirao preto,SP,Southeast,-21.141167070777293,-47.79102776074792,False
ff314fa6033cc68ec451c47aee2d6ba4,05424,sao paulo,SP,Southeast,-23.568696895781635,-46.69752830786545,False
d1c7fa84e48cfa21a0e595167c1c500e,99730,jacutinga,RS,South,-27.729372911015968,-52.537491045681705,False
c7246702dc991a06d788120dc7544391,60440,fortaleza,CE,Northeast,-3.760221863779403,-38.568320981487346,False
e819bcfade7b5d88a27325eb6cfd62c5,07242,guarulhos,SP,Southeast,-23.43981518960048,-46.421449690259095,False
6d2f2e3b539480db1e0842b3a4e32e6e,07051,guarulhos,SP,Southeast,-23.467753653248586,-46.55196067284606,False
e88165a185134e13fdfc85d4fa654db8,08517,ferraz de vasconcelos,SP,Southeast,-23.56892589286744,-46.372428309048416,False
9e6229250fedbe05838fef417b74e7fb,16800,mirandopolis,SP,Southeast,-21.13447535842588,-51.10328439406817,False
5abb8ea023c77787f2c15da891c8d384,89228,joinville,SC,South,-26.280899829897173,-48.79971481418431,False
1d953075c2f0dd990bacf27b83b330f1,30421,belo horizonte,MG,Southeast,-19.936975303434306,-43.97544441672922,False
817245bcc3badd82bbd222e0366951a6,17056,bauru,SP,Southeast,-22.353255108691155,-49.10141221854996,False
caa9bc43a9fe8cf9c564ddd8a03cc4a6,12308,jacarei,SP,Southeast,-23.304238944149432,-45.962692417710166,False
615005a3ef192c00c6f0e977cee3d2bc,13304,itu,SP,Southeast,-23.276297616189282,-47.27548060132837,False
1284de4ae8aa26997e748c851557cf0e,85301,laranjeiras do sul,SP,Southeast,-25.407311985924757,-52.411587133727316,False
5fd924b4836098a5be0ecf81ba054ce0,03554,sao paulo,SP,Southeast,-23.538328638351924,-46.5065121947025,False
7178f9f4dd81dcef02f62acdf8151e01,89560,videira,SC,South,-27.005188244285076,-51.15097028519262,False
8132b9bd16876e1b0f8808d43825dd48,88058,florianopolis,SC,South,-27.444213025953584,-48.40117682768295,False
3f995f07c49d0d55a99d5c54957f7d81,06853,itapecerica da serra,SP,Southeast,-23.69013907788352,-46.85539165846532,False
a6bd7d1ccdac48c6b33b28596b7eb122,58280,mamanguape,PB,Northeast,-6.83684999999997,-35.1267527800385,False
6650fcccd8cd2f7e55ffa524f30c4c59,08490,sao paulo,SP,Southeast,-23.569514570633054,-46.40873785567547,False
3db66a856d18a9cba7c9241fc5221c50,35430,ponte nova,MG,Southeast,-20.4103580795654,-42.897725951016376,False
8b181ee5518df84f18f4e1a43fe07923,87360,goioere,SP,Southeast,-24.186060500293877,-53.02488480588684,False
10ff823eda2b032e2c93d17a7d294736,17280,pederneiras,SP,Southeast,-22.346929999166324,-48.78006525529161,False
b4a476fbd28de64b1e347abf9089366a,06653,itapevi,SP,Southeast,-23.54681279740811,-46.92992956472787,False
39c763cca83e654764b7a4a650fb9b7c,74563,goiania,GO,Central-West,-16.650735482220078,-49.268908910213554,False
dadc51ef321949ec9a3ab25cd902e23d,04821,sao paulo,SP,Southeast,-23.72506469025751,-46.6879344117625,False
83b08de96980757220871b31bf6cffca,21820,rio de janeiro,RJ,Southeast,-22.88337299999999,-43.47164067816963,False
14a08204d03bb6b6bde8029f801ae0eb,01026,sao paulo,SP,Southeast,-23.539439503750906,-46.632953890394745,False
bee36b4f9a2b9fdcaff6ec05df202ed0,03308,sao paulo,SP,Southeast,-23.541414085933106,-46.5720153216718,False
28872dc528e978a639754bc8c2ce5a4c,95070,caxias do sul,RS,South,-29.16564503217782,-51.155627865482145,False
c85d7b477a709c85a1e8b8f25aa1b270,09640,sao bernardo do campo,SP,Southeast,-23.655907995169144,-46.57497322009348,False
739c7d7be81f63812dea0d1b1451c651,58400,campina grande,PB,Northeast,-7.219097051762928,-35.89054368124239,False
657969cca82e884d272385ec0ef06edd,93608,estancia velha,RS,South,-29.664597159898346,-51.148736944185984,False
455befea1bb853c75ccbca94cff26e5c,27525,resende,RJ,Southeast,-22.47974447821569,-44.49711955771412,False
800214c63934acd05d47e84214db8ba8,89251,jaragua do sul,SC,South,-26.488910860667115,-49.08117169900166,False
5cf1ec37aea089f45110c70653a166ab,02215,sao paulo,SP,Southeast,-23.490987747157924,-46.58363230974089,False
0a82f5fb06a4fe4ac2cf7cb412ec71b8,05524,sao paulo,SP,Southeast,-23.596805873742355,-46.74269277359676,False
e45edf75f568ed2f93f78d060e246e25,22790,rio de janeiro,RJ,Southeast,-23.01564521426511,-43.45932989361249,False
3d621842b2ed28e2b474132480edac3c,08041,sao paulo,SP,Southeast,-23.515132452680454,-46.44014918329291,False
baf15155e37ef5492731459bdc05be8a,05715,sao paulo,SP,Southeast,-23.62926942576026,-46.73224313390852,False
c0aff2da32c17759d30b22fb0af6649d,88032,florianopolis,SC,South,-27.553172194038662,-48.49809145420967,False
a17f621c590ea0fab3d5d883e1630ec6,18055,sorocaba,SP,Southeast,-23.49996360268915,-47.49864996211552,False
4deebb3199eeafb282ae33229144f94b,02112,sao paulo,SP,Southeast,-23.520850095512493,-46.593126394480095,False
9d69ba0a7a626a64dc5db08e529559cf,14075,ribeirao preto,SP,Southeast,-21.141167070777293,-47.79102776074792,False
f92d8c817434bd2d84d4e9c61322b7fa,18048,sorocaba,SP,Southeast,-23.53377012725776,-47.468660561378535,False
8ca5b19e0263150d2c57afdde2b3d011,09336,maua,SP,Southeast,-23.66054561627915,-46.411147738011316,False
eec3469d83e142f9a104886655338c37,17030,bauru,SP,Southeast,-22.321796775982712,-49.04552463925714,False
55bb6fe5bebe5012e2d7d9928e1128ff,17052,bauru,SP,Southeast,-22.341947349558616,-49.09604973748848,False
d180e07dc1e58c31c3f0cd599dc4d945,30620,belo horizonte,MG,Southeast,-19.984219088118202,-44.002038096168285,False
d6b1ce66b035a475f00c017792ff9769,13327,salto,SP,Southeast,-23.179211520068115,-47.31278396116133,False
3aa3c89ae3cd482385568be76120f63c,74343,goiania,GO,Central-West,-16.73600057496822,-49.302848795035395,False
fe4cd9461203cee790d36792420b310f,35300,caratinga,MG,Southeast,-19.789547479040024,-42.14073793168095,False
c3aad7dc65449ae90a5e9c3c6c1e78e0,15350,auriflama/sp,SP,Southeast,-20.685639463642012,-50.553231424752695,False
f5fea3ffed6c2e889bab72705557c63a,21240,rio de janeiro,RJ,Southeast,-22.81037884041201,-43.32228901956261,False
ececbfcff9804a2d6b40f589df8eef2b,14407,franca,SP,Southeast,-20.49639072789715,-47.41772992790109,False
a254c682cc01e119f83530446f1df9a9,16500,cafelandia,SP,Southeast,-21.806684513396252,-49.605007508373845,False
830379336fad8c6f3b15a4a3ddb5c66e,02518,sao paulo,SP,Southeast,-23.50983702096192,-46.6661907077592,False
7d13fca15225358621be4086e1eb0964,14050,ribeirao preto,SP,Southeast,-21.17129873550116,-47.82272128697564,False
1b4c3a6f53068f0b6944d2d005c9fc89,88730,sao ludgero,SC,South,-28.32819939742141,-49.177507854489534,False
b92e3c8f9738272ff7c59e111e108d7c,36502,uba,MG,Southeast,-21.12448854224665,-42.92793184295009,False
b8555308bfdb4ca1ed54325a58da9a97,09751,sao bernardo do campo,SP,Southeast,-23.691618827776466,-46.544450157712525,False
71593c7413973a1e160057b80d4958f6,03407,sao paulo / sao paulo,SP,Southeast,-23.543388044466734,-46.55125061186763,False
1dc2de47ee26a0a5b12dc14fd6dc0dea,14940,ibitinga,SP,Southeast,-21.7575376839452,-48.82926174236043,False
6c6e3d67f969468f3bfd33f827a31222,87035,maringa,PR,South,-23.388299746958378,-51.909365110515886,False
66d5ae34537110d3affc56174dad2b2f,15062,sao jose do rio preto,SP,Southeast,-20.8341513779744,-49.33576427031176,False
781a66c0d89e30814d49fe8b5e14cd07,13064,campinas,SP,Southeast,-22.89468933166945,-47.14791219327427,False
a4bd6e9adf39b63f43dc545d3ca1f53d,21020,rio de janeiro,RJ,Southeast,-22.83449841104508,-43.27711817747716,False
f88adb15807168d3c43d71021090ce4a,13660,porto ferreira,SP,Southeast,-21.858792941863733,-47.47982718384467,False
fa8d335d68129e464e60c1826a683e96,95660,tres coroas,RS,South,-29.51343087695016,-50.78021744861696,False
f12d3c2a14729ae461b920c11fe20fdc,09080,santo andre,SP,Southeast,-23.640740759362934,-46.54207103100302,False
4917cee8d902e13428c3ec4b1ca6f315,89031,blumenau,SC,South,-26.8891082725944,-49.10169233026521,False
741f8c587cb4248ebc5b779a0e8e0e51,09110,santo andre,SP,Southeast,-23.669654269108864,-46.50581153152538,False
4bcec44888b30ba9001234c534716d3f,09230,santo andre,SP,Southeast,-23.620078728836063,-46.528157177001006,False
a663d9c3797e90eac99ff60939416a56,03951,sao paulo,SP,Southeast,-23.58737221510183,-46.48835954757933,False
dff87e4de60c9736ce8df835951b09bc,03172,sao paulo,SP,Southeast,-23.553437603059116,-46.584491856773425,False
ac1ed5fc15901fbc92920361eb4ab350,03334,sao paulo,SP,Southeast,-23.553324807541816,-46.57258508742569,False
f9903dd0f812c7e771fcad47b6fff231,89070,blumenau,SC,South,-26.8760337388077,-49.126927740292366,False
ac9b01377919cdbd2a1bbb8d5837c70b,08773,mogi das cruzes,SP,Southeast,-23.51552534118359,-46.192918052337376,False
5011f0d93373a4c5753adf58ca77af8d,11013,santos,SP,Southeast,-23.93855797571648,-46.32490908992154,False
a4e634166243bbb3a13fa584463fa468,06286,osasco,SP,Southeast,-23.506427116841742,-46.77215106862771,False
50bf89f1349bc0409a268c3a49678009,15155,jaci,SP,Southeast,-20.88513443518137,-49.57165655226015,False
50c9975695009e5e6473912e83a6d1da,35530,claudio,MG,Southeast,-20.44177374108617,-44.76617579262522,False
42d4b7e70819438f5ada61c965e92d7e,74045,goiania,GO,Central-West,-16.667264999999944,-49.26381358635746,False
7aa4334be125fcdd2ba64b3180029f14,18500,laranjal paulista,SP,Southeast,-23.052593350185855,-47.836107207115525,False
b14db04aa7881970e83ffa9426897925,18048,sorocaba,SP,Southeast,-23.53377012725776,-47.468660561378535,False
fac1a9017ade7bdc94058fc1c969f355,01126,sao paulo,SP,Southeast,-23.526854512767606,-46.6396065,False
31ae0774c17fabd06ff707cc5bde005f,13478,americana,SP,Southeast,-22.74262162273957,-47.31542412775906,False
f0ec6a2adb05c62655a26dd347b8dede,01303,sao paulo,SP,Southeast,-23.549143871775623,-46.64896199945174,False
cc1f04647be106ba74e62b21f358af25,02739,sao paulo,SP,Southeast,-23.47930191257428,-46.68268413099434,False
1099a00e0ee3a50935e6c2447ca090c5,20921,rio de janeiro,RJ,Southeast,-22.89441685873388,-43.22509930821168,False
3d700782d7818f2c1e0d7a9e9d75fc00,86170,sertanopolis,SP,Southeast,-23.05940028066881,-51.03787531551679,False
a3e9a2c700480d9bb01fba070ba80a0e,14940,ibitinga,SP,Southeast,-21.7575376839452,-48.82926174236043,False
c3f5668699a1b04c0fa61ecea1e2bff6,86808,apucarana,PR,South,-23.554495638318663,-51.45009903828807,False
80f2cf9abf6b5a0e5c612b5eea6646e6,15046,sao jose do rio preto,SP,Southeast,-20.769657744241357,-49.38743709161738,False
516e7738bd8f735ac19a010ee5450d8d,22230,rio de janeiro,RJ,Southeast,-22.936981997230035,-43.17705424963942,False
4fe2f67634d00c021aa01f96b6f2d68e,87035,maringa,PR,South,-23.388299746958378,-51.909365110515886,False
9f505651f4a6abe901a56cdc21508025,04102,sao paulo,SP,Southeast,-23.59032952255033,-46.63175129640077,False
17adeba047385fb0c67d8e90b4296d21,07052,guarulhos,SP,Southeast,-23.473379069248082,-46.554106444976625,False
7142540dd4c91e2237acb7e911c4eba2,16301,penapolis,SP,Southeast,-21.426847789373337,-50.0643276561055,False
c04d70d515d15a7e3db3a73320598566,24020,niteroi,RJ,Southeast,-22.89426743296495,-43.120610497085806,False
a3a38f4affed601eb87a97788c949667,89204,joinville,SC,South,-26.287216554532893,-48.85128463059032,False
744dac408745240a2c2528fb1b6028f3,83408,colombo,PR,South,-25.366866849942102,-49.18400779173741,False
9b013e03b2ab786505a1d3b5c0756754,11450,vicente de carvalho,SP,Southeast,-23.941438868717192,-46.30279503554525,False
8b9d6eec4a7eb7d0f9d579ce0b38324d,26562,mesquita,RJ,Southeast,-22.77076556370668,-43.42200186895455,False
38e679b9e0064cd94c6f035707344dae,86010,londrina,PR,South,-23.317785,-51.157601568238455,False
5444b12c82f21c923f2639ebc722c1ea,02051,sao pauo,SP,Southeast,-23.512218239107845,-46.608722793294504,False
83deb69e889cf80f82be1dc6d5f2d486,88056,florianopolis,SC,South,-27.420845510416008,-48.42560984471118,False
54aa8463e87776b5612f4bdc4bd5d4de,30550,belo horizonte,MG,Southeast,-19.943095940461113,-43.98123782063305,False
2e7ea2aafec5835e781b21d6d1faf1f1,02820,sao paulo,SP,Southeast,-23.448113551812778,-46.70961353820836,False
79ebd9a61bac3eaf882805ed4ecfa12a,85802,cascavel,PR,South,-24.965460105048876,-53.467657278767,False
1cbd50a8c52e6cf8e315c5709fab386f,83830,fazenda rio grande,PR,South,-25.671852,-49.32745099267186,False
e503f22be6a4f456d9851920a5d9c670,04508,sao paulo,SP,Southeast,-23.589042915344248,-46.67013533250615,False
88af55b4a7ca402b27df16f7c7c9b5d2,06775,taboao da serra,SP,Southeast,-23.636976752567946,-46.79520069240867,False
5f3ae9136c875522250f8184f253413a,01550,sao paulo,SP,Southeast,-23.57381229586244,-46.61617543505108,False
b026643914f651e8371425e5b8a1e780,22783,rio de janeiro,RJ,Southeast,-22.98589720458458,-43.45719971417144,False
26af45f5dfd967225a832838aa4e24a3,81070,curitiba,PR,South,-25.479157744277394,-49.30123606803939,False
9dd459b29a14bf89d47183cf2cd0e4c7,04716,sao paulo,SP,Southeast,-23.63270565583707,-46.7019838188836,False
8e6d7754bc7e0f22c96d255ebda59eba,12233,sao jose dos campos,SP,Southeast,-23.244327590291597,-45.88777507281957,False
e250d617a0ad591ba9bd663e584a895d,07084,guarulhos,SP,Southeast,-23.42913797668648,-46.54991166180969,False
92c8bc6e8f925792247656fed09aad65,03384,sao paulo,SP,Southeast,-23.577677739192332,-46.52299964210473,False
e53d5b9b29d1218281f4a907ada18626,85903,toledo,PR,South,-24.719836484194673,-53.75919514810005,False
3ca08eeb8d5595949fed424bd3677742,82510,curitiba,PR,South,-25.39991397196895,-49.240479897003226,False
cbd996ad3c1b7dc71fd0e5f5df9087e2,15081,sao jose do rio preto,SP,Southeast,-20.844222715885405,-49.36333671738873,False
8daab2245ebdc277c51098d01c5ad8ef,08411,sao paulo,SP,Southeast,-23.554424409660093,-46.411997964813374,False
15b3b1b81484422eb41df68ac87f1f50,17047,bauru,SP,Southeast,-22.336776807100836,-49.044201118831396,False
e067ad2c1c0b48758eb1b5228bcf7a68,11045,santos,SP,Southeast,-23.970298814732566,-46.322688223916515,False
f626e15b7314c267e4429010866f70e9,85960,marechal candido rondon,SP,Southeast,-24.557593707724664,-54.05625021025181,False
f1fd5ab1181f827ffad998c1a5de7d74,80010,curitiba,PR,South,-25.433778879244187,-49.26983822958893,False
a7c88262832dfc683781d6a421edefae,08710,mogi das cruzes,SP,Southeast,-23.52323657802531,-46.19443689775291,False
6b1c4d4d9ccf0be3d8544eb0e71e5318,91130,porto alegre,RS,South,-30.004654415906835,-51.13092328926946,False
4e85b538b0dad58852641540686d0e14,12238,sao jose dos campos,SP,Southeast,-23.25610234194122,-45.91634533059197,False
093805f8f2aeb63881444571e1f48f30,06236,osasco,SP,Southeast,-23.510747950507245,-46.78957494901463,False
5acd070dd3fe441bbb2ec1f1ede515ee,13203,jundiai,SP,Southeast,-23.21600315091939,-46.86025349639333,False
3c010235b7345c92f125d14ee232a76b,83800,mandirituba,PR,South,-25.77494629330313,-49.325877197713616,False
cb9fb4ca75d7ba8437480e8dde64fe98,03551,sao paulo,SP,Southeast,-23.5329735745282,-46.50351952247679,False
ce33c6211beaa8fef4cae8b52db39862,08655,suzano,SP,Southeast,-23.591664360697067,-46.30406358565209,False
081acf3de680d554796c9cf041be7bc2,33200,vespasiano,MG,Southeast,-19.746804418560533,-43.94333542713922,False
6989574bd97d9773f10d232b6c07da59,80040,curitiba,PR,South,-25.418234032716864,-49.24827248889149,False
535bf14f36346c7f59d87cece104d70c,20735,rio de janeiro,RJ,Southeast,-22.90067589827747,-43.28651790779897,False
8501d82f68d23148b6d78bb7c4a42037,89031,blumenau,SC,South,-26.8891082725944,-49.10169233026521,False
7f02656561b680def9986c0795a8a080,01417,sao paulo,SP,Southeast,-23.561598866495498,-46.666202710514185,False
57a834594e1e9e9219603bfec184eadc,98780,santa rosa,RS,South,-27.86676135204006,-54.47686603790719,False
8fd3b4468f6425810648177996c14cbd,15015,sao jose do rio preto,SP,Southeast,-20.81615368559403,-49.3867412125886,False
6d803cb79cc31c41c4c789a75933b3c7,14600,sao joaquim da barra,SP,Southeast,-20.5855205179263,-47.863166044915616,False
5f2684dab12e59f83bef73ae57724e45,05125,sao paulo,SP,Southeast,-23.50315228434991,-46.739315852849884,False
713e3a23ca5e47786eb6f0d99f94cfac,81050,curitiba,PR,South,-25.490001510259013,-49.30177853009011,False
f97e2b0650c2068227e1d366140eb62f,13830,santo antonio de posse,SP,Southeast,-22.605298322148823,-46.918866560427944,False
8b321bb669392f5163d04c59e235e066,01212,sao paulo,SP,Southeast,-23.5374331015783,-46.639705500000005,False
32f83ffe11cd40f7adcf4eef171f52d9,97502,uruguaiana,RS,South,-29.763868826147995,-57.07939023377086,False
76d64c4aca3a7baf218bf93ef7fa768d,80215,curitiba,PR,South,-25.4478977783432,-49.25427158868981,False
d06d019f72a04e5497a0b64190af170c,06703,cotia,SP,Southeast,-23.59674469900167,-46.91090722522938,False
ec80e49e69745ab6c14f984bf2149423,13480,limeira,SP,Southeast,-22.568539777461996,-47.40399225,False
f8f35af4634605e6693c17cc3ffff5a8,37400,campanha,MG,Southeast,-21.83425622559985,-45.40137544362004,False
004c9cd9d87a3c30c522c48c4fc07416,14940,ibitinga,SP,Southeast,-21.7575376839452,-48.82926174236043,False
3bdff180c7e1f6551a643b99c265a120,04811,sao paulo,SP,Southeast,-23.710480019706846,-46.6935698288995,False
6b89abe95848c850399130d149a39b63,75640,piracanjuba,GO,Central-West,-17.303515082892655,-49.02353672010906,False
aced59e9b31ef866a94f9e7f29d8d418,03306,sao paulo,SP,Southeast,-23.544522280568376,-46.57575084485543,False
b4f8921fcc4ff77b66bea6dda43dcd51,95034,caxias do sul,RS,South,-29.15912236751751,-51.18777796467367,False
d2572f31e9023e9850ef986a636ff9bf,30640,belo horizonte,MG,Southeast,-19.97751296087477,-44.020562170004,False
c731d18cea9bf687ffee82a241c25b11,89701,concordia,SC,South,-27.22121303442656,-52.02330227758006,False
3dc69bf2c42f0568a5c4791ec3fd3745,02880,sao paulo,SP,Southeast,-23.46663345379131,-46.67261792638064,False
d8d9567d0bfb0bc7eb845a205ba42657,03688,sao paulo,SP,Southeast,-23.52831670761252,-46.48510272193266,False
0daf5180aa44356f60f8effa533b55a2,74043,goiania,GO,Central-West,-16.67520970205496,-49.25987536917218,False
5194c22ed1f616ec0c0f33c571542879,37540,santa rita do sapucai,MG,Southeast,-22.24757876689365,-45.70580649277439,False
fe8055980a4ff7f64ed889c2b5926929,81925,curitiba,PR,South,-25.548403118613216,-49.266074300161605,False
c42fd8e4d47dfb18ce5222f2dd7752f9,06246,osasco,SP,Southeast,-23.49921489953255,-46.80712731513658,False
671585f5a2af58b6e276bc01003c0d2b,80510,curitiba,PR,South,-25.422294750216345,-49.27871521357261,False
2dd1fb6f0e42a2243b8a01e40cd41216,80240,curitiba,PR,South,-25.4493420133302,-49.288181133504494,False
a7c53f6b3b61adbdaa99dda97e8cbd56,14780,barretos,SP,Southeast,-20.55698849639332,-48.57114701715925,False
a11a0e0ca67423425691db355cff69b0,13330,indaiatuba,SP,Southeast,-23.085985886354763,-47.21685179489583,False
5bffbafbb22daf6d3bfc216a46db8708,26525,nilopolis,RJ,Southeast,-22.805727853240136,-43.42319046563006,False
fc0b214b59a83615fea981c6424a02ae,09380,maua,SP,Southeast,-23.63538403635932,-46.47824351053158,False
011b0eaba87386a2ae96a7d32bb531d1,17580,pompeia,SP,Southeast,-22.104958312539395,-50.17791899951506,False
43753b27d77860f1654aa72e251a7878,44895,barro alto,BA,Northeast,-11.761521102283517,-41.90736268390189,False
822b63912576852aea9a8436d72317b7,13840,mogi guacu,SP,Southeast,-22.365765333459716,-46.93881755293194,False
a3fa18b3f688ec0fca3eb8bfcbd2d5b3,04557,sao paulo,SP,Southeast,-23.603134442682812,-46.682875024626384,False
5587130f9850696ed7fafbc91c2cee44,04311,sao paulo,SP,Southeast,-23.63239436496629,-46.63796673723239,False
9c1c0c36cd23c20897e473901a8fb149,11702,praia grande,SP,Southeast,-24.014039731057764,-46.43776865973222,False
34a557286ead8fe75c989e0afcf7d98c,14406,franca,SP,Southeast,-20.536536498721546,-47.43366787318517,False
c716e0b86ed568878475b60fbb6323ad,22783,rio de janeiro,SP,Southeast,-22.98589720458458,-43.45719971417144,False
455c5640e8c5bd1b2ee85c0158f85727,89128,luiz alves,SC,South,-26.71322615247039,-48.91172199590658,False
87d30a6a0cbf89356e49324971ab1d24,02036,sao paulo,SP,Southeast,-23.50112065848872,-46.6203512865544,False
217f005bb37ff3aeef5b2ae1788e75ba,06038,osasco,SP,Southeast,-23.565520928385983,-46.77796373659768,False
cac4e0bc1a3269fa2b6ea5e763f6115b,88351,brusque,SC,South,-27.08572007826817,-48.915225947568295,False
8ec76bb0965af3f007692b26fa9d6623,88804,criciuma,SC,South,-28.688320378887568,-49.38665228867994,False
aba1721a889e04decc910aa13b768ef4,05729,sao paulo,SP,Southeast,-23.63618671595815,-46.73818797377229,False
7238f877570096ae403c51898fa64566,06519,santana de parnaiba,SP,Southeast,-23.491589461845297,-46.965367460834585,False
044668ccd5316b12a7cf0d54a156e3e9,06016,osasco,SP,Southeast,-23.533436546208684,-46.778966029751516,False
643c01d7c56a724bec0454f4780e8a3e,89222,joinville,SC,South,-26.26765613849616,-48.846362877604,False
cab85505710c7cb9b720bceb52b01cee,02252,sao paulo,SP,Southeast,-23.478735509853422,-46.58823999999999,False
312ba1d77e9c332ef21f9598b7f64cd7,07179,guarulhos,SP,Southeast,-23.403703579884404,-46.41869442783772,False
8c3b533c63cca56240f94f1e3a6b18ef,31050,belo horizonte,MG,Southeast,-19.89924028642738,-43.89609975901671,False
1fdc574883ef3b33ad41562d93f3a74a,13480,limeira,SP,Southeast,-22.568539777461996,-47.40399225,False
9a03a4e9eb0b947652fae4f6121a3f5e,15805,catanduva,SP,Southeast,-21.124255389953248,-48.96369146142302,False
33cbda8716511e27e556dff9d8418bf2,89052,blumenau,SC,South,-26.890476164428648,-49.07396272009348,False
6cd68b3ed6d59aaa9fece558ad360c0a,31255,belo horizonte,MG,Southeast,-19.867817606562426,-43.94852442685679,False
3df020b72d3d44b3af9d110fa3940b65,15704,jales,SP,Southeast,-20.27920193737268,-50.55171984064756,False
537eb890efff034a88679788b647c564,20270,rio de janeiro,RJ,Southeast,-22.916610210369964,-43.218139148767925,False
89de2d6f23e9746ff309705b23581faa,86060,londrina,PR,South,-23.308984906745906,-51.17493375000001,False
c611f4ce9ce875bcc063fa97fd4d7d12,12944,atibaia,SP,Southeast,-23.109719092143244,-46.555536313341705,False
4be2e7f96b4fd749d52dff41f80e39dd,69900,rio branco,AC,North,-9.966531906178584,-67.81201523757863,False
3bfba5a77604f6dfae7e6dd7aaf65821,86046,londrina,PR,South,-23.347345247897678,-51.14819221284061,False
48fb026ed7455a42f5d3e9390ed5088e,27321,barra mansa,RJ,Southeast,-22.523764447929004,-44.18574753765758,False
0d33a55da925bbf1ff02af5f6059fc7f,05632,sao paulo,SP,Southeast,-23.59955457951985,-46.73574335789715,False
cea729054f157f5870bdd321a958d994,03161,sao paulo,SP,Southeast,-23.576609419931877,-46.56317152651616,False
955fee9216a65b617aa5c0531780ce60,04782,sao paulo,SP,Southeast,-23.69066643075192,-46.70396091563272,False
0f0c984a4a955310903b6b6008660bad,14403,franca,SP,Southeast,-20.554800970849215,-47.38774879492066,False
f805b96fa705ba7995a221f1749dc141,87013,maringa,PR,South,-23.42286327627144,-51.93746988348913,False
751bdc4d83a466c7206cd42e8f426b03,09405,ribeirao pires,SP,Southeast,-23.701077650008685,-46.40277952393566,False
2f4b0d3b9634b647d4edee577d7ebb7e,02310,sao paulo,SP,Southeast,-23.47325500276996,-46.60045392783772,False
ba5daa4041e1f15cdf34b76e3e18a450,04363,sao paulo,SP,Southeast,-23.647468222589325,-46.66668753595122,False
6e386f64c84e482f0b9abf960797ee1b,01539,sao paulo,SP,Southeast,-23.571578567026386,-46.62034739403609,False
83c465a786b06574376909b35ef6752a,13560,sao carlos,SP,Southeast,-22.015157387918624,-47.8899807119315,False
d93b8458c6fe139d85cfa5eadbf55bd2,02238,sao paulo,SP,Southeast,-23.47070333186535,-46.569348720119535,False
71592660bbcb6a4664e97b6f8b68babc,15055,sao jose do rio preto,SP,Southeast,-20.794381386384458,-49.365073821630226,False
6a53b90c3ad9e0b56d9fe5c69165fff5,82220,curitiba,PR,South,-25.366234762277134,-49.26850403504239,False
38f276ca6e7cc95a6d1bb55ac9e5550f,17520,marilia,SP,Southeast,-22.238692218708504,-49.92477708706745,False
eae9af4811c294c56795d70e715b7337,03060,sao paulo,SP,Southeast,-23.538986785042397,-46.58683739616018,False
039b29ff3b3473435d0cd59040575de9,09443,ribeirao pires,SP,Southeast,-23.680028837713888,-46.35001180763909,False
ac51cac5e20d69ff485a54746488ef48,14096,ribeirao preto,SP,Southeast,-21.20164654731953,-47.77544519816494,False
4221a7df464f1fe2955934e30ff3a5a1,48602,bahia,BA,Northeast,-9.40277511689584,-38.22193866488563,False
48e954b2da4f6a750c844173b347ed40,91740,porto alegre,RS,South,-30.10703336539898,-51.22328851737217,False
fc4751cfe3b279c419615b9b00c1abb4,86047,londrina,PR,South,-23.34835004995272,-51.168017976999124,False
e1a210d482714ce337763a19aef94ba4,85807,cascavel,PR,South,-24.9461937608548,-53.48799337649314,False
085f6f7e049c996695fb2074fe38d45e,12020,taubate,SP,Southeast,-23.02499883377845,-45.55767233310099,False
34675b28b826facfde119785bf287dc1,85802,cascavael,PR,South,-24.965460105048876,-53.467657278767,False
7d7866a99a8656a42c7ff6352a433410,01320,sao paulo,SP,Southeast,-23.55796144157196,-46.63944674770617,False
5a93f3ab0ef4c84ed5e1b5dbf23978bc,12250,monteiro lobato,SP,Southeast,-22.95510483451484,-45.83889267359648,False
64cc804291f90c81f02bfc2bb58ff55a,81250,curitiba,PR,South,-25.48045162876795,-49.34502041909517,False
5f57db27027655e6c6a391601daa0258,29138,viana,ES,Southeast,-20.37032901168785,-40.417935519185924,False
e1b12447a7563944843191754aeb5562,07145,guarulhos,SP,Southeast,-23.40578632944775,-46.49174968581568,False
2f3d8b4c9e2ee165075331fea3f3095a,88107,sao jose,SC,South,-27.578516641206754,-48.6685860635495,False
1fe5540d7c1c37a595fefbacd5570d9e,25850,paraiba do sul,RJ,Southeast,-22.163891870246356,-43.29252667123277,False
d3f39f05462b79a4562d35893a28f159,13730,mococa,SP,Southeast,-21.466532076639403,-47.00557160737685,False
528ce32f560edd11add4169f6a5b65be,18130,sao roque,SP,Southeast,-23.531314452755012,-47.134734519634726,False
b86a47b3366e3b5424a7b225781f4908,37900,passos,MG,Southeast,-20.720246178139476,-46.60574857249709,False
0176f73cc1195f367f7b32db1e5b3aa8,14940,ibitinga,SP,Southeast,-21.7575376839452,-48.82926174236043,False
01cf7e3d21494c41fb86034f2e714fa1,85603,francisco beltrao,PR,South,-26.047651219699567,-53.054291648942154,False
ceaec5548eefc6e23e6607c5435102e7,03821,sao paulo,SP,Southeast,-23.491818175513664,-46.50085965987643,False
c8771b1a10bb99bb34d3c459c5cffb53,36512,tocantins,SP,Southeast,-21.17237742610533,-43.021307373691904,False
2d42ebcda99fd55f6f4bc2f1ca035d50,76400,uruacu,GO,Central-West,-14.524558972222868,-49.14295729593409,False
e9bc59e7b60fc3063eb2290deda4cced,87083,maringa,PR,South,-23.388558065410336,-51.95459873939542,False
13d95f0f6f73943d4ceffad0fc2cd32c,74473,goiania,GO,Central-West,-16.621143422623334,-49.31855060387575,False
6f229cc508fc6915ed5c499efd93baa4,21931,rio de janeiro,RJ,Southeast,-22.80869071772756,-43.19674897238729,False
83f2b4881141ce3fcd4e985125d3279e,14055,ribeirao preto,SP,Southeast,-21.1563374088621,-47.82484589216119,False
c8c1bea22194a4eefa2dc9a9fa89f536,88210,porto belo,SC,South,-27.15563702829881,-48.57389559873464,False
b0b346d3a89f5eb4c2968af3f083cd43,13105,campinas,SP,Southeast,-22.886938021236055,-46.97865783040234,False
a0415d9b25ede3c4b1e477e9916ffc03,26255,nova iguacu,RJ,Southeast,-22.760715925464574,-43.45684789189784,False
3dfd3dc96f7f8598eca74e9ac8a2fa31,03343,sao paulo,SP,Southeast,-23.55960884624664,-46.56996710023142,False
e5545d4d4473876ea78c5bcebca365c3,17512,marilia,SP,Southeast,-22.161100945322865,-49.963594149316194,False
fa1a9dec3a9940c072684a46728bf1fc,88820,icara,SC,South,-28.71446764355558,-49.29936630175703,False
6ddc28b61be28373b4503a1f61cf98a9,03543,sao paulo,SP,Southeast,-23.535253094783304,-46.5153566462,False
c5ebe6598748b0aeaa61cfb820478b92,95910,lajeado,RS,South,-29.430069384604984,-51.9931906129226,False
5670f4db5b62c43d542e1b2d56b0cf7c,03694,sao paulo,SP,Southeast,-23.53691040966009,-46.476956695322855,False
e1c76f339ebd5460999f25a2aa8c92c5,03029,sao paulo,SP,Southeast,-23.53014316457964,-46.617544912430056,False
cb8bcce248bb1fb274ba762d8b971456,37540,santa rita do sapucai,MG,Southeast,-22.24757876689365,-45.70580649277439,False
6524b847b982cd56bb5d4b02b776ee42,13042,campinas,SP,Southeast,-22.956148032056092,-47.05032438891451,False
610f72e407cdd7caaa2f8167b0163fd8,01201,sao paulo,SP,Southeast,-23.53560101970684,-46.64974682292688,False
b6d44737c043328708f6749c2dbe50bd,09230,santo andre,SP,Southeast,-23.620078728836063,-46.528157177001006,False
972d0f9cf61b499a4812cf0bfa3ad3c4,88359,brusque,SC,South,-27.143863729700307,-48.95995049999999,False
8c91bfea4263b8fba54081460693e2a1,98920,horizontina,RS,South,-27.62725165781429,-54.31036613922779,False
38af8acfd46ac4a7bf754e8ca6736664,04364,sao paulo,SP,Southeast,-23.65038819317328,-46.670710499451744,False
d90fe2229fee1a5da999ccd0c06c1667,03416,sao paulo,SP,Southeast,-23.560907626421038,-46.55008955633974,False
75fdd0a732287f9497b179f6bd445d32,09350,maua,SP,Southeast,-23.68113547177626,-46.44449009285006,False
5b2e94f2c22b39ccc24d34ad0f669672,01214,sao paulo,SP,Southeast,-23.539089174303164,-46.64595381895961,False
9ac75591b69c3402684b6ce0310f22ee,02880,sao paulo,SP,Southeast,-23.46663345379131,-46.67261792638064,False
e5bd51692380fd8cabb19b756b95e714,09220,santo andre,SP,Southeast,-23.623908427875147,-46.53669959531232,False
cfb1a033743668a192316f3c6d1d2671,18110,votorantim,SP,Southeast,-23.54200252510253,-47.45638542518386,False
adcf50477d6a1f5d91bb9d54c4903cb5,35530,claudio,MG,Southeast,-20.44177374108617,-44.76617579262522,False
8476243f92442881ddd5b578975cf115,93700,campo bom,RS,South,-29.67745825880729,-51.059608185918165,False
f2336e113377dd21c744d9c4fc8293a9,03659,sao paulo,SP,Southeast,-23.521449211076785,-46.51128548757862,False
f25e239052084705e17a982bc600ab2a,01123,sao paulo,SP,Southeast,-23.52934877491485,-46.636433659587965,False
714b9a1332840f257b49f476bea4e341,15910,monte alto,SP,Southeast,-21.263922145371005,-48.49511599178632,False
89d9a386b0b6e5fc8403071b03f7206a,03103,sao paulo,SP,Southeast,-23.553917850210738,-46.61296609145076,False
bd15ee794d5e640d9dd71b665b2ab15b,14078,ribeirao preto,SP,Southeast,-21.139239815205883,-47.76686790452419,False
f326006815956455b2859abd58fe7e39,15601,fernandopolis,SP,Southeast,-20.29595508362805,-50.25352307457335,False
bac692d6c0ed08467878018e6cc9c26c,89041,blumenau,SC,South,-26.913287765071942,-49.112965752157066,False
6a51fc556dab5f766ced6fbc860bc613,17500,marilia,SP,Southeast,-22.21770077185643,-49.95097827814537,False
a90a5da8b09e44264a177c0374a5ac87,84010,ponta grossa,PR,South,-25.09401432889011,-50.160957435552675,False
ea6b12bf9ffe2bac34602ec631d97a47,07093,guarulhos,SP,Southeast,-23.457092893559935,-46.54183513589659,False
dc64d75cc406bb0697be983831430e60,31560,belo horizonte,MG,Southeast,-19.839906461278808,-43.974623268798,False
fa7ad8ae9bcb2c4493fdf38e96b1d74f,13920,pedreira,SP,Southeast,-22.74066190615492,-46.89617973391109,False
d1ef48b38baca7e831711c4a0aeb398f,86800,apucarana,PR,South,-23.553993611286685,-51.463398668122444,False
67e43d802fde8cfd3f9580124f8167d1,07062,guarulhos,SP,Southeast,-23.45965840161001,-46.55270073980034,False
f18112da765e0971ca5d510dec322bdd,88351,brusque,SC,South,-27.08572007826817,-48.915225947568295,False
259f7b5e6e482c230e5bfaa670b6bb8f,08550,poa,SP,Southeast,-23.522099175688137,-46.341354656673786,False
dd7ddc04e1b6c2c614352b383efe2d36,03471,sao paulo,SP,Southeast,-23.5658026295625,-46.51919181365937,False
f457c46070d02cadd8a68551231220dd,87047,maringa,PR,South,-23.415938335035317,-51.88744482632261,False
5962468f885ea01a1b6a97a218797b0a,82040,curitiba,PR,South,,,True
1f50f920176fa81dab994f9023523100,15025,sao jose do rio preto,SP,Southeast,-20.80630548951811,-49.38853543241744,False
2b1a40c1daabc6ca280c4b815c101841,35500,divinopolis,MG,Southeast,-20.14068469699654,-44.88742126797749,False
26b482dccfa29bd2e40703ba45523702,13450,santa barbara d oeste,SP,Southeast,-22.757682139732324,-47.41606380397923,False
f356c348fbc8df6a882823e21f5ce8b7,92025,canoas,RS,South,-29.92719899474854,-51.162162300182494,False
2ba91c7ad80ff88b23b7db823b43c233,13310,itu,SP,Southeast,-23.275140165795975,-47.306098271439296,False
3d0cd21d41671c46f82cd11176bf7277,89217,joinville,SC,South,-26.286651094839186,-48.872781699622045,False
d93919c944be9cff128f6c9cb899eacb,13375,mombuca,SP,Southeast,-22.92940931834325,-47.56319365342264,False
f7ba60f8c3f99e7ee4042fdef03b70c4,09628,sao bernardo do campo,SP,Southeast,-23.66148702746846,-46.56416174311855,False
0ee4fb99ac55ffbbc98795aa01b7f8fa,06539,santana de parnaiba,SP,Southeast,-23.465453672551583,-46.88075290768879,False
c5f7e746b7e6d07def6c0dae9903279b,81350,curitiba,PR,South,-25.50039868575736,-49.33545165889549,False
2d20f1cd18725c91147da0791d498022,86040,londrina,PR,South,-23.33895857827911,-51.13716395382448,False
002100f778ceb8431b7a1020ff7ab48f,14405,franca,SP,Southeast,-20.52922955337375,-47.41095767731975,False
70f84699be677ec988d1fa824aef7d90,35700,sete lagoas,MG,Southeast,-19.459433169463082,-44.24801919373313,False
5bc24d989e71e93c33e50a7782431b0e,37165,campo do meio,MG,Southeast,-21.10972978482283,-45.83060171622401,False
36f98ad67cc981f50ce8aed093d5783c,85904,toledo,PR,South,-24.711778225778158,-53.746740029578895,False
70ee69419916dc13e3aed619061f996c,08780,mogi das cruzes,SP,Southeast,-23.520329490183503,-46.17790885385722,False
6eb94e1466490d327a09abf8f3552a50,13219,jundiai,SP,Southeast,-23.1886549597496,-46.85177064355013,False
8ff1a9df749e454105c55cda13e79143,17509,marilia,SP,Southeast,-22.21254257784642,-49.94595684293508,False
c4fabeea6e569d42d02993bb1f4f1cbc,60741,fortaleza,CE,Northeast,-3.785486993883152,-38.54746177116394,False
5236605f4d4b0b3e4df85b850393fca0,03311,sao paulo,SP,Southeast,-23.545594445467103,-46.56366291092951,False
45c20d94d9171b0bcfab3c955e47d67b,13490,cordeiropolis,SP,Southeast,-22.48152784040473,-47.458816964493124,False
5bc237df65098fe211bb4818f4d26d78,38410,uberlandia,MG,Southeast,-18.95457692146108,-48.236806762767614,False
6a38087bc8ad4f89ff453561005f6dea,75123,anapolis,GO,Central-West,-16.341194249999997,-48.953972681787924,False
4e5725ba188db8252977a4f0227bd462,14092,ribeirao preto,SP,Southeast,-21.177056964755582,-47.767232134697736,False
e4f121bf6ef8b9a1d4d3e65dd0473fab,15085,sao jose do rio preto,SP,Southeast,-20.83620910796906,-49.386486745875466,False
eebb3372362aa9a46975164bed19a7e7,04578,sao paulo,SP,Southeast,-23.607606880204433,-46.69723022273188,False
2ec6e37d992a95eaddb3369dcbcc76d9,91310,porto alegre,RS,South,-30.04110926980252,-51.149480516100155,False
f84a00e60c73a49e7e851c9bdca3a5bb,20756,rio de janeiro,RJ,Southeast,-22.888973090888165,-43.30490420102135,False
e5a38146df062edaf55c38afa99e42dc,01233,sao paulo,SP,Southeast,-23.535170371083133,-46.66153616264639,False
80cfd480be3eb6d6267139f5cb793555,08223,sao paulo,SP,Southeast,-23.52697604292457,-46.47031501473913,False
62c50c1af4dfdc4149d25c5222043d39,04782,sao paulo,SP,Southeast,-23.69066643075192,-46.70396091563272,False
4de6e4ba574aa9dfdc824bc44dc47fdd,83402,colombo,PR,South,-25.34596960871168,-49.22255984665216,False
6548c2550b6e2d8f18053216e1c7b6f3,09920,diadema,SP,Southeast,-23.6824350839346,-46.62260956320334,False
f45122a9ab94eb4f3f8953578bc0c560,13419,piracicaba,SP,Southeast,-22.729385361792296,-47.641032113162936,False
7901646fdd36a55f564ffaf2dbccaaf7,20021,rio de janeiro,RJ,Southeast,-22.913044187893163,-43.17515549999998,False
6481e96574816ead57975da2c0f6d80d,18072,sorocaba,SP,Southeast,-23.434366167953648,-47.50938180467712,False
e8dba4d70f7f2b20e775d09cae01142d,13456,santa barbara d oeste,SP,Southeast,-22.757853092021755,-47.36911154235017,False
13e85aac53340018b40c2af68001b7e0,13920,pedreira,SP,Southeast,-22.74066190615492,-46.89617973391109,False
b6dc74ed30f124f95227bed4e43a3bed,86702,arapongas,PR,South,-23.39024472026485,-51.44794255178546,False
48436dade18ac8b2bce089ec2a041202,27277,volta redonda,SP,Southeast,-22.49921741909516,-44.12599654731952,False
f5f2ab9bdb6b30c14c61be68c5ed37da,13660,porto ferreira,SP,Southeast,-21.858792941863733,-47.47982718384467,False
8ed8ea9a57c862f2c18c2fe41f601d56,89030,blumenau,SC,South,-26.896663623925207,-49.08217870217236,False
c76d418370990614e89e956c7a7567d9,06787,taboao da serra,SP,Southeast,-23.62304984984708,-46.8010157269678,False
ceb7b4fb9401cd378de7886317ad1b47,22790,04482255,RJ,Southeast,-23.01564521426511,-43.45932989361249,False
ea846a0e7ad98a741783e886d89dfa44,16072,aracatuba,SP,Southeast,-21.20217206771887,-50.45811297890818,False
2c54051840f19eca309a5423cf22df36,81830,curitiba,PR,South,-25.5173900237727,-49.265360994864096,False
ee27a8f15b1dded4d213a468ba4eb391,74210,goiania,GO,Central-West,-16.692439016588764,-49.27778366492143,False
69b5eaa096c3f9d1e5c398c597f567d6,16200,birigui,SP,Southeast,-21.294270166927944,-50.34272175985954,False
5b92bfa4120daa27c574daa2e386c693,18070,sorocaba,SP,Southeast,-23.472848933666118,-47.48459631921051,False
1554a68530182680ad5c8b042c3ab563,37580,monte siao,MG,Southeast,-22.431010062149536,-46.57315634253028,False
fc38b5dceee1a730fad8853453437fbd,13073,campinas,SP,Southeast,-22.885055937272785,-47.06812421787178,False
152ee17e4c8aaf53dac99f3462e4999b,89248,garuva,SC,South,-26.03298226016748,-48.85280588459688,False
fac35d150712afb921ec59ac5f39bb11,38650,bonfinopolis de minas,MG,Southeast,-16.56589930418054,-45.98790645890594,False
04aa0a1c5ce6b222003403a3e11c3cc0,13150,cosmopolis,SP,Southeast,-22.642453857990034,-47.18996323777026,False
ede0c03645598cdfc63ca8237acbe73d,14092,ribeirao preto,SP,Southeast,-21.177056964755582,-47.767232134697736,False
1e47defeeadeca0e9a18fa5a9311e735,15800,catanduva,SP,Southeast,-21.13929376076849,-48.974045804330885,False
a7b7354cc588f7566a848bcbb1ce3d96,01215,sao paulo,SP,Southeast,-23.536198100467452,-46.64808511296093,False
ef0ace09169ac090589d85746e3e036f,24451,sao goncalo,RJ,Southeast,-22.829698641473442,-43.01542901343805,False
a7dc4098e4da6e41b426269d12ae7e91,04386,sao paulo,SP,Southeast,-23.66361325867046,-46.65549658214558,False
918717417d88a9f9ae9735567e6c7682,05547,sao paulo,SP,Southeast,-23.593296048848742,-46.77108499056492,False
26f6b7ab07be3e9e69ce82a6552efc19,21070,rio de janeiro,RJ,Southeast,-22.843425268031975,-43.28254501581018,False
cad9969167c09b48ae6f1d123f7fa68d,37706,pocos de caldas,MG,Southeast,-21.84566586507617,-46.56275581632215,False
7c4adcc13272c0e26fa23aac642adb7b,24725,sao goncalo,RJ,Southeast,-22.81042763711536,-42.97619364142002,False
f19516b9ff26bfeb091b30108db4ddbd,13160,artur nogueira,SP,Southeast,-22.573781891885808,-47.16622822963837,False
ed8cb7b190ceb6067227478e48cf8dde,11015,santos,SP,Southeast,-23.952754791563265,-46.31934037898898,False
97e50a621f8e801f4baf69e08687c192,04209,sao paulo,SP,Southeast,-23.588647572959548,-46.60032987621902,False
562f8cfc51f265411f487d07e9c40e7f,30575,belo horizonte,MG,Southeast,-19.974901464048763,-43.97167305303234,False
a21c11ec5c3f03e7cc9f9203bff9e1c6,06513,santana de parnaiba,SP,Southeast,-23.460834248883017,-46.91388846675164,False
97e4a63591ca439a2b8b7efd20e6e19e,20520,rio de janeiro,RJ,Southeast,-22.92557168443071,-43.233529505684146,False
07017df32dc5f2f1d2801e579548d620,58030,joao pessoa,PB,Northeast,-7.115302072620606,-34.85550394927579,False
52092ddbd3a58c450a4459bf051b2287,17300,dois corregos,SP,Southeast,-22.368710686030212,-48.38518266794165,False
1a8e2d9c38b84a9702ac7922924b0573,89245,araquari,SC,South,-26.404043466370574,-48.7570362127667,False
f1198c871e0171278b63f40d112caeec,01220,sao paulo,SP,Southeast,-23.54447196058631,-46.64647349999999,False
87142160b41353c4e5fca2360caf6f92,90230,porto alegre,RS,South,-30.00839962559865,-51.20140165805877,False
a0e19590a0923cdd0614ea9427713ced,83075,sao jose dos pinhais,PR,South,-25.533339867939226,-49.09002591825843,False
289cdb325fb7e7f891c38608bf9e0962,31570,belo horizonte,SP,Southeast,-19.8071987817279,-43.98105782833689,False
11305281b50fff20ae8bb473f8e11876,36500,uba,MG,Southeast,-21.11815987053089,-42.94381278060808,False
723a46b89fd5c3ed78ccdf039e33ac63,93310,"novo hamburgo, rio grande do sul, brasil",RS,South,-29.684453505628895,-51.13776850496588,False
d9b00a97818674c7f8d8b1ef0e689679,84035,ponta grossa,PR,South,-25.109382356715052,-50.152652778139384,False
9d681c7e12db302cb261e721040dde65,80330,curitiba,PR,South,-25.470015066333886,-49.3056982872641,False
c7bb64409aa480bb7d0335faaaf3d242,89218,joinville,SC,South,-26.27296463617987,-48.86074316985976,False
bb7ad8a45c027be8ab075b8e465f8ca0,88056,floranopolis,SC,South,-27.420845510416008,-48.42560984471118,False
8a207b6080964f3c1fc9d35bd6096ba4,15155,jaci,SP,Southeast,-20.88513443518137,-49.57165655226015,False
fa1c13f2614d7b5c4749cbc52fecda94,13170,sumare,SP,Southeast,-22.822175394252426,-47.27079203619061,False
bf100ecb7997df312b285358fb32f92c,83070,sao jose dos pinhais,PR,South,-25.517403556466142,-49.12582699056494,False
3504c0cb71d7fa48d967e0e4c94d59d9,09350,maua,SP,Southeast,-23.68113547177626,-46.44449009285006,False
164a5a8794e6d42e14f55e447b12a3bc,85980,guaira,PR,South,-24.085551215965108,-54.25095463528506,False
de09d00cfc265b8804c7df34075a68fa,02118,sao paulo,SP,Southeast,-23.51526342936693,-46.59291223327074,False
638cba8be1fb599bbb76fd6948351eb3,12242,sao jose dos campos,SP,Southeast,-23.20036901970684,-45.90765713754865,False
2f73e04d12cdf0c945ded66bb3fcf6c7,29313,cachoeiro de itapemirim,ES,Southeast,-20.833712925888264,-41.154738145682046,False
fbc14c0cf93505ef89f64665ffa4a7b5,14150,serrana,SP,Southeast,-21.207683490245184,-47.60106892082852,False
c3ee2331a724e6fc02c4b698b57a73f3,05108,sao paulo,SP,Southeast,-23.5091525291419,-46.75830543102605,False
e9874ae10b2d60d43917b6bbfa13a599,86604,rolandia,PR,South,-23.31810479041477,-51.39085312255022,False
df47da4ae86fa4db890d05aaf24e21d8,04360,sao paulo,SP,Southeast,-23.640866019392615,-46.66340019882084,False
ddd51ae8cda92f3995a51fc0f0f3eec7,23062,rio de janeiro,RJ,Southeast,-22.903818621703508,-43.59938318694088,False
e644cbadf7eeb30d0d29f335ce7d52ec,03029,sao paulo,SP,Southeast,-23.53014316457964,-46.617544912430056,False
2bdb95a56a36ebbc6640337ac5eac174,04054,sao paulo,SP,Southeast,-23.616195317790982,-46.641565322047065,False
34d1ca11b242c0fee2c834ae8d788566,36415,congonhas,MG,Southeast,-20.50508386116108,-43.85703271436147,False
324583d68897f5ddbaf38f6248322176,15046,sao jose do rio preto,SP,Southeast,-20.769657744241357,-49.38743709161738,False
96493fab2fbb13a14d0c0e8772eef5c3,05537,sao paulo,SP,Southeast,-23.58668452220267,-46.735000388636244,False
d4ffeb15b67e81ff9af2b4252d99fb7e,12943,atibaia,SP,Southeast,-23.128136528997672,-46.569299265191326,False
b5d034ac251546e25afe9067f05c1539,06852,itapecerica da serra,SP,Southeast,-23.70653144827205,-46.85834264654624,False
8a1ff5c35f6595a73fef4c7b96e4908a,83091,sao jose dos pinhais,PR,South,-25.64774351148683,-49.1753719726532,False
a150c540f572d0fb53992264bc5c10b5,18035,sorocaba,SP,Southeast,-23.501121810159262,-47.46189567035264,False
7c1fea10b5b006671d608b1d7c446ec4,18550,boituva,SP,Southeast,-23.284932167194903,-47.67223169113112,False
b6e1504972665f739dec4facb9943775,13405,piracicaba,SP,Southeast,-22.70928658782974,-47.66552445822037,False
f76a3b1349b6df1ee875d1f3fa4340f0,03275,sao paulo,SP,Southeast,-23.582203669715536,-46.545995231750254,False
99eaacc9e6046db1c82b163c5f84869f,14400,franca,SP,Southeast,-20.538381578035423,-47.40113942210402,False
8603f0038fe0e52fedd3382d266723de,88495,garopaba,SC,South,-28.029840261509012,-48.6232941268394,False
d98eec89afa3380e14463da2aabaea72,90010,porto alegre,RS,South,-30.033445500000003,-51.231177,False
ab75b89cc49c9ab3160d0c91565a442a,17604,tupa,SP,Southeast,-21.94329665187231,-50.51630484349323,False
08084d990eb3f53af056ccbc1730c8a7,03612,sao paulo,SP,Southeast,-23.517796552181295,-46.53577180536962,False
d85efbc8eff2b7adf524e2820569adc8,05268,sao paulo,SP,Southeast,-23.436174122396,-46.78957768581569,False
23613d49c3ac2bd302259e55c06c050c,13660,porto ferreira,SP,Southeast,-21.858792941863733,-47.47982718384467,False
87d3c3aeb3ead335511b3ce315eb341e,03059,sao paulo,SP,Southeast,-23.540644482514853,-46.59160702192855,False
93b9a99027bd8bd6af682aff18dd19bf,07600,mairipora,SP,Southeast,-23.32257937996993,-46.58965251832185,False
0bf0150d5b9d60d9cd2906003332f085,01547,sao paulo,SP,Southeast,-23.58268123282691,-46.6207750896474,False
7ecef8194babfec876ca720714327841,13041,campinas,SP,Southeast,-22.91979508301533,-47.05754439264363,False
87b4428a334b8f676fd9a7f3bf544fb5,16480,guaimbe,SP,Southeast,-21.910334312353815,-49.89635295278301,False
30829ded4523ab9224b93bc49a62c95f,95360,parai,RS,South,-28.5968385,-51.78768707600384,False
dcb7367a92f5ffb89f1e2152ed260285,17700,osvaldo cruz,SP,Southeast,-21.79623788022635,-50.878564018265436,False
513a54369b6a8a6602fcb0e129c6d78d,09862,sao bernardo do campo,SP,Southeast,-23.701067223440365,-46.58330510811352,False
5075aaa8404020ae6aa8bf4792099b41,37706,pocos de caldas,MG,Southeast,-21.84566586507617,-46.56275581632215,False
d354c38a7182125a748cb10474fe963b,28495,aperibe,RJ,Southeast,-21.624931753985283,-42.10430741824038,False
4be9ae93c4fc0f41713d71a4194ee1b3,35500,divinopolis,MG,Southeast,-20.14068469699654,-44.88742126797749,False
e0487761face83d64fcada2408959a36,01021,sao paulo,SP,Southeast,-23.542808668330554,-46.63213975243804,False
9996ae921c50e8dff411ac69c0b4bb8b,17605,tupa,SP,Southeast,-21.93537162845423,-50.52471584901834,False
c3cfdc648177fdbbbb35635a37472c53,80610,curitiba,PR,South,-25.469291841026635,-49.28936984917429,False
c8cc60ffd415254af5d9b9f34f32c369,18053,sorocaba,SP,Southeast,-23.501092452680464,-47.518431750000005,False
1ce3ae5a399804d1a87e706f8a813c3e,88715,jaguaruna,SC,South,-28.622748386275823,-49.024816766594256,False
5f26c1408a65b42a7224cd463bdf3292,86707,arapongas,PR,South,-23.42474812938231,-51.432735733794914,False
e59e575a175fadcadf8479e191770425,26210,nova iguacu,RJ,Southeast,-22.757814514446654,-43.44998644170391,False
2138ccb85b11a4ec1e37afbd1c8eda1f,08250,sao paulo,SP,Southeast,-23.5397205,-46.43633556480467,False
83d458c0d6d4f94295d63f091460bd60,29101,vila velha,SP,Southeast,-20.343484323590918,-40.28563243983277,False
ef30892870c278497523264be1be2241,14801,araraquara,SP,Southeast,-21.791151858733887,-48.1822903695269,False
d5b9a084373da994a6e37f732169a853,09182,santo andre,SP,Southeast,-23.69757799437929,-46.53024266527213,False
e9c2dc0dd4ac38448289be644ac94f42,89210,joinville,SC,South,-26.333538885551757,-48.83676323036527,False
fe87f472055fbcf1d7e691c00b1560dc,13085,campinas,SP,Southeast,-22.791891588662267,-47.082897198809675,False
5a32c398a06c345440bf2a683b017ad3,21070,rio de janeiro,RJ,Southeast,-22.843425268031975,-43.28254501581018,False
f46490624488d3ff7ce78613913a7711,07194,guarulhos,SP,Southeast,-23.44269901748514,-46.50598985294135,False
4d0041cdbe51b4617d95c70b19decc74,36052,juiz de fora,MG,Southeast,-21.74688072300768,-43.345923543020376,False
db46ca7bce82b11f7e247539271fc390,23080,rio de janeiro,RJ,Southeast,-22.89907521288013,-43.56525673951188,False
ad420dd0c4f92f8af951ac24b86d0cf5,38230,fronteira,MG,Southeast,-20.27965488526202,-49.20293852175597,False
e8b4225284fbb02d16f200513f1f395d,14960,novo horizonte,SP,Southeast,-21.469266757787494,-49.22265180189844,False
f61c63d13f7cd800549d5acdd390ae72,18185,pilar do sul,SP,Southeast,-23.81270960564428,-47.7191963474456,False
054694fa03fe82cec4b7551487331d74,15840,itajobi,SP,Southeast,-21.315083880643037,-49.055422248617774,False
dc50afafdfa325eadc890c7fa42a8f4e,87050,maringa,PR,South,-23.428368805599472,-51.91804867774496,False
376d67b61dce0c990155286e7ae486a4,04815,sao paulo,SP,Southeast,-23.70450980107326,-46.691358379969934,False
7994b065a7ffb14e71c6312cf87b9de2,29142,cariacica / es,ES,Southeast,-20.36188480741004,-40.37336932267029,False
a9415cf907dfa12f9ed18693244f5329,36320,prados,MG,Southeast,-21.056445661910637,-44.08045751223295,False
b7d5b4b87af9d42b601865d3f3810bff,88020,florianopolis,SC,South,-27.594550853144888,-48.5442262002188,False
7315baebc0572ff220d226283dc66728,13560,sao carlos,SP,Southeast,-22.015157387918624,-47.8899807119315,False
4125d9385a25e82d2f72d3a0fd55bc3f,11065,santos,SP,Southeast,-23.965874528997677,-46.34150751526344,False
c8b0e2b0a7095e5d8219575d5e7e1181,08598,itaquaquecetuba,SP,Southeast,-23.46653054537708,-46.32471112247595,False
38102b031c2a15e54623d711bfc753d3,62170,mucambo,CE,Northeast,-3.9056539251047337,-40.74550799712108,False
160e4f13fd3a64b1b86807be88b5ffb0,83409,colombo,PR,South,-25.374841294005286,-49.182483836945316,False
8ccf3cf69651cc1d8a02c8bfaf3b8568,13504,rio claro,SP,Southeast,-22.392665048156225,-47.57888451865112,False
391fc6631aebcf3004804e51b40bcf1e,14940,ibitinga,SP,Southeast,-21.7575376839452,-48.82926174236043,False
33cbbec1e7e1044aaf11d152172c776f,95705,bento goncalves,RS,South,-29.155295522072976,-51.514627506313886,False
da03c298e3999e9d828591fc2179d109,04041,sao paulo,SP,Southeast,-23.6014475291419,-46.64391741618097,False
49383af7ab774e4e8f3000f49c83dc4b,12080,taubate,SP,Southeast,-23.02363775880336,-45.550090599504244,False
8a2d12a90e92f012ce5226fc6592b653,81210,curitiba,PR,South,-25.443410323330905,-49.32942299999999,False
52956b80ae65fda598f06f6b9943e7a9,87050,maringa,PR,South,-23.428368805599472,-51.91804867774496,False
762ed976527cddf02787edba70fffa2a,86026,londrina,PR,South,-23.303877496249083,-51.1532553055573,False
7994081388d55b9cf976c050653dd359,01244,sao paulo,SP,Southeast,-23.55027193117028,-46.66073891106945,False
585175ec331ea177fa47199e39a6170a,39400,montes claros,MG,Southeast,-16.722788783513188,-43.863532010083105,False
e59aa562b9f8076dd550fcddf0e73491,82810,curitiba,PR,South,-25.43713426105805,-49.211675788432736,False
e84ad2127668df3aafc6b73531a0beb8,04613,sao paulo,SP,Southeast,-23.619525380518198,-46.66580285507016,False
1a6245add4353f18ed55138808906979,09694,sao bernardo do campo,SP,Southeast,-23.671093823316095,-46.581069719422274,False
e9779976487b77c6d4ac45f75ec7afe9,11701,praia grande,SP,Southeast,-24.008581329681114,-46.419632758540544,False
6b90f847357d8981edd79a1eb1bf0acb,07152,guarulhos,SP,Southeast,-23.404648044405334,-46.469704736049415,False
48328ec9a579151d9cc6a86d4a59336c,92310,canoas,RS,South,-29.91616490230251,-51.18825417914563,False
73a63f72308aa20a46f4b1632018f196,82510,curitiba,PR,South,-25.39991397196895,-49.240479897003226,False
f62d7bb4a613ec758a03342d46b580b2,36570,vicosa,MG,Southeast,-20.75524698892788,-42.88108571377279,False
252e76235acb79183cfca6e34f13337d,13090,campinas,SP,Southeast,-22.887913065497166,-47.037989244589994,False
7c5b05cbdb5542049f38d90d7815b97d,05201,sao paulo,SP,Southeast,-23.405748496249085,-46.74144558280015,False
db4350fd57ae30082dec7acbaacc17f9,03126,sao paulo,SP,Southeast,-23.581171477350143,-46.59177792905652,False
845e8036c3f7bf62099352f5ed910240,21041,rio de janeiro,RJ,Southeast,-22.868282587021685,-43.25105304619436,False
712efd3b68f9686dc856b84abd0f21ae,82130,curitiba,PR,South,-25.379519711062457,-49.27644379670356,False
3364a91ec4d56c98e44174de954b94f6,76804,porto velho,RO,North,-8.765998858024522,-63.89325965174008,False
b00af24704019bd2e1b335e70ad11f7c,40130,salvador,BA,Northeast,-13.001764707448965,-38.52861913419698,False
4324dd16853115efb0fd9d0d131ba6f4,13720,sao jose do rio pardo,SP,Southeast,-21.600640143482465,-46.89389524375571,False
0a198e95d32b1be2da9424c962a6ebfa,32260,contagem,MG,Southeast,-19.95753577173048,-44.04046785333411,False
d1a1b40ec554c593a1a99366746289dd,85501,pato branco,PR,South,-26.22580808081601,-52.674226842242085,False
55a5b51f93f2b70ea513f5a047b0262a,36301,sao joao del rei,MG,Southeast,-21.124499653824117,-44.24873268229288,False
6426d21aca402a131fc0a5d0960a3c90,14091,ribeirao preto,SP,Southeast,-21.18967775449953,-47.78726046419301,False
8a432f4e5b471f8da497d7dc517666e2,19042,presidente prudente,SP,Southeast,-22.135551923910477,-51.37130923154315,False
da3fede3469bf49b7293ce3fc45b294d,08743,mogi das cruzes,SP,Southeast,-23.55483964597439,-46.21578894889225,False
c092292535a57dacd95a8765f5518f87,26600,paracambi,RJ,Southeast,-22.614378649331478,-43.70741627206806,False
20a8b0dc55da94fe74d112082427c84f,13312,itu,SP,Southeast,-23.258682252939348,-47.350557977744494,False
bfd27a966d91cfaafdb25d076585f0da,13930,serra negra,SP,Southeast,-22.611133020325088,-46.70321704400641,False
fadb07c842a2aef5d5a676b85f220e71,15052,sao jose do rio preto,SP,Southeast,-20.76122606901442,-49.35951812085739,False
6b15924333bd1a741595fe981ea04822,09541,sao caetano do sul,SP,Southeast,-23.62003247100232,-46.56389282653356,False
1c83418358f249c9d6affa52d579db0e,01420,sao paulo,SP,Southeast,-23.56496201637429,-46.656248516374276,False
04e38a233f726ef161074ab1c9b0399a,01239,sao paulo,SP,Southeast,-23.54733835540133,-46.65572302706443,False
1b4b28463457a256e9a784ebe2a8f630,13418,piracicaba,SP,Southeast,-22.723704062727204,-47.63064220191586,False
db7ed69a53aa9fb1c01930ba54a88bbe,13820,jaguariuna,SP,Southeast,-22.695130561746257,-46.98754063827643,False
f664f98bfda2eaf266a23ff144e7a872,04001,sao paulo,SP,Southeast,-23.5725492783773,-46.652270657510506,False
7ade73f1b9b4e965f9009a4c3a7e2c15,17051,bauru,SP,Southeast,-22.330872954469477,-49.10050727240467,False
a369d693961cb93b61ca2cc518872a85,15081,sao jose do rio preto,SP,Southeast,-20.844222715885405,-49.36333671738873,False
fb8904a8ea99f8831b64ce27db2c1765,09550,sao caetano do sul,SP,Southeast,-23.618214713918395,-46.5511737336257,False
2ef086a599b597572aca4433b7ed6b3d,89256,jaragua do sul,SC,South,-26.481041085463534,-49.06152026337365,False
134285d1f41da5c13a756ee8142c8a4e,02523,sao paulo,SP,Southeast,-23.505382377329873,-46.655437500000005,False
9ed65337433adfbedefd23dd76eaa494,05462,sao paulo,SP,Southeast,-23.558662016374285,-46.704564741531556,False
aec99834ab5d38ead22766ada8497e87,83411,colombo,PR,South,-25.327035609941472,-49.14814890452838,False
b8578d2d823bd8e251f6fdd02b40902d,89069,blumenau,SC,South,-26.79356751967201,-49.092656585240434,False
d9d43faf741ceaa8da52fdbb81d9e0e3,36010,juiz de fora,SP,Southeast,-21.763649567574635,-43.346038803364266,False
964ff64dc05b13811c6d0f41e0aa5f6b,04154,sao paulo,SP,Southeast,-23.62938599639332,-46.62155794255291,False
96e5dc09087bad639b4ee193104ec2e5,28660,bom jardim,RJ,Southeast,-22.1569217974254,-42.41863431872449,False
24c1de8d9551c0b4fbc53317d53efda8,58385,serra redonda,PB,Northeast,-7.186463650746749,-35.681185608683194,False
0336182e1b3e92f029d5354832045fdf,14940,ibitinga,SP,Southeast,-21.7575376839452,-48.82926174236043,False
c03121937e54a93fcc1825c3098bbb6e,82800,curitiba,PR,South,-25.434459117223987,-49.22660864513806,False
b87a7ea0c30fad2dd6781b74a0064859,04133,sao paulo,SP,Southeast,-23.61988085429048,-46.61784924409308,False
84c945f15571830c1a91a33978e94009,02851,sao paulo,SP,Southeast,-23.459835677765614,-46.69165044546709,False
2d378dbb39815785238c0139c7647fb7,89240,sao francisco do sul,SC,South,-26.243743866157825,-48.62541642824716,False
0b0ddbc7b9d9584f442c7ac92b0ff6c9,07052,guarulhos,SP,Southeast,-23.473379069248082,-46.554106444976625,False
51209b446b2073894bdc0face6c73ffc,29104,vila velha,ES,Southeast,-20.367728917966403,-40.316825506778,False
5996cddab893a4652a15592fb58ab8db,19010,presidente prudente,SP,Southeast,-22.122786203303598,-51.38625583189678,False
aa8af66c623d7d544dfe4bb85b5ebe3b,32672,betim,MG,Southeast,-19.93774468581569,-44.17352858021235,False
1690cada046eb7e92c12f98b1f8a8167,01303,sao paulo,SP,Southeast,-23.549143871775623,-46.64896199945174,False
385799a1cddbd26dfeb9157356a42282,04676,sao paulo,SP,Southeast,-23.670241218708505,-46.68608015306711,False
42b729f859728f5079499127a9c2ef37,03910,sao paulo,SP,Southeast,-23.58511267055225,-46.51531241854688,False
556a6409838156ea299c9d1f9e2dde43,81200,curitiba,PR,South,-25.43691051067581,-49.33321284717839,False
179d859f51292aac5c10806a356f7af9,09411,ribeirao pires,SP,Southeast,-23.718276869553915,-46.39542204717531,False
934ed5cd1b9c1c7382d0a94a94b9e639,81070,curitiba,PR,South,-25.479157744277394,-49.30123606803939,False
be3b4b0f050a6aa1b2d901c4b77e979f,84430,imbituva,PR,South,-25.229957016699487,-50.60312215134704,False
6806dad1da97bfb5a9038eac6881f706,83280,guaratuba,PR,South,-25.88189704986116,-48.58099739928745,False
94231344608e603693b0a8891143f65d,91520,porto alegre,SP,Southeast,-30.067437834583632,-51.16753402804539,False
446cc09cdbb130904da114e807dbec40,05615,sao paulo,SP,Southeast,-23.58716301471518,-46.71700714604354,False
47efca563408aae19bb7206c2d969ea9,64033,teresina,PI,Northeast,-5.142543589263656,-42.75525344103827,False
00ab3eff1b5192e5f1a63bcecfee11c8,04164,sao paulo,SP,Southeast,-23.628449970165597,-46.60887375,False
71271995e85f5b8530be99ed54a91b89,91360,porto alegre,RS,South,-30.020304849717178,-51.15296732418196,False
a435b009cd956ea60748b5cfbddf2e24,14406,franca,SP,Southeast,-20.536536498721546,-47.43366787318517,False
11938fcc75f6902fea1d0a6f72b54a57,89900,sao miguel d'oeste,SC,South,-26.73213943120558,-53.51894866080006,False
9b76ad3d04236f76bc71c59470305e13,18550,boituva,SP,Southeast,-23.284932167194903,-47.67223169113112,False
d7ab82074b5f1dfba46db123df101bff,12941,atibaia,SP,Southeast,-23.12082608175103,-46.5412789777252,False
9c0e69c7bf2619675bbadf47b43f655a,12230,sao jose dos campos,SP,Southeast,-23.225423322782643,-45.88740164446877,False
94d76e96eedd976258cd3278ce56d5f2,18132,sao roque,SP,Southeast,-23.521078528228543,-47.14041822093022,False
52f976b17ea7f2f087f56dcc419328f6,86820,california,PR,South,-23.664487718254676,-51.356924224561155,False
4e326052e5dbba8adcd512f3450a307e,08020,sao paulo,SP,Southeast,-23.505100306711903,-46.44155196058632,False
3586b8580d9c917874e053a1bb37b5ff,14802,araraquara,SP,Southeast,-21.773343179713187,-48.18070598550117,False
6edacfd9f9074789dad6d62ba7950b9c,07135,guarulhos,SP,Southeast,-23.423345999999995,-46.526974045934566,False
52831e5990d0771cb4951d6f12928167,17600,tupa,SP,Southeast,-21.93411021822908,-50.51434562981472,False
9e7c5f4d7770eab65738cca38f9efccf,02562,sao paulo,SP,Southeast,-23.486858193173287,-46.67394941548847,False
4677a5437afda5fa7140b927b07be1cc,84920,japira,PR,South,-23.81240937522637,-50.141028479421664,False
3e8bd881d92466e63ba9e3e809cd3c50,20751,rio de janeiro,RJ,Southeast,-22.88372670955729,-43.304106818627695,False
4a1917ef994878940e1fb03eeb787ad7,70610,brasilia,DF,Central-West,-15.789323746581008,-47.91128271960153,False
334cab711dee080b079fa5779b584783,09190,santo andre,SP,Southeast,-23.67489222786944,-46.53867996829014,False
9dd59e43f0c9f0553244e8f9c2fb247e,85851,foz do iguacu,PR,South,-25.541912750857023,-54.585401584609116,False
ccf8813e5a7d6c84d865cd38bfc2b130,12080,taubate,SP,Southeast,-23.02363775880336,-45.550090599504244,False
8d956fec2e4337affcb520f56fd8cbfd,09780,sao bernardo do campo,SP,Southeast,-23.715338459057104,-46.53676501255544,False
e5a3438891c0bfdb9394643f95273d8e,13483,limeira,SP,Southeast,-22.560974279602355,-47.44743947974489,False
f9f68daa2af419d38f745478bcb3da1a,13180,sumare,SP,Southeast,-22.835544452623218,-47.163964982370615,False
138dbe45fc62f1e244378131a6801526,02215,sao paulo,SP,Southeast,-23.490987747157924,-46.58363230974089,False
5058e8c1e82653974541e83690655b4a,08583,itaquaquecetuba,SP,Southeast,-23.439372900065763,-46.38137772162925,False
cd2169d9f31ff6fbb9ca3373b0c9e354,28633,nova friburgo,RJ,Southeast,-22.23539340610906,-42.527195922306525,False
15aec03fe4cf30dfa574cf550f5ff5ff,21862,rio de janeiro,RJ,Southeast,-22.86424247766742,-43.46671371813158,False
9674754b5a0cb32b638cec001178f799,04438,sao paulo,SP,Southeast,-23.676313138496155,-46.67010280274346,False
c161d1327ebc3a156c09582ab2f59f6c,03521,sao paulo,SP,Southeast,-23.547788685267435,-46.519144185117774,False
4d232b78ab7ef10393dc3807d827bc0d,30120,belo horizonte,MG,Southeast,-19.918535989644838,-43.94178054252989,False
23ff42c4bf1f8f16cddb19d8b972974a,37975,itau de minas,MG,Southeast,-20.74428957756417,-46.75100706558504,False
d3dcf0604eabf0224fbd5948b5e02f69,03654,sao paulo,SP,Southeast,-23.52550723126717,-46.517127270471455,False
49067458c68f7701fd334ce326accbe0,36050,juiz de fora,MG,Southeast,-21.734927674995653,-43.348948757103614,False
dfa0c4c6229ab200a4a1336b4d7128ff,88085,florianopolis,SC,South,-27.607503039125227,-48.59312660866177,False
35281d148dcf7134bae913c57db4e6da,05171,sao paulo,SP,Southeast,-23.476720610046748,-46.74961071572221,False
76833248bbc0e65a0293ec62023e4396,16200,birigui,SP,Southeast,-21.294270166927944,-50.34272175985954,False
48e5ee06fb2dc74df1c711a9b6dfac2a,35540,oliveira,MG,Southeast,-20.697291843832605,-44.82882761749469,False
2cb6eb1b7185064167657fa09f541105,34710,sabara,MG,Southeast,-19.880347849760902,-43.903966586389885,False
0f7eea709efdf942b5f95c7516dbacd7,19865,pedrinhas paulista,SP,Southeast,-22.81448526713484,-50.7913278915386,False
54583ab379489add547fe47b628db589,09810,sao bernardo do campo,SP,Southeast,-23.719581526337358,-46.56591345274897,False
51e0557bc7b86de13e946c60ee91ce39,31510,belo horizonte,MG,Southeast,-19.814838233423696,-43.96567519900168,False
0bebbb2cea103a4a020c95d43fd7d754,02515,sao paulo,SP,Southeast,-23.51025413849616,-46.65776977324141,False
9da1ca0bef29ee170e541927a5aeabdc,15500,votuporanga,SP,Southeast,-20.41987067661276,-49.973165459442534,False
6c7d50c24b3ccd2fd83b44d8bb34e073,19025,presidente prudente,SP,Southeast,-22.09935431355367,-51.407177277106136,False
3faf68a3b0af94b10bac70d86077be49,13825,holambra,SP,Southeast,-22.635229489958714,-47.05252304287613,False
05feb94f19d094d4b0f9281f0b1d4c99,08752,mogi das cruzes,SP,Southeast,-23.5437471615734,-46.262070227610494,False
f650a9708fa1bab22bdd8d3a818cc415,88901,ararangua,SC,South,-28.941620889157768,-49.497129769764996,False
5cbbd5a299cab112b7bf23862255e43e,83324,pinhais,PR,South,-25.425232732442744,-49.18931295920135,False
07d75e33f2750d97d467fb57e4dfdd8a,02117,sao paulo,SP,Southeast,-23.519811525535225,-46.59376134339034,False
8a8835a43bda99fd37310ad76c457510,09540,sao caetano do sul,SP,Southeast,-23.624999496537548,-46.56683961122971,False
ca3bd7cd9f149df75950150d010fe4a2,04361,sao paulo,SP,Southeast,-23.643620067718864,-46.66251227546312,False
323ce52b5b81df2cd804b017b7f09aa7,03306,sao paulo,SP,Southeast,-23.544522280568376,-46.57575084485543,False
ebd1417732defaf66c50b5a800eb293e,86047,londrina,PR,South,-23.34835004995272,-51.168017976999124,False
76ea5315acb3f5f7ade3cd261faf922a,04213,sao paulo,SP,Southeast,-23.59256570774424,-46.60299545337296,False
4b1eaadf791bdbbad8c4a35b65236d52,14092,ribeirao preto,SP,Southeast,-21.177056964755582,-47.767232134697736,False
4cc43a222a0f94910728b62b97a8c5f8,14026,ribeirao preto,SP,Southeast,-21.216210904524203,-47.821546823475146,False
bc503e244f187939d10c92a5c8e378ce,16200,birigui,SP,Southeast,-21.294270166927944,-50.34272175985954,False
b6f52e346160519c24a23af05410ad32,01254,sao paulo,SP,Southeast,-23.54336992700101,-46.681446058572256,False
70125af26c2d6d4ef401a1d02ae7701f,74435,goiania,GO,Central-West,-16.6650381348812,-49.30509735882637,False
c84592044b180dec206770c38603814b,01026,sao paulo,SP,Southeast,-23.539439503750906,-46.632953890394745,False
1caf283236cd69af44cbc09a0a1e7d32,26020,nova iguacu,RJ,Southeast,-22.734900364547862,-43.45082350637783,False
ba90964cff9b9e0e6f32b23b82465f7b,07140,guarulhos,SP,Southeast,-23.429089461697163,-46.49697612135725,False
5e9f5bd34e0830569f05c9d4f56e04a8,90560,porto alegre,RS,South,-30.019171091999013,-51.205673250000004,False
15fa791d5e017f66402dc28c44480657,03307,sao paulo,SP,Southeast,-23.54686552553522,-46.57399623001903,False
20d83f3ef0e6925fd74bfd59170babf7,02804,sao paulo,SP,Southeast,-23.483258596586637,-46.69814895433957,False
59417c56835dd8e2e72f91f809cd4092,13480,limeira,SP,Southeast,-22.568539777461996,-47.40399225,False
a13580f0e8f782b7a543885a0ef99f08,22790,rio de janeiro,RJ,Southeast,-23.01564521426511,-43.45932989361249,False
ccada0ef508e698917a6eab263375905,85948,pato bragado,PR,South,-24.626037294730494,-54.225560365341394,False
4bde6149c15cf7e177b36fa060dd6de8,99500,carazinho,RS,South,-28.288710481076787,-52.79146350624379,False
fe1bbc5feda5c8979a8a1b3b2512d5a6,38680,arinos,MG,Southeast,-15.912649548537917,-46.106104138674354,False
23a0ffca143a15b9b5bbdb7d552f626a,13520,sao pedro,SP,Southeast,-22.550726964218583,-47.90644541490654,False
32b8764b4ef628b53608fc34011fcc13,88504,lages,SC,South,-27.821606285460756,-50.343999047810016,False
e7df4cd29ab5abab70fb0783ddb53987,04122,sao paulo,SP,Southeast,-23.603187216486816,-46.62104071051421,False
0432ead42b6c8a0bdf68154add917fdf,09320,maua,SP,Southeast,-23.659546568959623,-46.44193067387047,False
7e959205cebc10adefcb331f934238a4,01223,sao paulo,SP,Southeast,-23.54386352207278,-46.6485429970858,False
2a261b5b644fa05f4f2700eb93544f2c,13660,porto ferreira,SP,Southeast,-21.858792941863733,-47.47982718384467,False
f680f85bee2d253556ac91be391d2c82,06365,carapicuiba,SP,Southeast,-23.553529657642272,-46.85011303786877,False
3785b653b1b82de85ab47dd139938091,85640,ampere,PR,South,-25.91926249551429,-53.47350476229,False
d379f449f2a3b271bc01c0782020f705,35500,divinopolis,MG,Southeast,-20.14068469699654,-44.88742126797749,False
7ea5bfa6c340f58f8e71fc1f0412b0d6,30180,belo horizonte,MG,Southeast,-19.926858626478957,-43.94614212271561,False
dc120d932ddf9d4dfb6fd68beefda622,83010,sao jose dos pinhais,PR,South,-25.543616071325555,-49.18256358811821,False
6902157ee16728322d61a1321fa79e58,01026,sao paulo,SP,Southeast,-23.539439503750906,-46.632953890394745,False
f3041c2e75ec683697a6a5ea82192210,35680,itauna,MG,Southeast,-20.077226252917765,-44.577050723018736,False
c54679b132454625907c773d273d4126,11443,guaruja,SP,Southeast,-23.98102677713655,-46.204418818483475,False
d26aa40b90272d4843d63be7c1462c8d,03065,sao paulo,SP,Southeast,-23.536699323619366,-46.57921229297438,False
a2fa0bdc798ee84cdb08281337cf4fb6,88063,florianopolis,SC,South,-27.683990554402996,-48.49016108838016,False
bd697db56ff8e7c9cd1abeb7f72029b2,03533,sao paulo,SP,Southeast,-23.54394711019097,-46.517422699001656,False
2aafae69bf4c41fbd94053d9413e87ee,91901,porto alegre,RS,South,,,True
483ca627d131e18f988349b1655c0acd,13800,mogi mirim,SP,Southeast,-22.437271614428184,-46.96576593924567,False
1a3df491d1c4f1589fc2b934ada68bf2,89224,joinville,SC,South,-26.26398024091118,-48.805319320338384,False
e81e1f9c3e762e620f3fb60a51499e16,89520,curitibanos,SC,South,-27.290209139974166,-50.57755286955393,False
4170f6a9367e6b5d6401d03ce6d54569,71906,brasilia df,DF,Central-West,-15.83098670198842,-48.01102633505107,False
4e480be820e37de1444325ff358c9296,37410,tres coracoes,MG,Southeast,-21.69448512017128,-45.25794378743439,False
6560211a19b47992c3666cc44a7e94c0,05849,sao paulo,SP,Southeast,-23.652773685541565,-46.75565722807146,False
3da38366e7bd9baf6369071f782ecdf0,60346,fortaleza,CE,Northeast,-3.7237049261786197,-38.58981411844307,False
e3e290b38963293022cdcd6db8328103,01403,sao paulo,SP,Southeast,-23.569223343052077,-46.653812740839065,False
70b52a4cfc823994561b00bad161b4ed,02727,sao paulo,SP,Southeast,-23.49766724562872,-46.68565145282469,False
c1552b1dab6e6f760950368ae61fb600,12215,sao jose dos campos,SP,Southeast,-23.18477010528232,-45.87292242117262,False
596849622429351f47b32e6cae1055ff,08710,mogi das cruses,SP,Southeast,-23.52323657802531,-46.19443689775291,False
e6ffc9ac6a7adc9d16a1cfc2286dd546,02565,sao paulo,SP,Southeast,-23.48631542714524,-46.66821484401871,False
bf0045791395e66460eb04749c68672a,04256,sao paulo,SP,Southeast,-23.62961231668013,-46.591846975389544,False
718539d38d07dd351c76db862760e2e2,13088,campinas,SP,Southeast,-22.859269749060594,-47.03818834612936,False
b76f4d90e85657a240495c876313adc5,13185,hortolandia,SP,Southeast,-22.89359467763827,-47.1734224428414,False
979e9f8b5b39dd243a2550c8b05aecf0,04160,sao paulo,SP,Southeast,-23.625852663887155,-46.61139748251486,False
22a23e5ac7061fc538cc2a019afaaf16,30310,belo horizonte,MG,Southeast,-19.94775053733622,-43.92900339494492,False
0b90b6df587eb83608a64ea8b390cf07,87025,maringa,PR,South,-23.38233922852509,-51.92907277817959,False
9200e6ce317b67196b6b0bad4d4bd567,20771,rio de janeiro,RJ,Southeast,-22.88631916457965,-43.27870687593055,False
4c60877808f4318ef1107fbeb8f89afa,12940,atibaia,SP,Southeast,-23.114263976686477,-46.5534280320561,False
3bb32fedaa74e4ad20f4ce067733bd31,88210,porto belo,SC,South,-27.15563702829881,-48.57389559873464,False
ae8bfdbf1c2a2a2dee92d799db0a31c6,85900,toledo,PR,South,-24.728834559652103,-53.73952215240398,False
1927cdb9fa74f5270097f6250e8e8f34,17511,marilia,SP,Southeast,-22.18007191840267,-49.95682470962953,False
8a87611c08849ffeeccab52aa798b6c7,82940,curitiba,PR,South,-25.456823224181633,-49.21758088474276,False
679769a98cfcc6da877c8486ff1c13f3,35162,ipatinga,MG,Southeast,-19.469807308904176,-42.563225713024345,False
acf974e4d5950ad143a247471b831eb9,95059,caxias do sul,RS,South,-29.11502729696833,-51.12507248624766,False
20a7efa9721046319bdde5d60b6b5365,88790,laguna,SP,Southeast,-28.479076566630944,-48.78236159501343,False
febab0275244b9a49a623f0bd613ca2f,13920,pedreira,SP,Southeast,-22.74066190615492,-46.89617973391109,False
f3da5b2ff499efb8d4a6d371d175d7dd,02407,sao paulo,SP,Southeast,-23.48466958974936,-46.62433059824575,False
436bf27f2f18474fc6047702e9f8a866,13041,campinas,SP,Southeast,-22.91979508301533,-47.05754439264363,False
d2f3e277560ed4c6361284429b00f037,12942,atibaia,SP,Southeast,-23.12191794754457,-46.56115568176768,False
cd843d4cf8ef32827de0396605163ba3,36071,juiz de fora,MG,Southeast,-21.772849107475963,-43.3141013997144,False
67883baaae6134ee81b271a542613728,01310,sao paulo,SP,Southeast,-23.560629789889838,-46.65726094364944,False
7dc9a3355bae96dd82008b313d3a456c,36213,dores de campos,MG,Southeast,-21.110120948661383,-44.02263780972573,False
05e107217c7266362fd44b75b2cd4cc4,05353,sao paulo - sp,SP,Southeast,-23.5606005,-46.75110547557136,False
1acde099eb406aa220b1169b188b42da,02532,sao paulo,SP,Southeast,-23.500071162502174,-46.65453784297998,False
d97df38225e5abadaff1e72cb72b823c,09560,sao caetano do sul,SP,Southeast,-23.63303747033521,-46.55427782445607,False
45213867cefbf2cd4c6177e10216a951,13603,araras,SP,Southeast,-22.34951259827352,-47.39940066642275,False
61b893c57e33626afb104d4112b1be76,37142,divisa nova,MG,Southeast,-21.510052441187778,-46.1963366640179,False
a420f60ff1aa9acc80d0e42959f2b313,05138,sao paulo,SP,Southeast,-23.485253731057767,-46.73411899985577,False
ff4ea69c2a729e83e63c7579e4ef8170,07071,guarulhos,SP,Southeast,-23.453507891756594,-46.56658201244619,False
fa5fdc4e4bb6bd1009ad0e4ac4096562,09111,santo andre,SP,Southeast,-23.67234862254022,-46.490120925760486,False
916748bc99315c2d202898ae58b1617e,18040,sorocaba,SP,Southeast,-23.506028078264777,-47.470331520409715,False
bc2ac6b95e1accce9858528ee566c17e,13085,campinas,SP,Southeast,-22.791891588662267,-47.082897198809675,False
25debeafbce801fdd479539350185eee,17350,igaracu do tiete,SP,Southeast,-22.51566383123489,-48.56330837719695,False
02c988090b766852e088c69d7fb3b551,13473,americana,SP,Southeast,-22.719931023482893,-47.3076671410641,False
e5f9e61ceb5f523cc966e0f34095032f,88353,brusque,SC,South,-27.123951821906935,-48.91266839617876,False
ad97a199236354e53fcd91a5a913e9a2,88350,brusque,SC,South,-27.098303887180645,-48.91703554256308,False
3606774ec64634822d78dc2db6d37045,09510,sao caetano do sul,SP,Southeast,-23.61496848903572,-46.571593500000006,False
94165aea8a35c3c21499cbcae239b16c,38412,uberlandia,MG,Southeast,-18.94813868929247,-48.3085861520679,False
c8665a4dd081a2c436b1cd921079d0d9,14750,pitangueiras,SP,Southeast,-21.0102347813769,-48.21909380016152,False
c7dcd301ecfe5ab7f778ac172cf74be7,30120,belo horizonte,MG,Southeast,-19.918535989644838,-43.94178054252989,False
6c17baf138731a4aaacc3210adf2037b,14400,franca,SP,Southeast,-20.538381578035423,-47.40113942210402,False
50c361bcf670d16f6df4d52de3dff924,04131,sao paulo,SP,Southeast,-23.607240181516527,-46.61806343935025,False
32e5635e63cb374eb63afdd242fb6134,22451,rio de janeiro,RJ,Southeast,-22.978671878570623,-43.235282934488495,False
c1f12f926d0ba950578b4fa41115cbb6,04317,sao paulo,SP,Southeast,-23.64343065779897,-46.63309128518663,False
8602a61d680a10a82cceeeda0d99ea3d,01001,sao paulo,SP,Southeast,-23.549951273933896,-46.63402699777831,False
c3acdfac4e3e97ff87529454fbc03642,05705,sao paulo,SP,Southeast,-23.625763186248385,-46.7214808148768,False
fde0cc9ea29c8ccfc0a2c22256a58c71,81650,curitiba,PR,South,-25.493531621559278,-49.23601867647244,False
e63e8bfa530fb16910dd6956e592bb81,07160,guarulhos,SP,Southeast,-23.41113356050551,-46.448843181098155,False
c4f7fee5b0db50e87766f5a4d1b1b758,18085,sorocaba,SP,Southeast,-23.4712518373536,-47.4358717456287,False
d7485b33791774c36108f8c69602d48d,81020,curitiba,PR,South,-25.491433055225386,-49.286456400389,False
515d781150feed28a6ac091bb0e3cb8c,79090,campo grande,MS,Central-West,-20.47595921842005,-54.649373400369264,False
e908c0f3646e8b60375734a350d95d71,01226,sao paulo,SP,Southeast,-23.538546419095155,-46.65306456994057,False
2646baaf662d4d92ac48f047e35db92d,03303,sao paulo,SP,Southeast,-23.545167024698507,-46.58721178071312,False
13fa2a6c6b9d0f43cb588d7c82117a12,03567,sao paulo,SP,Southeast,-23.53941291257429,-46.48879160352587,False
5343d0649eca2a983820bfe93fc4d17e,09270,santo andre,SP,Southeast,-23.63873352899768,-46.49168494670784,False
7c9130f5f3729edd32aa059141d92484,17400,garca,SP,Southeast,-22.211087266224773,-49.65643572275734,False
e4ebd3f87bf70440014f07ddda7fbe03,19470,presidente epitacio,SP,Southeast,-21.7714005,-52.114059000000005,False
33a17d60c64393351ebf1ef860f4e0f2,91510,porto alegre,RS,South,-30.071033871844985,-51.17769504763547,False
640e21a7d01df7614a3b4923e990d40c,14940,ibitinga,SP,Southeast,-21.7575376839452,-48.82926174236043,False
d57e18d5f73c7ccb7f7339b61166898d,03613,sao paulo,SP,Southeast,-23.51918316333405,-46.53362576353223,False
dd2bdf855a9172734fbc3744021ae9b9,31255,belo horizonte,MG,Southeast,-19.867817606562426,-43.94852442685679,False
9d213f303afae4983637247556438ede,14940,ibitinga,SP,Southeast,-21.7575376839452,-48.82926174236043,False
aadfe0417e61315688b6bd7043361e25,74340,goiania,GO,Central-West,-16.724168229439215,-49.30611593519207,False
079d295dcbf06ee8bb1b65ba964eb2b6,02124,sao paulo,SP,Southeast,-23.50596583126541,-46.57781476715322,False
55c26bcb609f480eb7868594245febb5,14910,tabatinga,SP,Southeast,-21.736670106758545,-48.68785503413496,False
cbf09e831b0c11f6f23ffb51004db972,09726,sbc/sp,SP,Southeast,-23.6868469114491,-46.56158498222641,False
7fdb0720c8d7c9075538b365dc8c3a22,85904,toledo,PR,South,-24.711778225778158,-53.746740029578895,False
933446e9a59dece7ae9175103820ca8f,81730,curitiba,PR,South,-25.508273530461327,-49.227027158679135,False
3f8247d0f772ffa58560e5c682521ad5,89211,joinville,SC,South,-26.332242200981113,-48.849008880661074,False
e46bc031f2c5bae4ccb40bb90712e9b4,05174,sao paulo,SP,Southeast,-23.47483179378497,-46.742167948381294,False
4aba391bc3b88717ce08eb11e44937b2,45816,arraial d'ajuda (porto seguro),BA,Northeast,-16.48911667656967,-39.07495703788814,False
fcba71d4d5db057f43249145e4eb1e27,13481,limeira,SP,Southeast,-22.59992917902069,-47.40885355251318,False
c747d5b92c7648417faea95d36d763e8,61800,pacatuba,CE,Northeast,-3.9613230432233024,-38.615487434759956,False
715bbd5ba4e6b74cb0d2f29eb45058b0,13930,serra negra,SP,Southeast,-22.611133020325088,-46.70321704400641,False
1430239a858e7682bbc43b20758af153,04087,sao paulo,SP,Southeast,-23.609960329721872,-46.66065474140166,False
bb7a14e229b1c95156719c3d9552eeee,23095,rio de janeiro,RJ,Southeast,-22.871380499999997,-43.55823905371378,False
d598f929fc44e1e38678e7f47250ec04,73801,formosa,GO,Central-West,-15.54190547821569,-47.33692092576026,False
edc518ba25576a0188a0e8f2c3af186f,07023,guarulhos,SP,Southeast,-23.477533637531373,-46.54274482507647,False
4c18691b6037662be2df78a765d98ab5,03167,sao paulo,SP,Southeast,-23.55679656928062,-46.59530758881068,False
8f2b51a30523cdecddc2f179f351c7d6,04833,sao paulo,SP,Southeast,-23.74346109345541,-46.70656406387475,False
6b536a23086fba0d58c08d68814397f6,24346,niteroi,RJ,Southeast,-22.954565112818976,-43.02902426878563,False
95f83f51203c626648c875dd41874c7f,37564,borda da mata,MG,Southeast,-22.27231000494808,-46.16574284372653,False
6b243f80ed07b10f0e8aa0f21a205f3c,81825,curitiba,PR,South,-25.525200896177147,-49.27336169000509,False
e7f3bf1ecd8526eb7f3b18059e6716e5,11680,ubatuba,SP,Southeast,-23.441534748542907,-45.07770739869582,False
4d600e08ecbe08258c79e536c5a42fee,85988,entre rios do oeste,PR,South,-24.70190875307913,-54.2435539144552,False
2089a6d640999f9b9141ac719b2af596,13566,sao carlos,SP,Southeast,-22.000085329447742,-47.88717369219233,False
2a167ca73899c85001a837d8fb4962f6,37540,sao paulo,SP,Southeast,-22.24757876689365,-45.70580649277439,False
458c6fa920810ce2492da71bc26d9eec,15813,catanduva,SP,Southeast,-21.129182204596862,-49.01634047380748,False
7494d0dcba8551df6cf37f1b905dc2f7,11013,santos,SP,Southeast,-23.93855797571648,-46.32490908992154,False
698f5fa55a5f73d0740e9d9a773e8093,20751,rio de janeiro,RJ,Southeast,-22.88372670955729,-43.304106818627695,False
4f0d637c1197fd65405ebd755ac9f86b,06768,taboao da serra,SP,Southeast,-23.607693000000005,-46.75265774999998,False
3969863bb8af7f72580b3b1ffd3a17b3,03550,sao paulo,SP,Southeast,-23.531428840620443,-46.50715580044672,False
2a5b78b41cd05baeac8df54c6606b92c,35570,formiga,MG,Southeast,-20.46221963845293,-45.431378530536534,False
1f7dfad2cb384ea4d2d7e1ffbd78c407,01139,sao paulo,SP,Southeast,-23.52061764308379,-46.664233546745976,False
08f5819815f3d06545011850bd70f0a8,11075,santos,SP,Southeast,-23.955168288937543,-46.33825949705917,False
b32be1695eb7ec5f10f72d9610a12527,95012,caxias do sul,RS,South,-29.17296103392495,-51.210133405996174,False
b94cc9f10ddc85e4ba73a6f7974e7101,27930,macae,RJ,Southeast,-22.403121820975446,-41.815321255831336,False
53243585a1d6dc2643021fd1853d8905,42738,lauro de freitas,BA,Northeast,-12.894841198667141,-38.339099858948224,False
6df688df543f90e9b38f4319e75a9d88,31230,belo horizonte,MG,Southeast,-19.898164897022387,-43.95629457438397,False
7f40d06aa0b5f1aa4f41af8c0480e2ef,13506,rio claro,SP,Southeast,-22.390349999999955,-47.55009280056565,False
dd88d13bea9e4c2bf47daf224f8141e5,95900,lajeado,RS,South,-29.459346175152117,-51.96742939659699,False
72c38a04bd6a1c3dbc5298425a0db86d,85804,cascavel,PR,South,-24.986287256188955,-53.49424601610016,False
9e17b9d64683aebcbb9ee362d06463b4,14020,ribeirao preto,SP,Southeast,-21.20253542048014,-47.802165836386976,False
b5bb2b985208834bd5bd86c7a402bbad,95800,venancio aires,RS,South,-29.610418370210443,-52.19287514646905,False
b1fecf4da1fa2689bccffa0121953643,79107,campo grande,MS,Central-West,-20.432532946437732,-54.67222397573968,False
7b1222c3624aa89b9558b50a2594188c,15041,sao jose do rio preto,SP,Southeast,-20.790737253631956,-49.41956290374445,False
e595809a6c31ec4314fd06ef198c244d,88370,navegantes,SC,South,-26.890706548832252,-48.65136153015745,False
ba6b68b55fe8704377a7d43c8e5c0185,30130,belo horizonte,MG,Southeast,-19.931885057172952,-43.933404301676504,False
b8114f2f589a6804810f04f99b36b498,09633,sao bernardo do campo,SP,Southeast,-23.65421623147612,-46.56687347668647,False
83d7070a0b9a8b4625fa8682b819fabb,06717,cotia,SP,Southeast,-23.606872072162275,-46.9172517395448,False
570d4583587a5fe2d47c7be89b91ad27,02220,sao paulo,SP,Southeast,-23.490426556898825,-46.57900668665242,False
9591fc341b1bfb7ef561e2968ec6e011,04456,sao paulo,SP,Southeast,-23.68628969663574,-46.67818540310198,False
0af977692321d895349eded183341d28,11070,santos,SP,Southeast,-23.955238813203355,-46.34502053788447,False
b33aaadd1a8891d2dfef0c4c3bdf0371,13481,limeira,SP,Southeast,-22.59992917902069,-47.40885355251318,False
5d9dc90a686a8fddacffab6bab5653a3,06513,santana de parnaiba,SP,Southeast,-23.460834248883017,-46.91388846675164,False
cc80e2f693fa6e2408f47ccf62413fc1,81050,curitiba,PR,South,-25.490001510259013,-49.30177853009011,False
dee656f0f566ed1aa85bd137c943f08f,12701,cruzeiro,SP,Southeast,-22.577927804605014,-44.961712701807365,False
ace601496e211a664100321f038f50af,02372,sao paulo,SP,Southeast,-23.45982634482442,-46.62487625264005,False
d673a59aac7a70d8b01e6902bf090a11,14940,ibitinga,SP,Southeast,-21.7575376839452,-48.82926174236043,False
966cb4760537b1404caedd472cc610a5,09920,diadema,SP,Southeast,-23.6824350839346,-46.62260956320334,False
d4a5e99e0dd915df64ba55a7fbd583fd,05041,sao paulo,SP,Southeast,-23.523895623925213,-46.69355152553521,False
6bcb2352a2a0c38b845f598298ab9d26,87050,maringa,PR,South,-23.428368805599472,-51.91804867774496,False
2c2c9832d1bb38c5b0034a3b47d313ee,97050,santa maria,RS,South,-29.689541169827116,-53.798252845966275,False
f3b80352b986ab4d1057a4b724be19d0,71200,brasilia,DF,Central-West,-15.800121324065874,-47.95964620509277,False
b452cb0ae35044c4a53179c39f49fb06,18047,sorocaba,SP,Southeast,-23.52470220843672,-47.464498618057085,False
0307f7565ff85b299b6e5ef162b1b1a9,15085,sao jose do rio preto,SP,Southeast,-20.83620910796906,-49.386486745875466,False
ffeee66ac5d5a62fe688b9d26f83f534,15130,mirassol,SP,Southeast,-20.815586999999997,-49.50746551808157,False
3bfad056cf05c00dabe2f895925d83b1,06033,osasco,SP,Southeast,-23.561014866365603,-46.777825935815684,False
9aa388272ee334b6ae07bc73706e254a,36886,muriae,MG,Southeast,-21.13583158992412,-42.39941124430466,False
74bafed391319577bce6f4d2acc0589a,01311,sao paulo,SP,Southeast,-23.56546074577294,-46.65160504854359,False
2b03ac196f5ed62ac483960fe0fa3b65,02510,sao paulo,SP,Southeast,-23.513303713572625,-46.65187287029016,False
0b64bcdb0784abc139af04077d49a20e,92420,canoas,RS,South,-29.886199513994036,-51.1760332456287,False
0bfd0b434243adc5c2e1aa6baf19c6aa,22745,rio de janeiro,RJ,Southeast,-22.93546623160602,-43.333497908046546,False
92d14edfb62ee5ae7fdff70b0f4e7233,09810,sao bernardo do campo,SP,Southeast,-23.719581526337358,-46.56591345274897,False
5e105f5c9f63f5f1fd75d6cb942e55b1,15076,sao jose do rio preto,SP,Southeast,-20.8331968117829,-49.35207353557372,False
2fb25ab44bdbeae6a4d816e0d0c9d500,27274,volta redonda,RJ,Southeast,-22.50942021655572,-44.13013000468719,False
ed4311e67debd72b8610a5347a743087,07170,guarulhos,SP,Southeast,-23.433337854838737,-46.43689725,False
5bf397d04035b5f45cc41e82ec106803,04144,sao paulo,SP,Southeast,-23.61802942131686,-46.63733406841136,False
f9bbdd976532d50b7816d285a22bd01e,05319,sao paulo,SP,Southeast,-23.538147684704846,-46.72715283964742,False
e3e15e2c0b9700561efac21c6be48066,05315,sao paulo,SP,Southeast,-23.53373316675405,-46.731321848462095,False
a5bff0f43eb51f0cad7c37fac7244c8a,04827,sao paulo,SP,Southeast,-23.7214351157309,-46.70162370330085,False
f52c2422904463fdd7741f99045fecb6,09230,santo andre/sao paulo,SP,Southeast,-23.620078728836063,-46.528157177001006,False
14f2b3587172b9db894c9bad8dab520b,95240,ipe,RS,South,-28.81946523772965,-51.28037568374776,False
1354d51653f645349064725ed204e85e,01230,sao paulo,SP,Southeast,-23.53678982653355,-46.65780402331353,False
eaaa46e98c9e61f6764dd1d7a2ab8b3e,59775,messias targino,RN,Northeast,-6.079277221816363,-37.51449013025185,False
5b664594895aefb418afaee6d40a9a23,25750,petropolis,RJ,Southeast,-22.335424226866657,-43.129077960980375,False
bf00385a5f7fc1ef39a13c2e9ee50a5f,01224,sao paulo,SP,Southeast,-23.54167247821568,-46.65236222925442,False
391bbd13b6452244774beff1824006ed,13082,campinas,SP,Southeast,-22.845301429559346,-47.10321588787578,False
c714262700f93defc16bf17a51a4cb23,02751,sao paulo,SP,Southeast,-23.49086675787552,-46.68137673105775,False
bcd2d7510d58e293f20fad6438c1b314,81540,curitiba,PR,South,-25.46654619338596,-49.221651193375294,False
ec4608a1f76453166bb312b2968aeaf4,13660,porto ferreira,SP,Southeast,-21.858792941863733,-47.47982718384467,False
5c603ffb38cbbf25a0e0698941324143,37004,varginha,MG,Southeast,-21.56107228796411,-45.43291617775222,False
2bd05d410a8fd26dc4184a15f4f2f588,31130,belo horizonte,MG,Southeast,-19.8921396017082,-43.94229006688214,False
4dab98ca6cd6d3df586203cefd28a042,91150,porto alegre,RS,South,-30.005704529659635,-51.11824658742572,False
293dee954235e4e4e43f129313625ebe,72125,brasilia,DF,Central-West,-15.814855357177535,-48.06751850223198,False
cd68562d3f44870c08922d380acae552,14050,ribeirao preto,SP,Southeast,-21.17129873550116,-47.82272128697564,False
082e0bf4cb865a6533b1e8e498cc0255,18608,botucatu,SP,Southeast,-22.866896598389985,-48.46035823635395,False
c286ec035ee04ba81c97508f0b5df544,81320,curitiba,PR,South,-25.476261143572373,-49.31920502469851,False
dd8a29ce82d5c705ba932d81494600a5,08220,sao paulo,SP,Southeast,-23.537728078827367,-46.46539542614886,False
41da412d33e8da4f22baf55cb1bde82c,29260,domingos martins,ES,Southeast,-20.36329861291717,-40.65951846538821,False
782f78b632a43875dd5b53e3e49c9564,13030,campinas,SP,Southeast,-22.92481964304751,-47.0738605646412,False
28405831a29823802aa22c084cfd0649,03644,sao paulo,SP,Southeast,-23.52615779719832,-46.53320479564185,False
fe19dce63ae80346207c6c55713d1023,38010,uberaba,MG,Southeast,-19.748034834380746,-47.93631867538386,False
a67780aba9dd436e7ac0aa1f889e73ec,19027,presidente prudente,SP,Southeast,-22.11261394641203,-51.42129393535142,False
d594982fd877af63ace38ea1fca27c76,01031,sao paulo,SP,Southeast,-23.542371579262422,-46.6351406195225,False
dda37071807e404c5bb2a1590c66326f,03282,sao paulo,SP,Southeast,-23.587029539413688,-46.54553659866411,False
5bc55dbe2f12b6af6d83ed46023e0dc8,35170,coronel fabriciano,MG,Southeast,-19.50730968446171,-42.62947172695782,False
b1b3948701c5c72445495bd161b83a4c,03390,sao paulo,SP,Southeast,-23.592259362196334,-46.5257516274436,False
4e92348462c75b6c842b994ce84a0ed4,94930,cachoeirinha,RS,South,-29.94894240011326,-51.10741576534022,False
6e13dd869aa7185f601c941423abcc8f,05311,sao paulo,SP,Southeast,-23.52865571301003,-46.74063816847478,False
723cd880edaacdb998898b67c8f9da30,14940,ibitinga,SP,Southeast,-21.7575376839452,-48.82926174236043,False
00ee68308b45bc5e2660cd833c3f81cc,03333,sao paulo,SP,Southeast,-23.556314060651182,-46.56847065168213,False
1fbe10c70e30765ed1de86d9f7e98409,09320,maua,SP,Southeast,-23.659546568959623,-46.44193067387047,False
001e6ad469a905060d959994f1b41e4f,24754,sao goncalo,RJ,Southeast,-22.872243012846617,-43.02754228867966,False
685b870da5b52a710782c9c0fefbeb5b,09820,sao bernardo do campo,SP,Southeast,-23.742218146834702,-46.5536906332284,False
701938c450705b8ae65fc923b70f35c7,15014,s jose do rio preto,SP,Southeast,-20.819907909408798,-49.3769851197318,False
f3862c2188522d89860c38a3ea8b550d,14092,ribeirao preto,SP,Southeast,-21.177056964755582,-47.767232134697736,False
f5f1f2c5f923f36ad79ea1d07185ddc9,19820,taruma,SP,Southeast,-22.749160586087907,-50.57904104264557,False
cf8ab1616079e2793aa29d524df01bb1,04088,sao paulo,SP,Southeast,-23.605763459057098,-46.66110236649551,False
160851d3ece7aa1a510f8d1a4bb8a8af,17400,garca,SP,Southeast,-22.211087266224773,-49.65643572275734,False
61c36f0fc4a47f9532e5512b66668e62,07043,guarulhos,SP,Southeast,-23.4845788148768,-46.55184692574133,False
59b22a78efb79a4797979612b885db36,38414,uberlandia,MG,Southeast,-18.917140499999995,-48.33115456134222,False
553a440137d6e0cf776aee0bb83ac9f5,13481,limeira,SP,Southeast,-22.59992917902069,-47.40885355251318,False
ea8482cd71df3c1969d7b9473ff13abc,04160,sao paulo,SP,Southeast,-23.625852663887155,-46.61139748251486,False
72bc2cce903c872fe376a8faaa81d237,04693,sao paulo,SP,Southeast,-23.6782431776101,-46.69063152744468,False
65c255b299faf2d12050937cc219c46c,03060,sao paulo,SP,Southeast,-23.538986785042397,-46.58683739616018,False
f09e26011d833ddab11593c1a097a92a,13632,pirassununga,SP,Southeast,-22.013539307459784,-47.415400941175676,False
72c73be2b085b9d57650dd53eb2004c9,02116,sao paulo,SP,Southeast,-23.51906498112988,-46.58460977393391,False
c2bda99904207edd1834f03e0022b007,08280,sao paulo,SP,Southeast,-23.56025281085175,-46.47317066292054,False
3d4824f20035949c710eaf111f869d39,18015,sorocaba,SP,Southeast,-23.502578618599745,-47.43233400152923,False
042573af89b6d931f672efaf789d8358,18015,sorocaba,SP,Southeast,-23.502578618599745,-47.43233400152923,False
5b925e1d006e9476d738aa200751b73b,04567,sao paulo,SP,Southeast,-23.612431913411,-46.69071017069648,False
06bb3a2fe5e7b7a845b13e8fb91bd944,31844,belo horizonte,MG,Southeast,-19.839018195669112,-43.915014796829055,False
5f5a58930c3c35f3b5af264f34fb8c85,14020,ribeirao preto,SP,Southeast,-21.20253542048014,-47.802165836386976,False
fe2032dab1a61af8794248c8196565c9,13030,campinas,SP,Southeast,-22.92481964304751,-47.0738605646412,False
3092c0b297aacfb4bb6e056ebe13b9b8,07402,aruja,SP,Southeast,-23.396386133360267,-46.31496431706806,False
c004e5ea15737026cecaee0447e00b75,02035,sao paulo,SP,Southeast,-23.495812658621357,-46.62243722641233,False
8629a7efec1aab257e58cda559f03ba7,74223,goiania,GO,Central-West,-16.708392801044454,-49.26760801849514,False
1c56ffe0e9dea2657fc6e95b53f40b13,13575,sao carlos,SP,Southeast,-22.033843669715534,-47.909276889405,False
74a9b9bddf14ece02beb81f52c41a88d,01156,sao paulo,SP,Southeast,-23.52994970053087,-46.66461041701768,False
1cbd32d00d01bb8087a5eb088612fd9c,03363,sp / sp,SP,Southeast,-23.563020314898214,-46.539274128224385,False
850857dfac77488c307e2b1cbd84ab5a,85802,cascavel,PR,South,-24.965460105048876,-53.467657278767,False
e0a366315b1b726b6c7832d664c0f530,02258,sao paulo,SP,Southeast,-23.47623536441803,-46.58208868797982,False
4049512728d969bec69f84088b012416,30310,belo horizonte,MG,Southeast,-19.94775053733622,-43.92900339494492,False
120476eb7a04c149d14772edaf5d9bf2,23954,angra dos reis,RJ,Southeast,-23.011975992596632,-44.538120704328804,False
cd6efc47efaabf134f8bdb654e10b4f1,23050,rio de janeiro,RJ,Southeast,-22.906012271591266,-43.56728365029714,False
2a7c6c0b0d5efde2bf75ec1e1cec2d41,87015,maringa,PR,South,-23.428203593320013,-51.95907151638488,False
4e17c65a516f69d023a2ae78b84f28d6,08673,suzano,SP,Southeast,-23.538169445720584,-46.31813007658905,False
a8739afb32aaa45e01815ca76f76f54b,09850,sao bernardo do campo,SP,Southeast,-23.72660126431488,-46.580070208785166,False
d4828feed4cda2cd9d6b37899a95a71e,63020,juzeiro do norte,CE,Northeast,-7.214509587793548,-39.311397815828265,False
e3d3b3efac954a60d61be70b7e05b49b,03370,sao paulo,SP,Southeast,-23.57011946974454,-46.55923344532559,False
d558ebe531605a1285ab2b1bc3256dfb,35501,divinopolis,MG,Southeast,-20.161085537750914,-44.90371562724492,False
c7a0a13cbcf29d5ce51c8f80afdc0b89,89170,laurentino,SC,South,-27.22103264021336,-49.730773103309744,False
33ac3e28642ab8bda860a2f693000e78,06717,cotia,SP,Southeast,-23.606872072162275,-46.9172517395448,False
8936ba0de1073ee888cb3185ae5dc661,03372,sao paulo,SP,Southeast,-23.57052348182236,-46.55604646641471,False
18a349e75d307f4b4cc646a691ed4216,01319,sao paulo,SP,Southeast,-23.551959279214017,-46.64163106549717,False
a72c2f59332659e361d647515c698798,95270,flores da cunha,RS,South,-29.03091888832253,-51.182359756490015,False
b55638ad525e906c698fa2ce742c1742,88780,imbituba,SC,South,-28.23919513267532,-48.67329713366172,False
be9a160a9011f627c3e121d076c1ec7b,89256,jaragua do sul,SC,South,-26.481041085463534,-49.06152026337365,False
ed859002ad59dbf8cf3602696a6c3000,86035,londrina,PR,South,-23.310090533181278,-51.13526332944775,False
12b9676b00f60f3b700e83af21824c0e,95780,montenegro,RS,South,-29.68554736183859,-51.4632720475158,False
ef2fbc2b607d8492bcffe657a4645434,20051,rio de janeiro,RJ,Southeast,-22.903858707744234,-43.18249950513589,False
a080fc8a850289b27500f6b49cca2553,03382,sao paulo,SP,Southeast,-23.580063660280462,-46.53072201679265,False
9c57bc60cfad5ee62d35d3f1ce4593a1,81200,curitiba,PR,South,-25.43691051067581,-49.33321284717839,False
9539213aa8e023c01937bef95dc006da,03673,sao paulo,SP,Southeast,-23.514787843744564,-46.50187356223674,False
69a43819c758c65a5befb0b471c954d7,86802,apucarana,PR,South,-23.56598828982965,-51.4641495497965,False
8fdca8e349553f99bc738833a62c8802,02189,sao paulo,SP,Southeast,-23.507942521784308,-46.56850169608748,False
0bb27263628258b8111a0262769fa9db,03077,sao paulo,SP,Southeast,-23.53194196947312,-46.58123439647412,False
08061dc0fc165ed41288cc7acde738ee,06036,osasco,SP,Southeast,-23.554510659443757,-46.775875670136976,False
4ebdc7e6cd6102a022dadc49156d4ea8,05030,sao paulo,SP,Southeast,-23.54267275659299,-46.69165148889148,False
f918546be4bec7104d117789ba758b2b,05634,sao paulo,SP,Southeast,-23.60419945989382,-46.73933198987245,False
eb4a59a06b3948e851a7d7a830bcbc42,41820,salvador,BA,Northeast,-12.984910395614744,-38.45866468324775,False
80146bc52c4f6af5239b23de2a20262b,06753,taboao da serra,SP,Southeast,-23.60241202375218,-46.756675164646246,False
4091f77d8c768fc3e81c20761471761d,03059,sao paulo,SP,Southeast,-23.540644482514853,-46.59160702192855,False
0dfbed20065e425d2eaefb101f9816c0,13660,porto ferreira,SP,Southeast,-21.858792941863733,-47.47982718384467,False
26bad72add1f86e08a776ce4ffdaf1ca,14470,pedregulho,SP,Southeast,-20.251701931229697,-47.4788890779342,False
e174dc2de86d60fee178170a154c05e7,09210,santo andre,SP,Southeast,-23.636881231331895,-46.5285471172226,False
612170e34b97004b3ba37eae81836b4c,93542,novo hamburgo,RS,South,-29.68419148924371,-51.09326924244578,False
2a84855fd20af891be03bc5924d2b453,30111,belo horizonte,MG,Southeast,-19.91558677880999,-43.93935572078599,False
cf2384dd2f1dddea3f838efed0945e65,13930,serra negra,SP,Southeast,-22.611133020325088,-46.70321704400641,False
377bc18334c78dd2f1535ef22a3ad225,83015,sao jose dos pinhais,PR,South,-25.55922308797397,-49.17084729873101,False
439a47cc365d6e3bd526812ea9de3c29,08730,mogi das cruzes,SP,Southeast,-23.534672568538927,-46.20152430682691,False
6ba4733aa33f6386e9fb0c0fd3993b38,95560,torres,RS,South,-29.336385432949523,-49.73646890978941,False
4b39558c138930b9e5489c93b6df5fe3,49055,aracaju,SE,Northeast,-10.914200987529073,-37.06084747424843,False
4b9750c8ad28220fe6702d4ecb7c898f,13484,limeira,SP,Southeast,-22.55750300111084,-47.418625753828884,False
278b6e0b20c4f61fefaa0577943d7a35,88316,itajai,SC,South,-26.94373634447246,-48.71984124572965,False
ba8e85df286308fe68a2ce83a8f8b2d6,88135,santa catarina,SC,South,-27.678028441544996,-48.68243950142368,False
2059c39f76271d4ca3f15b5ffaccc8b8,81930,curitiba,PR,South,-25.558288459893816,-49.28023353136359,False
5a05a16bb50629ee31afab8a6d4c2674,95076,caxias do sul,RS,South,-29.17915863755419,-51.147170889601654,False
edb65fe661681b1c0de8bd47c8655855,08111,sao paulo,SP,Southeast,-23.490714837946786,-46.37837551748514,False
8cbac7e12637ed9cffa18c7875207478,89254,jaragua do sul,SC,South,-26.47105406997643,-49.11402375,False
fdb9095204a334cd8872252ffec6f2db,03331,sao paulo,SP,Southeast,-23.550186108333158,-46.58003006601591,False
0cab2da43793a6f3c5ed8514c5f54627,80060,curitiba,PR,South,-25.4303283455479,-49.261267749379634,False
5b97c06a046398e7005b2b7c0d707a92,38770,joao pinheiro,MG,Southeast,-17.741705993223512,-46.176473402094274,False
aae3bfea055532c57fb453ed3ec80b30,09271,santo andre,SP,Southeast,-23.643366981788947,-46.49970048499635,False
866558b3bccef2dbc6d29a2b5995016f,86706,arapongas,PR,South,-23.421459816219063,-51.42347633889463,False
cb5df0dcb9e280b1780e9d589889f2c7,15115,bady bassitt,SP,Southeast,-20.917462848797005,-49.44998274448657,False
9bcdfa7b615b3abb9461d9e3ad9886ae,89053,blumenau,SC,South,-26.8774271673496,-49.0820058388828,False
271c58a1d139c45eaf3316107c6d3a3b,03632,sao paulo,SP,Southeast,-23.52822606994056,-46.5495977411853,False
2dee2ce60de9709b1a24083217181a1f,78552,sinop,MT,Central-West,-11.835901169010288,-55.50803613497868,False
a154d7316f158bb42e6fa18bbe3afd3a,03804,sao paulo,SP,Southeast,-23.498253243394316,-46.48299647362806,False
f84fa566034f5e8e880a07ec624c56af,13330,indaiatuba,SP,Southeast,-23.085985886354763,-47.21685179489583,False
4c1c7281388a33dd06daac44f9fadbd1,17510,marilia,SP,Southeast,-22.195531213575112,-49.952838881903176,False
2063dd1b9f568df1c16741ea7d3e6adb,85065,guarapuava,PR,South,-25.382019557721215,-51.45530900979564,False
9cea4682e16655f7da87f406902e989e,83707,araucaria,PR,South,-25.548271014242697,-49.35936528673991,False
b1ac6ea7895bc3dd6f0f6f4abbdd2821,92030,canoas,RS,South,-29.915638861440634,-51.14287607172097,False
851773c885feb5e2da3b4f82bc2b17ce,18683,lencois paulista,SP,Southeast,-22.602424372093175,-48.80776976583198,False
0ff83046c3fa22efee8ecf291888b191,95110,caxias do sul,RS,South,-29.19042565481459,-51.232404054226606,False
2b2fed75b8e5ea3a052fc4c0825da485,36015,juiz de fora,MG,Southeast,-21.757533003606678,-43.35379840133589,False
9f50216bfd01913736a55a11b55ea842,12020,taubate,SP,Southeast,-23.02499883377845,-45.55767233310099,False
2d518637f53161b973e01f56ea4bb88e,02992,sao paulo,SP,Southeast,-23.449044719401,-46.72825077976229,False
aafe36600ce604f205b86b5084d3d767,88115,sao jose,SC,South,-27.54373269554919,-48.635335099893595,False
efff9341f3f8f5237b44ff67ed36a7bf,29090,vitoria,ES,Southeast,-20.260026701915862,-40.26727215889548,False
a7d0f8dd44f57ef6de7f7f02e3d82630,03225,sao paulo,SP,Southeast,-23.583900981404007,-46.55635469755406,False
5b07547f10dd980738a1a27f685af669,07013,guarulhos,SP,Southeast,-23.472242481404002,-46.526133923812694,False
a99504ac23ed125aaf5302af6cc30af9,14300,batatais,SP,Southeast,-20.891924735345295,-47.58427770451502,False
5882820ef11c4c068eea0677a7a879b4,95082,caxias do sul,RS,South,-29.177608260652796,-51.17353497746278,False
7357b52d27cbaa90f81a96cbc1279396,33400,lagoa santa,MG,Southeast,-19.639067554452502,-43.90105234158728,False
180c3376aff0e43dd5788709df48a843,09911,sao paulo,SP,Southeast,-23.68922598303446,-46.61812471839445,False
b4b447d715f9ab302a188fb43d3e96b3,04711,sao paulo,SP,Southeast,-23.629258037191985,-46.70050919903032,False
5e25c632f9db6cfb8bc100421c2737b6,89801,chapeco,SC,South,-27.100587030327254,-52.60942365241503,False
f4c4daa86e30c7e5a553a8d518ac03a5,85801,cascavel,PR,South,-24.9581290065352,-53.461862999899225,False
398cb257329ef7af7f1943a8974a3cbc,40285,salvador,BA,Northeast,-12.988973220930205,-38.487538086474615,False
4003520d80d0bad1d5623f7aa3c63cda,20520,rio de janeiro,RJ,Southeast,-22.92557168443071,-43.233529505684146,False
3289d8c3eef4873f91ce0b1343c0dd58,11701,praia grande,SP,Southeast,-24.008581329681114,-46.419632758540544,False
b0f2a6122a90a93eb03e68653dd960e3,80710,curitiba,PR,South,-25.426110802511804,-49.29772478559066,False
6c1b6d0c604b776f844125f911eb7377,05051,sao paulo,SP,Southeast,-23.52713237607479,-46.696482,False
c4af86330efa7a2620772227d2d670c9,08840,mogi das cruzes,SP,Southeast,-23.48253994963144,-46.13177818360396,False
a888faf2d1baececa6baf9c3d603ee1f,87502,umuarama,PR,South,-23.75857680434521,-53.29766179659882,False
681fce914360217db47784ae28905a96,83709,araucaria,PR,South,-25.6143465,-49.37119949441728,False
31be790e64fc99f8ff48ec2bd18a3104,09690,sao bernardo do campo,SP,Southeast,-23.67000307966409,-46.59063753814426,False
7b3447b497e55af8c15fc7bd89d7b81a,08225,sao paulo,SP,Southeast,-23.53022289786795,-46.46090451640441,False
e560e4022d8f7aebf155db95946c5c0f,31110,belo horizonte,MG,Southeast,-19.90553952969522,-43.93649261004674,False
2f9b7ce230a057a98a9f5df5893ee36c,06460,barueri,SP,Southeast,-23.49901575789668,-46.83053683606719,False
41b39e28db005d9731d9d485a83b4c38,09220,santo andre,SP,Southeast,-23.623908427875147,-46.53669959531232,False
809413606dbfe5deefd2db646693ef67,04602,sao paulo,SP,Southeast,-23.623565741329536,-46.68259597730685,False
609e1a9a6c2539919b8205cf7c4e6ff0,88359,brusque,SC,South,-27.143863729700307,-48.95995049999999,False
c3e2398fcc7e581cda2e546557bf6968,04781,sao paulo,SP,Southeast,-23.68766510297761,-46.70599452331351,False
740205fedfe4e90ca6857bc77db0f2b4,95055,caxias do sul,SP,Southeast,-29.150221648999928,-51.14072623829833,False
c79151301b9d90985d1fa52879213105,87083,maringa,PR,South,-23.388558065410336,-51.95459873939542,False
3e46a38ee171c503c3b4a3f23fe3bf0c,18040,sorocaba,SP,Southeast,-23.506028078264777,-47.470331520409715,False
3d4b1ae7539303b5704493798893e82c,03244,sao paulo,SP,Southeast,-23.602318297665775,-46.54046091409226,False
bdf0d02d36a1d839d0c39c4a887cdd49,16200,birigui,SP,Southeast,-21.294270166927944,-50.34272175985954,False
65a7c0788e4d632ccb5e1b594b87f0bb,05782,sao paulo,SP,Southeast,-23.65095474271452,-46.766280599082485,False
d7f1cfc638473be93baedbfd02208016,26112,belford roxo,RJ,Southeast,-22.748904,-43.40423021903248,False
001cca7ae9ae17fb1caed9dfb1094831,29156,cariacica,ES,Southeast,-20.27110455009337,-40.41523240211024,False
7f35f9daf223da737b78738fbae4d977,13272,valinhos,SP,Southeast,-22.95286988693986,-47.00092310318832,False
2eb70248d66e0e3ef83659f71b244378,13101,campinas,SP,Southeast,-22.91817285059373,-47.01508677374607,False
6061155addc1e54b4cfb51c1c2a32ad8,13043,campinas,SP,Southeast,-22.9351316155266,-47.039852367476456,False
8b87cd0d43d49b9bdf40f56229364d59,04111,sao paulo,SP,Southeast,-23.586699573403017,-46.6324522857349,False
52a50b42accf164f9f019941e5759d9b,13820,monte alegre do sul,SP,Southeast,-22.695130561746257,-46.98754063827643,False
c6bda72e4dbf5c5866b13cb1810c6d03,03087,sao paulo,SP,Southeast,-23.530786166801345,-46.564551750224425,False
270572bb714b00531be85e16e1550f26,09370,maua,SP,Southeast,-23.67703542351842,-46.46372997114656,False
16bdc8cefd0e32a6f0824d296c5ad14a,12903,sp,SP,Southeast,-22.94744055636757,-46.55305474093037,False
4a82c4af97ffc0fb2dc26bfdc03b1842,35590,lagoa da prata,MG,Southeast,-20.02472542220162,-45.539278430578946,False
3985a3c45be355a4c57fde108bfabd1c,95690,rolante,RS,South,-29.651530924231047,-50.57669369140724,False
07e8e8fc5222bb358e6f259da3197074,04216,sao paulo,SP,Southeast,-23.59724989328896,-46.60005142663009,False
cd06602b43d8800bd0afad514919d35c,04119,sao paulo,SP,Southeast,-23.59251748531849,-46.634903460038046,False
8f0fbe2cd4d472157dc1cdef6edecaa9,02755,sao paulo,SP,Southeast,-23.48789441077514,-46.67942677963238,False
f44b6f775a2b390380e0e30b5c9d3eee,03057,sao paulo,SP,Southeast,-23.540131152374624,-46.59570498750652,False
365e4bce19bda0082c3d15d83fdb8bcd,09570,sao caetano do sul,SP,Southeast,-23.63378101387846,-46.56212296011719,False
2e0dba2da448400b1c11d7b4b22f32a4,09070,santo andre,SP,Southeast,-23.644100546482814,-46.54745804079866,False
e882b2a25a10b9c057cc49695f222c19,25963,teresopolis,RJ,Southeast,-22.41805726356756,-42.97627498355638,False
734def04b237117a09321dd6d8f3f2a2,13604,araras,SP,Southeast,-22.334836106858425,-47.38147889704965,False
28c7d8743fbc8679f484868cc0fcaefb,18480,itaporanga,SP,Southeast,-23.706253474838213,-49.483811131490825,False
9baf5cb77970f539089d09a38bcec5c3,13330,indaiatuba,SP,Southeast,-23.085985886354763,-47.21685179489583,False
e3dd723429d1b23614b7fa85e2c7a853,09810,sao bernardo do campo,SP,Southeast,-23.719581526337358,-46.56591345274897,False
f4a04f7be452aa3bb31760bf00055dd0,09010,santo andre,SP,Southeast,-23.659146064787315,-46.52518215299499,False
dbc22125167c298ef99da25668e1011f,37564,borda da mata,MG,Southeast,-22.27231000494808,-46.16574284372653,False
bc302730ea8cf49b5c74f579febb5bbf,13015,campinas,SP,Southeast,-22.90451691257429,-47.05683980474924,False
e64ddbe1cbcf4f2fc3092b7c481f3f9d,03513,sao paulo,SP,Southeast,-23.53515851096428,-46.52265797515725,False
56e361f411e38dcef17cdc2a3d99628b,07113,guarulhos,SP,Southeast,-23.463702194139906,-46.51795109006578,False
048c2757535328e0d7dac690ad3c0aae,14406,franca,SP,Southeast,-20.536536498721546,-47.43366787318517,False
bdb3edbaee43a761e2d4f258dc08f348,18680,lencois paulista,SP,Southeast,-22.59239631414472,-48.79922601286859,False
b127efdabeffb5d559349c7b172eb75d,04308,sao paulo,SP,Southeast,-23.645853174546076,-46.64046157067274,False
951e8cef368f09bb3f3d03c00ca4702c,14940,ibitinga,SP,Southeast,-21.7575376839452,-48.82926174236043,False
33d677f27a69b84051204ee4ae76eaca,89218,joinville,SC,South,-26.27296463617987,-48.86074316985976,False
b88e7c57cb2d8b973b7dd4a2bfa14b36,81350,curitiba,PR,South,-25.50039868575736,-49.33545165889549,False
1967a9e2ad6f51802b093147d861df58,01209,sao paulo,SP,Southeast,-23.54069975090345,-46.641743196015355,False
9da15f4a4ea758d9eeb49000dbe57e22,06290,osasco,SP,Southeast,-23.517949499999997,-46.77054450525145,False
d91fb3b7d041e83b64a00a3edfb37e4f,11704,praia grande,SP,Southeast,-24.026130057317182,-46.477978802406426,False
749e7cdabbaf72f16677859e27874ba5,07122,guarulhos,SP,Southeast,-23.44771925728547,-46.51761133236192,False
3d5d0dc7073a299e31fa718ce1bc00b6,22785,rio de janeiro,RJ,Southeast,-22.97771927644406,-43.49309672881531,False
688756f717c462a206ad854c5027a64a,07094,guarulhos,SP,Southeast,-23.452083000000002,-46.54340413780368,False
56a8b450e802502ba53a9885ee38e29f,09895,sao bernardo do campo,SP,Southeast,-23.702449485140587,-46.57041047155059,False
9b00ed88b7fdb95d6ff76e27c1b52d16,08215,sao paulo,SP,Southeast,-23.53974864932985,-46.444235280599,False
4be6b962d83299498bae2190f95d6566,13561,sao carlos,SP,Southeast,-22.0140026606881,-47.90148946378896,False
c13fb473e7cb8b83ccd543c094df0608,05319,sao paulo,SP,Southeast,-23.538147684704846,-46.72715283964742,False
17998cf586426bf0f2c3726cb0a4b211,30710,belo horizonte,MG,Southeast,-19.913496484880792,-43.960652277540575,False
c88f62b4c386a59281014d677864d016,86707,arapongas,PR,South,-23.42474812938231,-51.432735733794914,False
c864036feaab8c1659f65ea4faebe1da,83605,campo largo,PR,South,-25.450402201221433,-49.56040541360136,False
8d899e15a5925f097cca50faa49b15e3,18131,sao roque,SP,Southeast,-23.530940528997675,-47.15209984347042,False
79565f7d5603b24ddf07ade262547f2f,14804,araraquara,SP,Southeast,-21.769376406327545,-48.20261527837731,False
ba143b05f0110f0dc71ad71b4466ce92,02274,sao paulo,SP,Southeast,-23.46760851373423,-46.58682464807545,False
4e0d109ccfba9a1151c103049880c857,25550,sao joao de meriti,RJ,Southeast,-22.775027229413453,-43.38394494533097,False
89dda63a3c907c468ec88c310ed91213,09380,maua/sao paulo,SP,Southeast,-23.63538403635932,-46.47824351053158,False
c522be04e020c1e7b79f3acff36513d5,06501,santana de parnaiba,SP,Southeast,-23.444980501803336,-46.91589716472386,False
5f5b43b2bffa8656e4bc6efeb13cc649,04880,sao paulo,SP,Southeast,-23.79392113055156,-46.73716900916093,False
87f3e35268860433e13d577825aada95,12955,bom jesus dos perdoes,SP,Southeast,-23.135995325786332,-46.46835009356723,False
c5e60e39c0f42b8e827daa13cff74afa,03449,sao paulo,SP,Southeast,-23.556218084268096,-46.52208011740258,False
bca9230d3bbb4efa51872bf605a2f1ad,04296,sao paulo,SP,Southeast,-23.621048958364614,-46.60452504454957,False
4bc3d93e4a5f88a598d3d8ce4ae510b3,04564,sao paulo,SP,Southeast,-23.612970792399995,-46.68524138204741,False
6e864f5c4669eff3d98140a07cc50202,05639,sao paulo,SP,Southeast,-23.60949202553521,-46.741547206298094,False
7bcd7c5f8631701474db233ccf1c094b,02047,sao paulo,SP,Southeast,-23.51759267512555,-46.61726286101337,False
8b2d4ab22f42c5cfc338b846decfda60,83820,fazenda rio grande,PR,South,-25.64568891301799,-49.30310465492914,False
d9bd94811c3338dceb4181f3dbc0c73e,04186,sao paulo,SP,Southeast,-23.646701818483475,-46.59570688059031,False
e70053bf73d1b5863932e53a9fa47496,05059,sao paulo,SP,Southeast,-23.532949204830043,-46.71185022300767,False
dbd66278cbfe1aa1000f90a217ca4695,05588,sao paulo,SP,Southeast,-23.57579152039933,-46.74085825118136,False
e7d5b006eb624f13074497221eb37807,09291,santo andre,SP,Southeast,-23.64538843685443,-46.51986687551219,False
6c9875b2f94ba781186f0c1aed8d1687,17380,brotas,SP,Southeast,-22.28351701339005,-48.12526880757102,False
d63f306de130e0391d38a792541723b8,03236,sao paulo,SP,Southeast,-23.594997441716192,-46.55375624639332,False
2f74af7a0ee5636f12c2336f9fffed47,02376,sao paulo,SP,Southeast,-23.457871655562947,-46.62814510817477,False
c7fdb77fdbff3c41981bc52f787e959e,09111,santo andre,SP,Southeast,-23.67234862254022,-46.490120925760486,False
04fdea0c111866e6cf812f1570d6b5bd,08411,sao paulo,SP,Southeast,-23.554424409660093,-46.411997964813374,False
63b464dbf392c7b80d12d932fa7cafed,02034,sao paulo,SP,Southeast,-23.50420648194742,-46.6236414921749,False
747c1cdcd1737dcfbd1547f6eb6f2cf3,14940,ibitinga,SP,Southeast,-21.7575376839452,-48.82926174236043,False
2b402d5dc42554061f8ea98d1916f148,44900,irece,BA,Northeast,-11.304211689340942,-41.85457641375542,False
9c068d10aca38e85c50202e17b4a7e88,79400,coxim,MS,Central-West,-18.506232175460756,-54.74747526950908,False
7c67e1448b00f6e969d365cea6b010ab,08577,itaquaquecetuba,SP,Southeast,-23.484621488741837,-46.36700788769207,False
9ef932e837d8b7f392c0bfee9d359dc2,14940,ibitinga,SP,Southeast,-21.7575376839452,-48.82926174236043,False
d8bf0fc082fd4a77fc2e5679b6c00133,03184,sao paulo,SP,Southeast,-23.56383511014013,-46.58636668526744,False
66dc1b1632bd6a3e508510c5b3492107,17210,jau,SP,Southeast,-22.284485664723874,-48.53565870406544,False
a7ecf689b40a44361e259b28939023e4,29102,vila velha,ES,Southeast,-20.37258780612517,-40.30803864131646,False
939e6227d6964a11a70aa91243e418f2,36408,conselheiro lafaiete,MG,Southeast,-20.6528279869081,-43.79745350875786,False
db1f0f7c7e5e87f40b62226f020bb297,83322,pinhais,PR,South,-25.45815697989751,-49.18571979770876,False
91f0eec23d4a61d7d7caeefa3f0ad1ca,88704,tubarao,SC,South,-28.47725964965606,-49.01259975164869,False
edf3fabebcc20f7463cc9c53da932ea8,08320,sao paulo,SP,Southeast,-23.626824684430712,-46.473945176380624,False
b335c59ab742f751a85db9c411a86739,38442,araguari,MG,Southeast,-18.646009716044883,-48.20600624270037,False
c24173065483e421f9e5e7f599de101d,03548,sao paulo,SP,Southeast,-23.540810657510512,-46.510210408967616,False
01fdefa7697d26ad920e9e0346d4bd1b,86050,londrina,PR,South,-23.332389267644963,-51.17614007545184,False
d9e8c084b68fe958861d8f2c21202e6b,05528,sao paulo,SP,Southeast,-23.59467838703906,-46.75714662059265,False
466222e777149751370e7e98fb623b0c,20931,rio de janeiro,RJ,Southeast,-22.878080132945893,-43.21743546184139,False
43f8c9950d11ecd03a0304a49e010da6,06341,carapicuiba,SP,Southeast,-23.572379916140765,-46.81855255535172,False
4450bd8327d471c4a11a83d1445b1b62,06714,cotia,SP,Southeast,-23.59907544754458,-46.87198871808813,False
257e61d3251fb5efb9daadddbc2cf7ca,86804,apucarana,PR,South,-23.54171940150166,-51.45165171283255,False
5d76d80a2f5f39c891b996a1bf4c9853,05727,sao paulo,SP,Southeast,-23.627286,-46.73905080544173,False
e5def42655b7490edac5a56fe8e9e603,13900,amparo,SP,Southeast,-22.702505343326205,-46.76603399999999,False
091065b789659bc3cd9af9cb3a6253ff,92120,canoas,RS,South,-29.949782806715557,-51.16907695903927,False
c74f14c1e26cf1bd5bd34b6a1e274426,89900,sao miguel do oeste,SC,South,-26.73213943120558,-53.51894866080006,False
c26a2be5b53b7db6b276280da212a779,28630,nova friburgo,RJ,Southeast,-22.2435378552906,-42.53771902522588,False
cfa5ab0e4d3fc212fd0b3410e7081c62,36500,uba,MG,Southeast,-21.11815987053089,-42.94381278060808,False
19d62d484cba71963c93f0f00ab42013,89114,gaspar,SC,South,-26.93732780326718,-48.93871513383137,False
6750d71153f00fc58829af2a8ef1bcf1,28800,rio bonito,RJ,Southeast,-22.711421767955542,-42.62869186078569,False
c60b801f2d52c7f7f91de00870882a75,07174,guarulhos,SP,Southeast,-23.423347089647407,-46.41939586733221,False
b57e8460909fa137df7951b4a3b5ea84,90640,porto alegre,RS,South,-30.05431545767212,-51.203720697068434,False
eeb6de78f79159600292e314a77cbd18,88501,lages,SC,South,-27.81777800017045,-50.33059873285502,False
abe021b01ba992245271b9aa422032df,80420,curitiba,PR,South,-25.437243910956433,-49.281272814112185,False
5305693ffae2d3463377b1f6fe67b15a,16300,penapolis,SP,Southeast,-21.41955555933157,-50.07616532765216,False
f049a72cf58fd31b11f8919cade515e7,01023,sao paulo,SP,Southeast,-23.542318875382307,-46.6313376895666,False
e51f22821f0c12a16ad5c020cdcd55e9,06341,carapicuiba,SP,Southeast,-23.572379916140765,-46.81855255535172,False
a2a41aedb70551d4a85aa04dc2fced48,04447,sao paulo,SP,Southeast,-23.68568903634656,-46.6808449580892,False
4bf2f4ee540798a61f9636d12cd9cc80,19814,assis,SP,Southeast,-22.657260472305627,-50.40988174854292,False
c0e0b73d039eb9a99b6ce4cb7a429cd3,89170,laurentino,SC,South,-27.22103264021336,-49.730773103309744,False
19484c79cef6c062cb177aa4ef2fcc3c,13275,valinhos,SP,Southeast,-22.982718551504377,-46.9851148286524,False
25e6ffe976bd75618accfe16cefcbd0d,05503,sao paulo,SP,Southeast,-23.57042328534976,-46.70952819732823,False
9dda5bbacd45e18d6485fee649205d09,37540,santa rita do sapucai,MG,Southeast,-22.24757876689365,-45.70580649277439,False
2528744c5ef5d955adc318720a94d2e7,13202,jundiai,SP,Southeast,-23.204463170696485,-46.871478462895496,False
b8d890108a7a80e4f5d59eea9f362438,81110,curitiba,PR,South,-25.500284492870726,-49.29012168665242,False
2c9005d8043aff18b8557ffb7b13cda4,29304,cachoeiro de itapemirim,ES,Southeast,-20.85710688480337,-41.115987000394924,False
062c325cd6a2b87845fab56b4ec2eeae,08150,sao paulo,SP,Southeast,-23.518119818590403,-46.41151146823236,False
1d8dbc4f32378d715c717c1c1fc57bae,86706,arapongas,PR,South,-23.421459816219063,-51.42347633889463,False
fc906263ca5083d09dce42fe02247800,31030,belo horizonte,MG,Southeast,-19.906037921276305,-43.9236551906437,False
1d2732ef8321502ee8488e8bed1ab8cd,20031,rio de janeiro,RJ,Southeast,-22.91017422770652,-43.17677490813088,False
626ab1cd96932367f0eeec2e47046c12,05048,sao paulo,SP,Southeast,-23.5312944253419,-46.69737025813905,False
a70e9066dbfd10b6b97a3f54a1356762,86975,mandaguari,PR,South,-23.52201303652673,-51.6774389493534,False
ce69a8021d18961dd2a40269b7c2c293,81070,curitiba,PR,South,-25.479157744277394,-49.30123606803939,False
9596c870880d900012f2e8e6e30d06d7,37074,varginha,MG,Southeast,-21.591449999999952,-45.4435584314057,False
4b98b0428fc1932cc2514ef9ce2505e6,06795,taboao da serra,SP,Southeast,-23.61313057305768,-46.79765459083798,False
1da366cade6d8276e7d8beea7af5d4bf,36500,uba,MG,Southeast,-21.11815987053089,-42.94381278060808,False
a3082f442524a1be452e3189e003b361,81560,curitiba,SP,Southeast,-25.488021854947085,-49.218186361013366,False
a56a8043ebf66e42119618fb8cf232c6,89219,joinville,SC,South,-26.25449284184933,-48.86998345885509,False
184725737946a1a938bbbd1a9e978103,09370,maua,SP,Southeast,-23.67703542351842,-46.46372997114656,False
3820c6537b3853be1a0687d5a60807ec,06717,cotia,SP,Southeast,-23.606872072162275,-46.9172517395448,False
244b04680fdbded0acf5aebd9c92b44a,13211,jundiai,SP,Southeast,-23.188281463240703,-46.917268857348894,False
e96498ed8daaa3e9c23f7a62da76591c,05373,sao paulo,SP,Southeast,-23.583853529834393,-46.757785651956254,False
5741dc2bf5044c34d0698681c5081bed,12226,sao jose dos campos,SP,Southeast,-23.209070775323045,-45.80292518803739,False
ad781527c93d00d89a11eecd9dcad7c1,15015,sao jose do rio preto,SP,Southeast,-20.81615368559403,-49.3867412125886,False
b5e3e38609125694d2ea2417522a60b7,88020,florianopolis,SC,South,-27.594550853144888,-48.5442262002188,False
bacb1f0ed56ad24198f5810d2b3fe9a5,12328,jacarei,SP,Southeast,-23.287639263402315,-45.962214270622816,False
980640c45d7a4635885491d077167e4d,13501,rio claro,SP,Southeast,-22.42538423593386,-47.55839011754856,False
ae45ad30c2d2e5913094769690a239d2,14405,franca,SP,Southeast,-20.52922955337375,-47.41095767731975,False
2cb98e27ce1c18abdb42209b34c382a7,14085,ribeirao preto,SP,Southeast,-21.16589577156796,-47.79706200874256,False
2156f2671501a81034d7d07f217609d0,04776,sp,SP,Southeast,-23.684727059120526,-46.70286168971084,False
de0c78824586e9a5f5f04fd84e25df39,06730,vargem grande paulista,SP,Southeast,-23.621099452749604,-47.010006621843374,False
128639473a139ac0f3e5f5ade55873a5,87050,maringa,PR,South,-23.428368805599472,-51.91804867774496,False
0791d9fc1e30678ecf03d3e55fa108d3,30775,belo horizonte,MG,Southeast,-19.898488340830376,-43.970348373160604,False
7a241947449cc45dbfda4f9d0798d9d0,37590,jacutinga,MG,Southeast,-22.28784145799569,-46.61398001377728,False
cfd7ddab722b902f7ac5b5f3ba6d723d,32372,contagem,MG,Southeast,-19.924970455259487,-44.02604259738892,False
0e72c1a751b496722a6cb1f10653b62a,06280,sao paulo,SP,Southeast,-23.510060162906203,-46.76733325243806,False
7e1fb0a3ebfb01ffb3a7dae98bf3238d,14403,franca,SP,Southeast,-20.554800970849215,-47.38774879492066,False
376a891762bbdecbc02b4b6adec3fdda,74323,goiania,GO,Central-West,-16.696953922257013,-49.31646534449651,False
90b36c5aeb728d5504a39f435bef0c5f,13835,conchal,SP,Southeast,-22.33849210436386,-47.1704985,False
e76ecc7e9a1a1e3c6df9d2a8261c423d,30140,belo horizonte,MG,Southeast,-19.93067686329285,-43.93453625242371,False
1dfe5347016252a7884b694d4f10f5c4,14940,ibitinga,SP,Southeast,-21.7575376839452,-48.82926174236043,False
528bcf6680c36dddf07620bd35b33a6f,03178,sao paulo,SP,Southeast,-23.553611823229367,-46.58638065168213,False
f114dca2828bf718548db175ebe2cfcd,86192,cambe,PR,South,-23.286497356913422,-51.27509502199082,False
33dd941c27854f7625b968cc6195a552,29107,vila velha,ES,Southeast,-20.3479675549444,-40.29689729281047,False
579891617139df7d8671d373f0669622,20061,rio de janeiro,RJ,Southeast,-22.905345342954966,-43.18576345399333,False
48985c61529077fa4f1e38bcff0f2ed3,90020,porto alegre,RS,South,-30.030119828381842,-51.22670673237063,False
25c5c91f63607446a97b143d2d535d31,35680,itauna,MG,Southeast,-20.077226252917765,-44.577050723018736,False
f205b1a3ca9a34e0f8a228bae6e4c7b3,94965,cachoeirinha,RS,South,-29.905164457984377,-51.0706343191451,False
d2374cbcbb3ca4ab1086534108cc3ab7,14940,ibitinga,SP,Southeast,-21.7575376839452,-48.82926174236043,False
ef728fa1f17436c91ed1ccd03dcf9631,17201,jau,SP,Southeast,-22.29421386171093,-48.55793343923256,False
1eade46fba20122dc4aefb379f8c636b,02066,sao paulo,SP,Southeast,-23.508686608661765,-46.60704480648046,False
b9de031b671cd48b28fae9d828cbf2b4,04283,sao paulo,SP,Southeast,-23.60781505023373,-46.60457359686078,False
6f835fd4be26989b1b064399da346143,81280,curitiba,PR,South,-25.43894017369158,-49.35455735429047,False
c9a06ece156bb057372c68718ec8909b,73020,brasilia,DF,Central-West,-15.657411973329344,-47.80966466525378,False
6b2612338467c08c9b25f0cc55b1578d,86990,marialva,PR,South,-23.484159016777568,-51.79700619040828,False
40d54b51e962dbe09cabbcfd33298dee,09230,santo andre,SP,Southeast,-23.620078728836063,-46.528157177001006,False
70c27847eca8195c983ed7e798c56743,20930,rio de janeiro,RJ,Southeast,-22.890080578237537,-43.230153212042,False
b98b715fe9e276204e2a3464f48cd796,03827,sao paulo,SP,Southeast,-23.483727061904816,-46.47925919032532,False
0b1ca3ef18a63d7eb0c8897fa0849c08,18131,sao roque,SP,Southeast,-23.530940528997675,-47.15209984347042,False
37ceb404da208418c9032f0674e57804,04615,sao paulo,SP,Southeast,-23.62209977852152,-46.66844134194124,False
05d2173d43ea568aa0540eba70d2ca76,37135,alfenas,MG,Southeast,-21.422353181576746,-45.96393569359593,False
661ad5fcc28cdfb8bcadb12bb2272475,88330,balneario camboriu,SC,South,-26.992891946381214,-48.6341316455796,False
999f6d9a1c7c81f43be44c6b7d076210,05269,sao paulo,SP,Southeast,-23.4334199074384,-46.78940004775133,False
101a3a003516bc11253298b2fad3cb65,13503,rio claro,SP,Southeast,-22.41280353814428,-47.576712966818725,False
b839e41795b7f3ad94cc2014a52f6796,09541,sao caetano do sul,SP,Southeast,-23.62003247100232,-46.56389282653356,False
a20d8058c866dbaeca014d2cd20ac62e,12209,sao jose dos campos,SP,Southeast,-23.1770480448237,-45.88450561219632,False
6824a69c9ea0313eba299dd4a2dba09a,35570,formiga,MG,Southeast,-20.46221963845293,-45.431378530536534,False
058cb5aeb36d7c0fcae20fc85d5e0a59,21635,rio de janeiro,RJ,Southeast,-22.83276604108713,-43.411213164338186,False
48efc9d94a9834137efd9ea76b065a38,81130,curitiba,PR,South,-25.505852479271105,-49.30023553899532,False
218f991754f360af9c2daa5e0b8e990c,01123,sao paulo,SP,Southeast,-23.52934877491485,-46.636433659587965,False
5dc4bdaf869e8c77c648078cbe8d59c2,88035,florianopolis,SC,South,-27.590758648349578,-48.50842984068614,False
9261d76c62caaf0b24677c2ceb7f8f20,88138,palhoca,SC,South,-27.74964917348826,-48.634237255903145,False
a3b0df0065e264a91b7bbf5f844af5cd,09721,sao bernardo do capo,SP,Southeast,-23.720527151826357,-46.54759994080892,False
37dd29b36c458d82f74a953c40c43645,13480,limeira,SP,Southeast,-22.568539777461996,-47.40399225,False
077c5fae4bea9500e3737b16f71b9d3a,18052,sorocaba,SP,Southeast,-23.532109845482143,-47.49788085782504,False
0dd184061fb0eaa7ca37932c68ab91c5,07031,guarulhos,SP,Southeast,-23.49730847614265,-46.54891285324364,False
5b35136197710e16ac5e7b7c2bd4ea85,22640,rio de janeiro,RJ,Southeast,-23.00050060502642,-43.32863964034626,False
60562ab00b8054280520d390c8c0045c,04809,sao paulo,SP,Southeast,-23.71710977251564,-46.69408979728746,False
1d29dfba02015238dfbe2449a5eaa361,36576,vicosa,MG,Southeast,-20.67433500553419,-43.08158396681095,False
ad273c9eb54ecb4532de4bf75bae9e4e,80420,curitiba,PR,South,-25.437243910956433,-49.281272814112185,False
7813ea3ebd9411dc600b4dd01f7a97b9,06018,osasco,SP,Southeast,-23.54144854567475,-46.77509254328017,False
559d56f3b8f0bc2e5a9a62fe2ce2a39f,89220,joinville,SC,South,-26.270250228561927,-48.88175308312654,False
57df9869a600bd6b7c405f2a862eccfb,37540,santa rita do sapucai,MG,Southeast,-22.24757876689365,-45.70580649277439,False
777a0c55737f34ffeb78010f7542ab41,01541,sao paulo,SP,Southeast,-23.568722298084143,-46.618733572710525,False
2aa3443d7bf9d9bb11133f420d75e083,22713,rio de janeiro,RJ,Southeast,-22.92898049055061,-43.3893935696058,False
c3867b4666c7d76867627c2f7fb22e21,14580,guara,SP,Southeast,-20.4301901076346,-47.825696706579464,False
0bae85eb84b9fb3bd773911e89288d54,88301,itajai,SP,Southeast,-26.911293824874424,-48.65586376398079,False
35fb511489d9ee3ee27a76debce9df06,86061,londrina,PR,South,-23.312247296150893,-51.17952352651616,False
df91910b6a03bb2e3358fa6a35e32f6f,09560,sao paulo,SP,Southeast,-23.63303747033521,-46.55427782445607,False
7e3dde9ffba72d5340f9aaf09b4424be,86185,cambe,PR,South,-23.290122053984632,-51.24313990362971,False
dbdd0ec73a4817971d962698f2fea022,60710,fortaleza,CE,Northeast,-3.7862075649345774,-38.56801762049238,False
8ff38bc3969e67c36c48343a07090f66,08260,sao paulo,SP,Southeast,-23.570215350121202,-46.435583380316174,False
6e1862e15f33d9994bc25922a85e1efc,13505,rio claro,SP,Southeast,-22.380264209821704,-47.5650782208581,False
058fd0aa2bfdb2274e05e1ae971dabb6,09020,santo andre,SP,Southeast,-23.66185374271452,-46.526921150210526,False
f615fe7efbef0f4f08fd3086bc7a3e60,12940,atibaia,SP,Southeast,-23.114263976686477,-46.5534280320561,False
aa1eb17b9fdf6dfd546e25c45c7b9235,04794,sao paulo,SP,Southeast,-23.619335723078105,-46.70011047560047,False
07bf9669d84d1f11be443a9dd938f698,04761,sao paulo,SP,Southeast,-23.662661269778955,-46.71764002553522,False
08633c14ef2db992c11f840f04fad4cd,09416,ribeirao pires,SP,Southeast,-23.737861346527513,-46.4425925171042,False
b0398568231ba5e6734af1881671a317,29704,colatina,ES,Southeast,-19.52729198985555,-40.66519940397906,False
f419677537694f0462a91990df6ca44f,09750,sao bernardo do campo,SP,Southeast,-23.68855734026779,-46.55518399220971,False
e88c9b79e592e370d6bd852eeefbf057,85501,pato branco,PR,South,-26.22580808081601,-52.674226842242085,False
70bf57d811208f8923b41bbd499a67a4,07866,franco da rocha,SP,Southeast,-23.29977227635394,-46.70915183488006,False
8c0de775f52fe41590b376a3b7c50f68,13178,sumare,SP,Southeast,-22.801829321799165,-47.20262330726761,False
7a91bf945c6fae0779f1c61ce97fe45c,26562,mesquita,RJ,Southeast,-22.77076556370668,-43.42200186895455,False
6dc9bec584588412a6a338830946a3e4,03270,sao paulo,SP,Southeast,-23.60083448708696,-46.52100421176928,False
b19c48688808720822399ffa9f2dbe2f,04801,sao paulo,SP,Southeast,-23.711458011388057,-46.69898054021886,False
5b8154610ebb21fb90eb587365e673df,12246,sao jose dos campos,SP,Southeast,-23.217300219545223,-45.9081219908534,False
bb2afe2061d53c6968aa0cffa233a8ec,04307,sao paulo,SP,Southeast,-23.63075055467712,-46.64331767136517,False
1cbdc7cf130a41fd13a3c2a7d2fcfda7,37480,lambari,MG,Southeast,-21.974089326362297,-45.34936446489325,False
fb89df7f89fd1b8f03fa2acca1ba7364,85853,foz do iguacu,PR,South,-25.55383889419798,-54.56992597159524,False
b18871c324516afa228a13e8f1ef0ae9,04186,sao paulo,SP,Southeast,-23.646701818483475,-46.59570688059031,False
17ca9b9e9b9ef8fdb529001b49ebb50f,32677,betim,MG,Southeast,-19.941251206777615,-44.11230533554895,False
3f0e48d209018b466fcd3bb4ccfeb520,80215,curitiba,PR,South,-25.4478977783432,-49.25427158868981,False
9add47bf45ce8e8c7db6b9cf670b1e09,83830,fazenda rio grande,PR,South,-25.671852,-49.32745099267186,False
acce39e832338debb07b02385cde5967,32110,contagem,MG,Southeast,-19.88412914793119,-44.018173162522075,False
397c4d0c005b6f41f90098ac724e28cb,09182,santo andre,SP,Southeast,-23.69757799437929,-46.53024266527213,False
b2c97074649f92197d9387d9033dda5f,18604,botucatu,SP,Southeast,-22.876560258355905,-48.42790174083906,False
f262cbc1c910c83959f849465454ddd3,03564,sao paulo,SP,Southeast,-23.53531128059899,-46.49750028212821,False
c113b8df1fc375bc3d73d29c1b1144d1,08021,sao paulo,SP,Southeast,-23.50009531779098,-46.43473679156327,False
bd65d163ded559eb90a10cd09fec178f,03526,sao paulo,SP,Southeast,-23.551281670552257,-46.50650229378496,False
720e6cf846ea7572cbb66b743fb91e6c,08717,mogi das cruzes / sp,SP,Southeast,-23.538136389190015,-46.19095252219153,False
8f580d36c1e9d6fbce95283403c7d447,14090,ribeirao preto,SP,Southeast,-21.180620467352405,-47.78944969539497,False
be7a093e5b4d147b36b72bb1f9e415e5,85900,toledo,PR,South,-24.728834559652103,-53.73952215240398,False
cb4a705d00e100b9732d0ca34817d441,88032,florianopolis,SC,South,-27.553172194038662,-48.49809145420967,False
f266295f49a28eee21f413e0cbb0521d,84020,ponta grossa,PR,South,-25.080935055095487,-50.13349895863085,False
31eec405c9bb71dec8e2629a92e764fa,29300,cachoeiro de itapemirim,ES,Southeast,-20.847670403580395,-41.119492827007875,False
6235903333ba7de1928c869e268e5964,89650,treze tilias,SC,South,-26.99928007635342,-51.410128308017846,False
c360e4787614ed31ac7a2f95d3b22dc6,18681,lencois paulista,SP,Southeast,-22.59833884157681,-48.78733445380194,False
1e47d8b6546eb3a77b1acddcc9406242,13015,campinas,SP,Southeast,-22.90451691257429,-47.05683980474924,False
cf1313c6e2c01c2f4b014f97db4bcd2b,22050,rio de janeiro \rio de janeiro,RJ,Southeast,-22.972751088810693,-43.187656060909546,False
14ee35374a7876217954b5fa08e50463,15015,sao jose do rio preto,SP,Southeast,-20.81615368559403,-49.3867412125886,False
8fe8786ee000001ab51d030dfd4a7bf1,88490,paulo lopes,SC,South,-27.967982288743094,-48.680847136996434,False
e72b4feb7abe210c52aa667abc25a3a2,03122,sao paulo,SP,Southeast,-23.567940545097837,-46.59518516113658,False
373ee4a3a775a733770ca3f790b8b9ac,22793,rio de janeiro,RJ,Southeast,-23.000811299144484,-43.39884999999998,False
432c37c9dfba871172ec162e20118b8c,70235,brasilia,DF,Central-West,-15.813437430175442,-47.893508550018666,False
daf565f087a52def0fd5c5825b3661bc,88350,brusque,SC,South,-27.098303887180645,-48.91703554256308,False
ea3ebea5317b0efbc663ecc8ce5e9bc2,88036,florianopolis,SC,South,-27.589278907582624,-48.52289154039463,False
1fe61aa5494bd3ae92a2c13e067c810f,89540,santa cecilia,SC,South,-26.963053307360244,-50.41918180236228,False
e9511df20ccd82658a30c37b7fb343af,17026,bauru,SP,Southeast,-22.29397447486577,-49.0456665478678,False
4c8545742faaf58fafd5fd14d25d75cf,15603,fernandopolis,SP,Southeast,-20.284016680741093,-50.24136530909183,False
27a56ff04b34c2ba34ce6ba4d3b9d616,13033,campinas,SP,Southeast,-22.904839955546095,-47.097678682901496,False
888faa8bfb0b159c37de6d898b961c31,88750,braco do norte,SC,South,-28.27442835161582,-49.16592232031496,False
0aa2205ca24f113f4658a5c536667426,04281,sao paulo,SP,Southeast,-23.606096584511523,-46.60905772370018,False
432c67955c0acd1fd6b0b5d678766a71,05571,sao paulo,SP,Southeast,-23.597197463736613,-46.79756643254191,False
d8c7ba53e7e38711eaef8c2849d6d2e1,87120,floresta,PR,South,-23.613754451404706,-52.08382388761152,False
8a43128d7f9a3db592b866e6861a6cce,08080,sao paulo,SP,Southeast,-23.48748337275657,-46.42815987621903,False
7cb946b1ad19faebe28c3e86c2794ec3,35701,sete lagoas,MG,Southeast,-19.4500047320022,-44.23018535714756,False
6338ea67c41078a46ad99cc009654956,95170,farroupilha,RS,South,-29.22654545738829,-51.3440482642681,False
6c12e40690c335dbc2f68a4134d30dc1,84178,castro,PR,South,-24.80658890418798,-50.001060313987914,False
65febd49fd28ec955651299159b1f527,03275,sao paulo,SP,Southeast,-23.582203669715536,-46.545995231750254,False
9a84ba99f5367fdbd4598363496f1ea2,72801,luziania,GO,Central-West,-16.2616901022423,-47.95685184425948,False
954e95f20808d7e5d11f0de292d078e0,35930,joao monlevade,MG,Southeast,-19.813304724937552,-43.17329005054923,False
fb503a924a0b9db19d83dd0ac6dbef8c,96020,pelotas,RS,South,-31.75488889508914,-52.34185122496957,False
4ba52dfeba874da5b9ee7b17c7494f04,08790,mogi das cruzes,SP,Southeast,-23.526835479282788,-46.1722487742452,False
5b581417df4480f632484ba681e53944,88050,florianopolis,SC,South,-27.518035541909512,-48.51580437080899,False
d0d70d21e2234dd7cd3cf63fe414148a,58865,sao bento,PB,Northeast,-6.492215123508718,-37.449506891788495,False
c7c7b2682c648339a0e9846bb1023a39,12916,braganca paulista,SP,Southeast,-22.978289064660448,-46.535895622506935,False
06e5eefc71ec47ae763c5c6f8db7064f,91350,porto alegre,RS,South,-30.01498389702239,-51.162188780671116,False
28ea411b354f14b1a494be4e79f0ce02,05685,sao paulo,SP,Southeast,-23.606986190951588,-46.70567780474925,False
2a6fbeaa7ab9e5d59a35841a8da71ce4,89259,jaragua do sul,SC,South,-26.49959038145424,-49.085686888496156,False
77fccaae319668a8ab6cd0fd16aec48c,28035,campos dos goytacazes,RJ,Southeast,-21.755958413114598,-41.33248260838259,False
3fadb4cba4c35bce6a7eaf9872d5623a,95013,caxias do sul,RS,South,-29.162178418385295,-51.20422209491757,False
1987cd4be10fe09ee50454f9c354d1c6,37570,ouro fino,MG,Southeast,-22.28062850743691,-46.37052039497984,False
aae5e7b457a3c72ee230a47d98fceda5,83040,sao jose dos pinhas,PR,South,-25.52000436223029,-49.192403542876136,False
2d22fc3089eb907b29ebff50581fb472,27972,macae,RJ,Southeast,-22.32810184283327,-41.76439361973373,False
ff1fb4c404b2efe68b03350a8dc24122,08710,mogi das cruzes,SP,Southeast,-23.52323657802531,-46.19443689775291,False
817f85dbb65aa3e70831d90fe75cdf89,18530,tiete,SP,Southeast,-23.10272321329245,-47.71354844865776,False
2b5ed0c9139dae8883a200dfcb272ece,04087,sao paulo,SP,Southeast,-23.609960329721872,-46.66065474140166,False
86bf77bdb52e615674772d5817c6212f,94410,viamao,RS,South,-30.08272842202936,-51.0272582031978,False
9b1585752613ec342d03bbab9997ec48,22745,rio de janeiro,RJ,Southeast,-22.93546623160602,-43.333497908046546,False
9b00cad94ef3078faf6fba2e792c158f,39442,janauba,MG,Southeast,-15.801364627965574,-43.30962069141104,False
6860153b69cc696d5dcfe1cdaaafcf62,13360,capivari,SP,Southeast,-22.997128499999995,-47.50653978919266,False
903037660cf848a717166eb7a06d616e,05734,sao paulo,SP,Southeast,-23.626092843590477,-46.74424266279062,False
f08c008c8a8d31417763738a1788a2a8,85875,santa terezinha de itaipu,PR,South,-25.440893383871263,-54.40078556444748,False
bf3c6d2a28b2b5501e6c15448982dcc9,04180,sao paulo,SP,Southeast,-23.63582525134517,-46.600742938802,False
e99e927c81e3f51739c94fcdfca9f10f,38400,uberlandia,MG,Southeast,-18.914661100756494,-48.27795956924808,False
49cdc90518a4f82676b38b3c1aa43ff6,03031,sao paulo,SP,Southeast,-23.53145185152053,-46.62071847530148,False
066a6914e1ebf3ea95a216c73a986b91,85863,foz do iguacu,PR,South,-25.52643013748792,-54.57248756078653,False
3cfa1358a6caa965278721344c8d76f2,09831,sao bernardo do campo,SP,Southeast,-23.792260778781326,-46.53898297299335,False
6d66611d7c44cc30ce351abc49a68421,04378,sao paulo,SP,Southeast,-23.650310817935207,-46.66057387483404,False
e48cc16ab70bfa09e1401740dce0b3d7,16022,aracatuba,SP,Southeast,-21.232071618370952,-50.46448366021596,False
da20530872245d6cd9d2f5725613c430,95650,igrejinha,RS,South,-29.572162305031974,-50.79561849695561,False
3d8fa2f5b647373c8620330c4e077a9f,03031,sao paulo,SP,Southeast,-23.53145185152053,-46.62071847530148,False
57d2ba47f7a3209aa347532ae75c1165,89287,sao bento do sul,SC,South,-26.23975841364137,-49.39511621816024,False
76d5af76d0271110f9af36c92573f765,03194,sao paulo,SP,Southeast,-23.56788988703906,-46.57394821510183,False
729f06993dac8e860d4f02d7088ca48a,13481,limeira,SP,Southeast,-22.59992917902069,-47.40885355251318,False
9e9b539eb2806acee3f5c28085c1db9f,32315,contagem,MG,Southeast,-19.944651823734773,-44.041915270972595,False
fa18c782a4866d313cadab567097f8f1,31535,belo horizonte,MG,Southeast,-19.81511358282681,-43.981782501933246,False
b77a27b1864483e721dc831d5ba4afa0,25251,duque de caxias,RJ,Southeast,-22.65895658537349,-43.27871205612464,False
41c9d3997dd3c072c31139dc5bb5761f,38182,araxa,MG,Southeast,-19.6043210129155,-46.925993308127424,False
700f03c207639c22d933381ff60b35c2,14784,barretos,SP,Southeast,-20.57828232952856,-48.55690875174626,False
762fafdaa57a532ee0119731697579dd,13311,itu,SP,Southeast,-23.262066639462784,-47.31517403533434,False
50770d25768b0486d89be26afca3108f,09271,santo andre,SP,Southeast,-23.643366981788947,-46.49970048499635,False
b3b17aab11f273023a5f22ca52e1eb70,86065,londrina,PR,South,-23.303445245340246,-51.20314567464942,False
b19f3ca2ea475913750f25a5c37c8d8f,35501,divinopolis,MG,Southeast,-20.161085537750914,-44.90371562724492,False
6179a28a13a726c29b3bf54c070dccab,37048,varginha,MG,Southeast,-21.569092119462496,-45.41985292446513,False
cc419e0650a3c5ba77189a1882b7556a,09015,santo andre,SP,Southeast,-23.65831886927979,-46.52266155681238,False
0df3984f9dfb3d49ac6366acbd3bbb85,32604,betim,MG,Southeast,-19.95149718818162,-44.196100734105954,False
7008613ea464bad5cb9b83456e1e6a8f,89460,canoinhas,SC,South,-26.179891095307784,-50.39253696099769,False
7f152321c60a266edc53af1925ef96c1,88801,criciuma,SC,South,-28.67704762856801,-49.37000157852023,False
c4fb51fb1c5b7c07bc5e67be6e7e8f6e,80060,curitiba,PR,South,-25.4303283455479,-49.261267749379634,False
52ac6f920b7280e4c6d30dd94de6259b,83321,pinhais,PR,South,-25.4466444007516,-49.17688251832186,False
7d7d2b7a51328016102d4528c411d630,14940,ibitinga,SP,Southeast,-21.7575376839452,-48.82926174236043,False
9e94fa26a70ede4d26226e918e8706a2,13570,sao carlos,SP,Southeast,-22.030150353179625,-47.87865667878767,False
eddd1991bd6d9309995a480c39b95137,84010,ponta grossa,PR,South,-25.09401432889011,-50.160957435552675,False
994f04b3718c2bab35c2adfa8afecd2a,13912,jaguariuna,SP,Southeast,-22.686687402728204,-46.98315336058057,False
3f3486b61f45078d4f31ee5e43d8c5bb,03035,sao paulo,SP,Southeast,-23.52589911434591,-46.61430268013154,False
5db42a6cd9bf1bf0d3aab9582767f168,29010,vitoria,ES,Southeast,-20.320256105747568,-40.33214279046674,False
a06c8ff043abea0528ee44171e2140a2,35501,divinopolis,MG,Southeast,-20.161085537750914,-44.90371562724492,False
6b3bd31ad8fcda4b2635ec9f3ff2ecdf,22775,rio de janeiro,RJ,Southeast,-22.970469050868427,-43.382106159559314,False
977f9f63dd360c2a32ece2f93ad6d306,14910,tabatinga,SP,Southeast,-21.736670106758545,-48.68785503413496,False
2c43fb513632d29b3b58df74816f1b06,30421,belo horizonte,MG,Southeast,-19.936975303434306,-43.97544441672922,False
910a922b426b7ff95eaee129ad6c0e1f,15025,sao jose do rio preto,SP,Southeast,-20.80630548951811,-49.38853543241744,False
d9442042130b7fe579d1295f9f4a248f,03550,sao paulo,SP,Southeast,-23.531428840620443,-46.50715580044672,False
da2782c804606d2a5d8e1760dbb3e7ec,02022,sao paulo,SP,Southeast,-23.50374239107844,-46.63824001804726,False
ce248b21cb2adc36282ede306b7660e5,89251,jaragua do sul,SC,South,-26.488910860667115,-49.08117169900166,False
5b0cc932433fa5184b5b94bfe6bcc256,14940,ibitinga,SP,Southeast,-21.7575376839452,-48.82926174236043,False
7ff588a03c2aeae4fbd23f9ae64b760d,07183,guarulhos,SP,Southeast,-23.44180811157596,-46.4598767776848,False
08cdbae123ff67ca4e36d9d641ce0119,36504,uba,MG,Southeast,-21.11347935574587,-42.93881841589473,False
77dcbb67ccb3659bd58eaf5661560a30,95900,lajeado,RS,South,-29.459346175152117,-51.96742939659699,False
7ad32824caee82087b3e2e5f33b1bf32,14940,ibitinga,SP,Southeast,-21.7575376839452,-48.82926174236043,False
de722cd6dad950a92b7d4f82673f8833,51250,recife,PE,Northeast,-8.134782793932896,-34.93613699999999,False
70849ca4f400aaabb62cb7462a6f1428,31210,belo horizonte,MG,Southeast,-19.90743033347278,-43.949130140119294,False
b16d3dadc47d4eb18be3d88bad0775ce,93608,estancia velha,RS,South,-29.664597159898346,-51.148736944185984,False
5c3460cd3e8a984382ae254e7dd20d9f,15085,sao jose do rio preto,SP,Southeast,-20.83620910796906,-49.386486745875466,False
22c32ec35d0116ef02c281798a25bf8b,87043,maringa,PR,South,-23.40141203180665,-51.89573950855891,False
8d46553a36e68f95350a200c12f8f2e2,13056,campinas,SP,Southeast,-22.97433097222297,-47.142172814434446,False
45ba18c210d42734ec52c0c1c574e9ee,18130,sao roque,SP,Southeast,-23.531314452755012,-47.134734519634726,False
10cdd491d1dbea8fb4ead97b19c334ce,37540,santa rita do sapucai,MG,Southeast,-22.24757876689365,-45.70580649277439,False
dc317f341ab0e22f39acbd9dbf9b4a1f,94910,cachoeirinha,RS,South,-29.952853739325604,-51.09577906214972,False
fe9d9cf8631285d5982c6e2cf27fb114,36200,barbacena/ minas gerais,MG,Southeast,-21.226425264355406,-43.77284603425791,False
d93844a9c55ba7ce353388bcf849ea56,82320,curitiba,PR,South,-25.404808855812814,-49.34621617908658,False
52b53f7061969fe471d119b6195da864,88301,itajai,SP,Southeast,-26.911293824874424,-48.65586376398079,False
1b8356dabde1d35e17cef975c3f82730,03477,sao paulo,SP,Southeast,-23.568299512767616,-46.51205478799173,False
43402bdf22aa2310e8f99e2f94f78628,09434,ribeirao pires,SP,Southeast,-23.65911871866212,-46.37114381153658,False
c4b911d06343b21dd906651f8101cb49,17560,vera cruz,SP,Southeast,-22.221977770717874,-49.82310582568665,False
f44bdc12aa39f5271f0b95f66cd4c289,12914,braganca paulista,SP,Southeast,-22.96376266067089,-46.534675564592376,False
9bf11dfc0bec77e5a23028043c3c5a8f,32140,contagem,MG,Southeast,-19.89851699999995,-44.033597118842174,False
13f57c12a00ed4610db646b913a7f5c6,11015,santos,SP,Southeast,-23.952754791563265,-46.31934037898898,False
54c04bdb5ec46762f8f08c7e8f86ed4a,88037,florianopolis,SC,South,-27.600287820012685,-48.50591180529751,False
b5dd7151a92ccaaa282cbe9681a05f44,14020,ribeirao preto,SP,Southeast,-21.20253542048014,-47.802165836386976,False
447d377bdb757058acb569025ee18a93,99500,carazinho,RS,South,-28.288710481076787,-52.79146350624379,False
52562a9f449c3dc3d53f5f5b9ed74903,59152,parnamirim,RN,Northeast,-5.889393342927083,-35.209392848045,False
2a73cba571d90c694b7caca072ccf6ce,09560,sao caetano do sul,SP,Southeast,-23.63303747033521,-46.55427782445607,False
3d2400ac620cffa23ac81bd192f7f555,09810,sao bernardo do campo,SP,Southeast,-23.719581526337358,-46.56591345274897,False
968268a686aa05d1f529fb07dff08130,01530,sao paulo,SP,Southeast,-23.56920526624445,-46.62880686948179,False
7c462184585ae80bd6e5774c62ce50f2,13086,campinas,SP,Southeast,-22.835344166824967,-47.05462069747245,False
3ea00e1dea2b0659dbaf654735929220,80020,curitiba,PR,South,-25.43021984263371,-49.27112024621904,False
54965bbe3e4f07ae045b90b0b8541f52,85851,foz do iguacu,PR,South,-25.541912750857023,-54.585401584609116,False
4965a7002cca77301c82d3f91b82e1a9,18074,sorocaba,SP,Southeast,-23.45296347016561,-47.48847265523468,False
2d8cfba3fcd3170555941605edaa196a,06080,osasco,SP,Southeast,-23.544198518321863,-46.78474177757716,False
6039e27294dc75811c0d8a39069f52c0,06162,osasco,SP,Southeast,-23.55330828310916,-46.80868920067511,False
b45d7ebfb7378630f1bcd74b6ff86ff7,30285,belo horizonte,MG,Southeast,-19.9129652761556,-43.89446825214958,False
e2a1ac9bf33e5549a2a4f834e70df2f8,01210,sao paulo,SP,Southeast,-23.53997818428648,-46.64242852914191,False
bc07d855eac23aab5ac8a120f21d16b2,08710,mogi das cruzes,SP,Southeast,-23.52323657802531,-46.19443689775291,False
3492e68f37fd1df87f4f2f2ea247f445,13322,salto,SP,Southeast,-23.193782098808345,-47.27440355627289,False
93bef6edaa84956e8e575016449b6351,03568,sao paulo,SP,Southeast,-23.54215123841535,-46.48445049965376,False
05ff92fedb5be47920fea08e501238b9,98803,santo angelo,RS,South,-28.290393187778584,-54.26201994327688,False
68f86ba270525243e68ae74044f992b9,21941,rio de janeiro,RJ,Southeast,-22.81468986150384,-43.21887611457634,False
aeb36d67f1414f234d42a29e27cf1f17,09060,santo andre,SP,Southeast,-23.665925085038108,-46.54981011675739,False
916c9de0b5ad957346eeeb12f332687e,80240,curitiba,PR,South,-25.4493420133302,-49.288181133504494,False
c68fb906c8f4b4b946d8386bfa6e5467,14870,jaboticabal,SP,Southeast,-21.25700166524303,-48.32066331270394,False
53d00c40e32aeb924a84ce72b1af869d,14940,ibitinga,SP,Southeast,-21.7575376839452,-48.82926174236043,False
93dc87703c046b603023e75222018b45,30315,belo horizonte,MG,Southeast,-19.95415545657561,-43.93247505883206,False
10076e5788b8ee532724bcd460baf762,14315,batatais,SP,Southeast,-20.90050072818931,-47.58906832178506,False
804287717b9156fb7a787acd9af4fac1,87030,maringa,PR,South,-23.41411528795121,-51.92764074296912,False
4dc646b9b9e8e411ef48ba000ea3ac6f,13272,valinhos,SP,Southeast,-22.95286988693986,-47.00092310318832,False
e9c6969d40e6a3d2d0f90013165c2b98,03448,sao paulo,SP,Southeast,-23.553750499307508,-46.52282821510183,False
bd0a1b0aadca9a83d9304f7e8ff5fbd5,01212,sao paulo,SP,Southeast,-23.5374331015783,-46.639705500000005,False
340636a908b13bbe0f4fb63fbe1d0c03,12240,sao jose dos campos,SP,Southeast,-23.224926970858093,-45.91670546912687,False
cf654707ed6a99f112c7ec3d6f314b8b,04615,sao paulo,SP,Southeast,-23.62209977852152,-46.66844134194124,False
01c97ebb5cdac52891c0ed1c37ba0012,15804,catanduva,SP,Southeast,-21.12168986908313,-48.97147374298866,False
f0b47fbbc6dee9aafe415a6e33051b3f,09360,maua,SP,Southeast,-23.685941286334756,-46.45631502895476,False
bd149ed516d4c5d418d5781f8e18919f,07241,guarulhos,SP,Southeast,-23.44660201082004,-46.4276417216227,False
3dbbce181edfaa4a597ec858c382d2ec,82515,curitiba,PR,South,-25.39420707015413,-49.230161403975686,False
06532f10282704ef4c69168b914b77be,87140,paincandu,PR,South,-23.45762605070574,-52.04012012371233,False
1127b7f2594683f2510f1c2c834a486b,13087,campinas,SP,Southeast,-22.85695393477696,-47.05300912385309,False
cd52a8efd71af3336b14b5039b951cc1,88136,palhoca,SP,Southeast,-27.640713456490303,-48.7116993566289,False
79ed755314cfe6df0daef2c6cd3022cd,13503,rio claro,SP,Southeast,-22.41280353814428,-47.576712966818725,False
2c9e548be18521d1c43cde1c582c6de8,08752,mogi das cruzes,SP,Southeast,-23.5437471615734,-46.262070227610494,False
bc47d5d1490df2b36add65d733eafaba,09163,santo andre,SP,Southeast,-23.763024846795645,-46.47374754113308,False
7caa63f175b1cecbfaadd8b5ab9998c7,02750,sao paulo,SP,Southeast,-23.49348648362571,-46.679664792948245,False
de66a66f2dd06bb9ec37aa96987466a3,20910,rio de janeiro,RJ,Southeast,-22.899965164319838,-43.22916716139132,False
fec6275253471ace26d209bbaa64cd0f,28605,nova friburgo,RJ,Southeast,-22.271797639895176,-42.52375482002453,False
c31eff8334d6b3047ed34bebd4d62c36,13322,salto,SP,Southeast,-23.193782098808345,-47.27440355627289,False
c87abc38c8ed3240861729e1aeadf221,05713,sao paulo,SP,Southeast,-23.62616473022105,-46.73066577615558,False
07a9bc7f61396b658ddf3ac534efe44c,02925,sao paulo,SP,Southeast,-23.502221163652084,-46.697707849753456,False
822166ed1e47908f7cfb49946d03c726,25803,tres rios,RJ,Southeast,-22.115922583048935,-43.208935230035266,False
a45314082d50d578a4721c9787ce09ab,15130,mirassol,SP,Southeast,-20.815586999999997,-49.50746551808157,False
98e164d549402270247f3c96a1a158ef,05083,sao paulo,SP,Southeast,-23.532766679987308,-46.71703375152319,False
59bbc819b99a733f02f0d6b49d1c253d,13043,campinas,SP,Southeast,-22.9351316155266,-47.039852367476456,False
2e3be8a987a30d7544dbbda6861cc14e,30620,belo horizonte,MG,Southeast,-19.984219088118202,-44.002038096168285,False
b6c6854d4d92a5f6f46be8869da3fa1a,01042,sao paulo,SP,Southeast,-23.54487359810152,-46.64038040172743,False
f1b93673502375d491780bb49d615dbc,12228,sao jose dos campos,SP,Southeast,-23.249375785316527,-45.831771575561966,False
bbd3acfe6de99892e73940d3fdceaf68,09111,santo andre,SP,Southeast,-23.67234862254022,-46.490120925760486,False
b3f19518fcec265b2e97af287725f981,15170,tanabi,SP,Southeast,-20.624099850418617,-49.65208249241963,False
b2ba3715d723d245138f291a6fe42594,03470,sao paulo,SP,Southeast,-23.568416544529256,-46.52236565119518,False
b410bdd36d5db7a65dcd42b7ead933b8,74645,goiania,GO,Central-West,-16.661857087133086,-49.24624933973738,False
31344c16881c08a8a72c6d2eb29918c1,36500,uba,MG,Southeast,-21.11815987053089,-42.94381278060808,False
4e42581f08e8cfc7c090f930bac4552a,13660,portoferreira,SP,Southeast,-21.858792941863733,-47.47982718384467,False
9a208dee8f95cfdf00760c4d627828ec,26125,belford roxo,RJ,Southeast,-22.73250034820247,-43.40435193530815,False
d58d521f3789def2e7a22715e0badd93,03643,sao paulo,SP,Southeast,-23.528418575607716,-46.53430847745109,False
0aea4c6ae1505b3228ddf3dd7822ee5b,18080,sorocaba,SP,Southeast,-23.485730432281134,-47.458931791009825,False
b3809b8d4394588a47c8470ea331e135,04810,sao paulo,SP,Southeast,-23.711333898695827,-46.69740791548847,False
fcb5ace8bcc92f75707dc0f01a27d269,07032,guarulhos,SP,Southeast,-23.504851844018702,-46.55452827921402,False
6a0cbc8af2e8abd1bdfb777943d174c6,14312,batatais,SP,Southeast,-20.916468353698388,-47.574216767527176,False
1b0b0f4f95e962d6f32fe90c759d0479,02737,sao paulo,SP,Southeast,-23.487275621934984,-46.69061993005943,False
70126eecc6aa1274392a1743866e9678,06449,barueri,SP,Southeast,-23.542206551515555,-46.86845403064989,False
cb0b3bcf14e0a709df412a99424a59d7,04255,sao paulo,SP,Southeast,-23.62366999083907,-46.59371507758772,False
8931a84a914b3fe9b1ddaa4d704947ca,08410,sao paulo,SP,Southeast,-23.547532080904837,-46.41848800145709,False
7681ef142fd2c19048da7430856b5588,07074,guarulhos,SP,Southeast,-23.449475147931214,-46.56571206272721,False
3771c85bac139d2344864ede5d9341e3,18087,sorocaba,SP,Southeast,-23.450080059813022,-47.40253939794822,False
7ddcbb64b5bc1ef36ca8c151f6ec77df,04403,sao paulo,SP,Southeast,-23.67261874111415,-46.66075368726787,False
02b72cdeb9cfcc429f1af6f4e3f3b737,14940,ibitinga,SP,Southeast,-21.7575376839452,-48.82926174236043,False
3481aa57cd91f9f9d3fa1fa12d9a3bf7,13360,capivari,SP,Southeast,-22.997128499999995,-47.50653978919266,False
a218df5c097b0ca409cfaac1488cc7f6,14806,araraquara,SP,Southeast,-21.753675753392102,-48.15838206966644,False
bd0389da23d89b726abf911cccc54596,71691,brasilia,DF,Central-West,-15.896879999999996,-47.77430470243189,False
af3ef48d0e13835e529c29ac573c63e5,14802,araraquara,SP,Southeast,-21.773343179713187,-48.18070598550117,False
855668e0971d4dfd7bef1b6a4133b41b,13257,itatiba,SP,Southeast,-22.98641891848365,-46.8518323368461,False
77e4abfd739aed9c46480f90f81c0eb4,70767,brasilia,DF,Central-West,-15.745520250000002,-47.89451137500001,False
bac44fa8e13424950488659b5f765c41,04534,sao paulo,SP,Southeast,-23.58451860727678,-46.67425548903572,False
863d2ebcd347ce4922de7a0f9a5581d6,21041,rio de janeiro,RJ,Southeast,-22.868282587021685,-43.25105304619436,False
1c68394e931a64f90ea236c5ea590300,87114,sarandi,PR,South,-23.431926197915175,-51.86404850691068,False
95b293867b5862941c9cd74f756a3c68,08223,sao paulo,SP,Southeast,-23.52697604292457,-46.47031501473913,False
e62b2d6ac10570a035a30bafcf01d263,05767,sao paulo,SP,Southeast,-23.63360009186911,-46.76072592783774,False
f63d8f293af3a6454377546bd9dd19ff,18110,votorantim,SP,Southeast,-23.54200252510253,-47.45638542518386,False
7a425d299613df3e613bcf9d2eaf5c49,22790,rio de janeiro,RJ,Southeast,-23.01564521426511,-43.45932989361249,False
6bb0724edf0b62fb91ac404873a97241,06700,cotia,SP,Southeast,-23.60889,-46.93538964969623,False
112453736dbe3889cfb74e1aaa0ba0c1,03520,sao paulo,SP,Southeast,-23.547126938502696,-46.52127655329215,False
f593898ec748b7a8cb81fc04edafd98a,13920,pedreira,SP,Southeast,-22.74066190615492,-46.89617973391109,False
96f7c797de9ca20efbe14545bed63eec,14140,cravinhos,SP,Southeast,-21.338428766056424,-47.73493591472238,False
77530e9772f57a62c906e1c21538ab82,80310,curitiba,PR,South,-25.45781550929083,-49.309207968492174,False
297d5eccd19fa9a83b2630071ff105e4,80710,curitiba,PR,South,-25.426110802511804,-49.29772478559066,False
191d55f7edb8524d525ed01b20fe32e8,73020,brasilia,DF,Central-West,-15.657411973329344,-47.80966466525378,False
ff69aa92bb6b1bf9b8b7a51c2ed9cf8b,08140,sao paulo,SP,Southeast,-23.510396289067444,-46.397500278867774,False
5733d806668f8712c24b9abaefbfa642,89803,chapeco,SP,Southeast,-27.09664082216037,-52.63092342669069,False
65b081a070633e057c462abdd6fb9dd8,75650,morrinhos,GO,Central-West,-17.73298919128804,-49.11066528546312,False
edf96ef93ed595084bbcbd9224bd2894,01545,sao paulo,SP,Southeast,-23.58112435053957,-46.6178758329102,False
6a8b085f816a1f75f92dbac6eb545f8f,14709,bebedouro,SP,Southeast,-20.92802828563551,-48.49233569396832,False
f3295428338a40977a03f555246a70f4,29032,vitoria,ES,Southeast,-20.27580907119565,-40.32673676998097,False
75fbb52eda0cbc24f479d3b2fbfa8d3e,74560,goiania,GO,Central-West,-16.65914311743257,-49.27218320058373,False
e5d4b2b0c3bca22085f7a19a28de0c42,89201,joinville,SC,South,-26.301306467943903,-48.84788541423399,False
6187a137b2af59dfdbad8d9f8c373c14,06268,osasco,SP,Southeast,-23.500746911737572,-46.77648325200535,False
062ce95fa2ad4dfaedfc79260130565f,95913,lajeado,RS,South,-29.446879830826813,-51.96228002844462,False
c200c73f9d7e5a08ca439d6a0803da7c,83507,almirante tamandare,PR,South,-25.345536621703506,-49.29581448029316,False
2ee0a0689f2f6a72f35a7cb6033f6e7e,19025,presidente prudente,SP,Southeast,-22.09935431355367,-51.407177277106136,False
a08692680c77d30a0b4280da5df01c5a,04719,sao paulo,SP,Southeast,-23.63265457868313,-46.707887797939904,False
dd533b429f380718b70ad9922c294bae,14781,barretos,SP,Southeast,-20.540164578683136,-48.558852109017685,False
582d4f8675b945722eda7c0cb61ba4c7,11250,bertioga,SP,Southeast,-23.826014344486126,-46.11729681393945,False
74636e24f01da9268b0ed88dacd8513e,02941,sao paulo,SP,Southeast,-23.478725902653288,-46.72313910706044,False
09bad886111255c5b5030314fc7f1a4a,01022,sao paulo,SP,Southeast,-23.54449190383172,-46.63218004371285,False
94144541854e298c2d976cb893b81343,94451,viamao,RS,South,-30.074731899560035,-51.06708917888373,False
bf84056e679dbe9c69929847a40e338f,02537,sao paulo,SP,Southeast,-23.49128583680534,-46.65216640827512,False
21c62b998a043ebe31161d38f84929fc,60110,fortaleza,CE,Northeast,-3.7332049453228757,-38.51727656744474,False
02d35243ea2e497335cd0f076b45675d,59077,natal,RN,Northeast,-5.8402480652230375,-35.20793075034625,False
1c129092bf23f28a5930387c980c0dfc,02972,sao paulo,SP,Southeast,-23.48085590563506,-46.71032357035894,False
a1040efe9ff4a6f93c28b0499eada8f5,13210,jundiai,SP,Southeast,-23.224072672870243,-46.88417411988585,False
2d9e8987a2ea5cf88dce330249043ff1,15155,jaci,SP,Southeast,-20.88513443518137,-49.57165655226015,False
fdf736c18c589ed030e058312203e1b2,37704,pocos de caldas,MG,Southeast,-21.792222107885276,-46.55125662549781,False
e433f5fd4050e3352b5d83522b7fe24b,86702,arapongas,PR,South,-23.39024472026485,-51.44794255178546,False
b01c2b7b8599b325103ebcddc67413e1,95800,venancio aires,RS,South,-29.610418370210443,-52.19287514646905,False
bb5d956dece964a06c12bceb66b923ae,20930,rio de janeiro,RJ,Southeast,-22.890080578237537,-43.230153212042,False
3afc536624bc2e65bddfb5db33cc01f3,30150,belo horizonte,MG,Southeast,-19.92589739085824,-43.92703547515726,False
8090490573c6c0aa343a7231ebcb8c86,04130,sao paulo - sp,SP,Southeast,-23.604938004991663,-46.62004197169482,False
26d6bbee02420494d471c9f6436929c0,81530,curitiba,PR,South,-25.460201987486798,-49.2308831805574,False
602044f2c16190c2c6e45eb35c2e21cb,14940,ibitinga,SP,Southeast,-21.7575376839452,-48.82926174236043,False
b347677812ea483b0f528eaf8cbc09b7,82540,curitiba,PR,South,-25.393769988317665,-49.25141129134694,False
d94ba08b99bedd6a5f6c875ecc4a6fac,86800,apucarana,PR,South,-23.553993611286685,-51.463398668122444,False
880ce4951cf857ab1d9e0b75c1d856f4,31255,belo horizont,MG,Southeast,-19.867817606562426,-43.94852442685679,False
b499c00f28f4b7069ff6550af8c1348a,13481,limeira,SP,Southeast,-22.59992917902069,-47.40885355251318,False
7a2d2949aea47fab95fd98d6c9f618b1,81350,curitiba,PR,South,-25.50039868575736,-49.33545165889549,False
fad44952713764836814be105382aee5,21340,rio de janeiro,RJ,Southeast,-22.87108886955392,-43.355118601924545,False
f1ed6bd0a9b11b581f16c851c6a5a527,90240,porto alegre,RS,South,-30.004576869231435,-51.19790062669516,False
624f4ece8da4aafb77699233d480f8ef,05138,sao paulo,SP,Southeast,-23.485253731057767,-46.73411899985577,False
95e03ca3d4146e4011985981aeb959b9,21210,rio de janeiro,RJ,Southeast,-22.84101375021634,-43.30078860574758,False
1771297ac436903d1dd6b0e9279aa505,07025,guarulhos,SP,Southeast,-23.482623278922794,-46.54301072078598,False
1d503743d2526f03f0c2c89540ee008c,01035,sao paulo,SP,Southeast,-23.541577961711493,-46.64160722329613,False
fc5a0d7a310a7a41abf86a458585ff2b,03655,sao paulo,SP,Southeast,-23.52551477827242,-46.513893895826776,False
e1bed63d68ac36fe1f3061befe196af5,13848,mogi guacu,SP,Southeast,-22.33880896540854,-46.92412328499884,False
73da1880b39c71de2b262bc7720c1494,13560,sao carlos,SP,Southeast,-22.015157387918624,-47.8899807119315,False
df560393f3a51e74553ab94004ba5c87,87900,loanda,PR,South,-22.930511586172642,-53.136361264785,False
253f95b3a0e6983ae18aed49fbc2b845,04141,sao paulo,SP,Southeast,-23.610163547319534,-46.6342499074384,False
834f3294fba9f932f56edc879193f925,14808,araraquara,SP,Southeast,-21.821197227725214,-48.14413159658665,False
6c177e38df6d3f34182b1f1d427231bf,80430,curitiba,PR,South,-25.42994371412088,-49.28580315999202,False
08d0949a9a17c027262db1f3c450c26c,85804,cascavel,PR,South,-24.986287256188955,-53.49424601610016,False
11fb6f6d341adbe19e81733701704635,04133,sao paulo,SP,Southeast,-23.61988085429048,-46.61784924409308,False
04843805947f0fc584fc1969b6e50fe7,93900,ivoti,RS,South,-29.605743908624454,-51.16385669916245,False
e3b4998c7a498169dc7bce44e6bb6277,03635,sao paulo,SP,Southeast,-23.522460847481145,-46.533516362694456,False
a37c340b91cb0169e8b029db6440fba2,04424,sao paulo,SP,Southeast,-23.687020225921877,-46.639778765627014,False
e628d4a53c109f09ca88098338b3a3f5,30170,belo horizonte,MG,Southeast,-19.927880769634733,-43.944345078409015,False
381c83fdca332ea6afd896da20bf6e4a,80010,curitiba,PR,South,-25.433778879244187,-49.26983822958893,False
6fd52c528dcb38be2eea044946b811f8,08180,sao paulo,SP,Southeast,-23.488936709646705,-46.411592071051416,False
189ca3538ce9f920cacf0f982cbe223b,03589,sao paulo,SP,Southeast,-23.551840251875454,-46.486397459547575,False
20cb7c2fde3e5bf10f0bbe7394e1c6a9,86385,andira-pr,PR,South,-23.11527383783278,-50.179975234386575,False
7e79d65b5c6f1f544b7daea036acf720,09572,sao caetano do sul,SP,Southeast,-23.642407945369037,-46.56261793055524,False
fd435faa3c0422b60440ea3480d0e77c,58073,joao pessoa,PB,Northeast,-7.167777757977962,-34.857075510659215,False
6bef34c5be6f2bbd70aa5165f6df94b1,89120,timbo,SC,South,-26.825253513481073,-49.26977078427555,False
ae9690c6e8fee182c28c9ff8e11ca52c,04361,sao paulo,SP,Southeast,-23.643620067718864,-46.66251227546312,False
f7720c4fa8e3aba4546301ab80ea1f1b,81350,curitiba,PR,South,-25.50039868575736,-49.33545165889549,False
5bba18b40e8c973b0f32e748004775b0,15840,itajobi,SP,Southeast,-21.315083880643037,-49.055422248617774,False
7b7f91e98f8c6def45a1407923304402,06154,osasco,SP,Southeast,-23.560593307519206,-46.80456333096262,False
4c2b230173bb36f9b240f2b8ac11786e,03933,sao paulo,SP,Southeast,-23.584215683356,-46.498964746739574,False
a23266650e7c84bb93fbbba502137478,90220,porto alegre,RS,South,-30.019203334179604,-51.20966300346244,False
d2df77822373f19934e87694d8640767,86706,arapongas,PR,South,-23.421459816219063,-51.42347633889463,False
8fbd63429be6d3e5e6d1a709b6464802,09130,santo andre,SP,Southeast,-23.690227610046747,-46.50492775506376,False
ac6417315ae5da8f9a38ee11de6f7780,07400,aruja,SP,Southeast,-23.39648938435229,-46.32314762364067,False
81336a0f57a33776419727a300249e90,13560,sao carlos,SP,Southeast,-22.015157387918624,-47.8899807119315,False
02f623a8eb246f3c5f7c2f96462654e6,18611,botucatu,SP,Southeast,-22.876184786023344,-48.43558861296094,False
56db5c0782e8f7ddc9343f9576ff6d16,88132,palhoca,SC,South,-27.64311504872569,-48.68054933753507,False
29fe9f200d3fa0c668d2aa1ec7e08dfb,88330,balneario camboriu,SC,South,-26.992891946381214,-48.6341316455796,False
271b8923c6a549e02d3c9fd1f8c0422b,11704,praia grande,SP,Southeast,-24.026130057317182,-46.477978802406426,False
4e06067cc08b3f41d837768d392c3ee3,32604,betim,MG,Southeast,-19.95149718818162,-44.196100734105954,False
ec933281fb017b5020d06df29c3f77e8,03820,sao paulo,SP,Southeast,-23.49605724118532,-46.50222102034052,False
49e7217cfe4e427191c378ec626d8737,35570,formiga,MG,Southeast,-20.46221963845293,-45.431378530536534,False
34f563c82a85b99ae9e6d60db5fc2e28,93700,campo bom,RS,South,-29.67745825880729,-51.059608185918165,False
4ddeb3e828550cddc8d45c8bc36ab2d1,01131,sao paulo,SP,Southeast,-23.522877997201377,-46.64468748237063,False
90d4125885ab6c86e8820a722be71974,06780,taboao da serra,SP,Southeast,-23.623253065003823,-46.79106344532288,False
3a734b715d333a2588a3d54a0c9b8746,06132,osasco,SP,Southeast,-23.55513561073684,-46.79909571725142,False
f5b84683a9bf9e1df748cf40f601b39c,01127,sao paulo,SP,Southeast,-23.52611912738766,-46.64098602997861,False
392e0502231ae2f8b29994ef6398cd77,18760,cerqueira cesar,SP,Southeast,-23.03423759246722,-49.16338684762482,False
5d0363b33554b373851fc1622e4d5f3c,12952,atibaia,SP,Southeast,-23.106035930889064,-46.59248112377794,False
6e85dc5ecd97a61094b89b046a509d8e,15845,marapoama,SP,Southeast,-21.2577836681273,-49.12965969366199,False
417a1e6c7321084d2a0ae0d023cfad93,95885,imigrante,RS,South,-29.352952445322867,-51.773403705944254,False
013900e863eace745d3ec7614cab5b1a,80740,curitiba,PR,South,-25.441735086953223,-49.311134222815554,False
c157bdeedcbc9a8e3c8bf0d87ff24428,18120,mairinque,SP,Southeast,-23.54243126957537,-47.19006948601506,False
fa3a0b5aabb344b9a92e3524b0202123,83020,sao jose dos pinhais,SP,Southeast,-25.55874002069342,-49.19551998257684,False
88cf19ec1fc2c58f161aee259d57142c,13570,sao carlos,SP,Southeast,-22.030150353179625,-47.87865667878767,False
c13ef0cfbe42f190780f621ce81f2234,01207,sao paulo sp,SP,Southeast,-23.539369243407013,-46.638486209821714,False
fc908879b9ca1bd65419e54e50432d38,04558,sao paulo,SP,Southeast,-23.60263197169481,-46.685679333746926,False
c679fb69a36e1d8349e8c50a217b4d58,95020,caxias do sul,RS,South,-29.166008034414517,-51.18000246793592,False
17a053fcb14bd219540cbde0df490be0,13843,mogi guacu,SP,Southeast,-22.38388012715821,-46.93623801506276,False
2d34636518ba88f5349b732fcf8ba2e4,01039,sao paulo,SP,Southeast,-23.54122001692255,-46.63902859499964,False
d79e8478eed9999493990b44955fb22e,20081,rio de janeiro / rio de janeiro,RJ,Southeast,-22.897531004731857,-43.183975295862446,False
458d868c9642f55f18f04e951a3fdde6,90670,porto alegre,RS,South,-30.048987693447415,-51.18912523557327,False
41b14765bd56c8ad10971074380f9c0c,09070,santo andre,SP,Southeast,-23.644100546482814,-46.54745804079866,False
e439f7176d763f92de325271111b2fd5,89219,joinville,SC,South,-26.25449284184933,-48.86998345885509,False
7f2617c58d5d06806987308b45654351,04571,sao paulo,SP,Southeast,-23.604240981678146,-46.69375919947782,False
cac63f48c38cd7d002a7e846dcd99a23,13170,sumare,SP,Southeast,-22.822175394252426,-47.27079203619061,False
04ee0ec01589969663ba5967c0e0bdc0,95910,lajeado,RS,South,-29.430069384604984,-51.9931906129226,False
f00e21b1e91a79653163b7fd8f293ff1,37795,andradas,SP,Southeast,-22.071101208131697,-46.57230996498038,False
9140ef75cc8211c4035935e80e567204,87015,maringa,PR,South,-23.428203593320013,-51.95907151638488,False
79a679c36c08d606b3fd47ead9de109b,02611,sao paulo,SP,Southeast,-23.469437382391707,-46.65894779142668,False
cc5a78bbad32776dc4e3af205218368c,35501,divinopolis,MG,Southeast,-20.161085537750914,-44.90371562724492,False
6eeed17989b0ae47c9f11ece6f38ea90,04123,sao paulo,SP,Southeast,-23.607862501529205,-46.627560340412,False
b5f0712d22a873b6797ab6cc65c3fcba,02316,sao paulo,SP,Southeast,-23.462261361085478,-46.594075717251414,False
3f9c56764fabca627406093dcb3ef0b4,22745,rio de janeiro,RJ,Southeast,-22.93546623160602,-43.333497908046546,False
efb628aa07c8ca93d7db0d85b91a4f5a,26230,nova iguacu,RJ,Southeast,-22.76435216858958,-43.42111864959956,False
4e922959ae960d389249c378d1c939f5,12327,jacarei,SP,Southeast,-23.302661247830148,-45.97272884318196,False
47648caee88ccfe951fbb27fbf7b4cbe,09931,diadema,SP,Southeast,-23.665889650297142,-46.62346849362335,False
ca4b77513ac2040591b0d8fae6958380,09190,sando andre,SP,Southeast,-23.67489222786944,-46.53867996829014,False
7957cac1a02f45d0a4a7e45626382ec2,80320,curitiba,PR,South,-25.460046014384595,-49.29482697661437,False
4cc4fd4fdd406a85bbdc1f824b731bd7,85906,toledo,PR,South,-24.721286369469176,-53.722027660059126,False
b8630e1121437d41cb08e3c749c2c2e2,25070,duque de caxias,RJ,Southeast,-22.7807524564467,-43.30473399873698,False
cfe94489ddd337d1e29e12f2a7205d10,03178,sao paulo,SP,Southeast,-23.553611823229367,-46.58638065168213,False
9cf787a239c1aa29dbd76f153dc13f9a,14403,franca,SP,Southeast,-20.554800970849215,-47.38774879492066,False
2a50b7ee5aebecc6fd0ff9784a4747d6,72580,brasilia,DF,Central-West,,,True
d297f1055de2956aedfd3b04113dce3e,13382,nova odessa,SP,Southeast,-22.801814900153033,-47.309577610711905,False
2c3d56f92f360fb89d849b84e8f50eae,06420,barueri,SP,Southeast,-23.510168379297344,-46.89525575326677,False
3442033154be05bac582e173ef54fd12,05413,sao paulo,SP,Southeast,-23.56055818193488,-46.67933343594559,False
78744a20ee2f80ba64f6804c25def2b8,50751,recife,PE,Northeast,-8.065441236193653,-34.91834367266153,False
c990d6cf976a5718aaedc539f383ab88,13145,paulinia,SP,Southeast,-22.73285311837096,-47.176169524352254,False
94e93ce877be27a515118dbfd2c2be41,15502,votuporanga,SP,Southeast,-20.41767833946675,-49.98507612801325,False
b566ab0ef88016e00422755e305103c6,37640,extrema,MG,Southeast,-22.85549132461224,-46.319472,False
d9cb0052a666de5308b32f32ad5f1b1c,15400,olimpia,SP,Southeast,-20.73799136507532,-48.91093038579832,False
a89e143d5211473ae18db9577ee34b64,13486,limeira,SP,Southeast,-22.56627581098333,-47.386832197286445,False
1f2eebc0e970fd3c463e4f5d9652687a,01311,sao paulo,SP,Southeast,-23.56546074577294,-46.65160504854359,False
941554c5757b73ba0e50aa7732310afc,04142,sao paulo,SP,Southeast,-23.611657285231928,-46.631781000000004,False
8581055ce74af1daba164fdbd55a40de,07112,guarulhos,SP,Southeast,-23.46873685567546,-46.5138445783369,False
a9ae440659f48b7849df83e82734150b,09015,santo andre,SP,Southeast,-23.65831886927979,-46.52266155681238,False
c963a25b8671419c6ce9eebe8fd03218,23943,angra dos reis rj,RJ,Southeast,-22.944776821304444,-44.39412899999999,False
9485a23c0430ba1d58d359391606fce6,09015,santo andre,SP,Southeast,-23.65831886927979,-46.52266155681238,False
0951a6e282947e09cd47969f4ed0b47f,06763,taboao da serra,SP,Southeast,-23.61163386661511,-46.76187789133824,False
52f0fe436a347ddad7ed5f9aa4e27eaa,01129,sao paulo,SP,Southeast,-23.523833153341236,-46.64263306216462,False
9c7fd21e0aa159b20da593371f08ff7c,06180,osasco,SP,Southeast,-23.536638693027736,-46.80316743435859,False
c33847515fa6305ce6feb1e818569f13,88359,brusque,SC,South,-27.143863729700307,-48.95995049999999,False
8b8cfc8305aa441e4239358c9f6f2485,86020,londrina,PR,South,-23.312730703719197,-51.167732603035404,False
2c00c85d30361cd2ced2969cffbbffa3,31160,belo horizonte,MG,Southeast,-19.879401153512006,-43.93124914410819,False
d4e4b5192cba4e0e66eb12a9d347239d,85904,toledo,PR,South,-24.711778225778158,-53.746740029578895,False
ade45994b717ccee333492330fbf037b,87505,umuarama,PR,South,-23.77048096264945,-53.295083476538636,False
bb5bd94c8f59cc050072d2930c869cac,05008,sao paulo,SP,Southeast,-23.534111410208357,-46.67574738273989,False
b05b432bf68945d4d9783f9e3ca29ee8,16200,birigui,SP,Southeast,-21.294270166927944,-50.34272175985954,False
2a7dc43cecabf23403078e2188437d1d,04142,sao paulo,SP,Southeast,-23.611657285231928,-46.631781000000004,False
578fa3a9cb6b6dceab39231ad59cdaca,60025,fortaleza,CE,Northeast,-3.7359292474320487,-38.531133759233036,False
615c3462099ffa940d37b17dfda19594,24855,rio de janeiro,RJ,Southeast,-22.7728266839093,-42.92021227017479,False
a3f0b55de503387383c7b1de3ad7f678,82400,curitiba,PR,South,-25.394165749206394,-49.34226952118236,False
6d7f8d9d594e28796b6b3205b00f459c,80050,curitiba,PR,South,-25.434964467107186,-49.242802270183,False
7b7ed56ae755e2880f2b69632e839c1e,74230,goiania,GO,Central-West,-16.715747407607672,-49.266965113688045,False
4fae87d32467e18eb46e4a76a0a0b9ce,99670,ronda alta,RS,South,-27.781800579764354,-52.806685980845,False
ea566164622c6b439516ab18062c42cd,05303,sao paulo,SP,Southeast,-23.527924479340868,-46.730473641294765,False
821fb029fc6e495ca4f08a35d51e53a5,02030,sao paulo,SP,Southeast,-23.504398054538573,-46.624627022882166,False
d6ab728cf30867cf3f1a2e216ae2f9b7,03185,sao paulo,SP,Southeast,-23.56336681736947,-46.58322379961336,False
1a932caad4f9d804097d7f8e615baed1,02976,sao paulo,SP,Southeast,-23.47635376229272,-46.715744346932894,False
173d56ffbd4c56cb80fc3615487d712b,11370,sao vicente,SP,Southeast,-23.956020321148316,-46.381115501041634,False
2be17df1c49978426251562096c3cc09,88704,tubarao,SC,South,-28.47725964965606,-49.01259975164869,False
f7c31656c19db6275a8acadca289f426,14940,ibitinga,SP,Southeast,-21.7575376839452,-48.82926174236043,False
6025c79c035c3d772133b8b8238463b2,83327,pinhais/pr,PR,South,-25.40129799030513,-49.16098338536562,False
c6381d2d013342748761e906d45aff76,93180,portao,RS,South,-29.694262679051334,-51.23409740245201,False
c500367424994318b9e779ff1ae9a330,13145,paulinia,SP,Southeast,-22.73285311837096,-47.176169524352254,False
19e0f40a907ec568c34bfac15de4f4a1,13478,americana,SP,Southeast,-22.74262162273957,-47.31542412775906,False
ecccfa2bb93b34a3bf033cc5d1dcdc69,81810,curitiba,PR,South,-25.507023511382634,-49.27655776879155,False
c66dccfb3f109511246da627dd5a2498,11900,registro,SP,Southeast,-24.497898454065435,-47.84484394372821,False
d921b68bf747894be13a97ae52b0f386,35570,formiga,MG,Southeast,-20.46221963845293,-45.431378530536534,False
929f342384a6607afe143d789ade1316,86065,londrina,PR,South,-23.303445245340246,-51.20314567464942,False
e256a62e0ac58c0edfba09966142d561,81320,curitiba,PR,South,-25.476261143572373,-49.31920502469851,False
b5b800c4065bebf4d3442311c9857344,03561,sao paulo,SP,Southeast,-23.548182245591633,-46.49494104127024,False
c8417879a15366a17c30af34c798c332,04445,sao paulo,SP,Southeast,-23.682421739656107,-46.68529356425641,False
8dfbc5ff27df12f6cef751d3b9554222,80220,curitiba,PR,South,-25.45673191393862,-49.264445823619354,False
e732329483fd5f27367dd997b47f598a,89030,blumenau,SC,South,-26.896663623925207,-49.08217870217236,False
989becdce12ebc39863c2bceab6f3ca1,81730,curitiba,PR,South,-25.508273530461327,-49.227027158679135,False
9f56a7a649097b166d8ed286ad86a15c,21041,rio de janeiro,RJ,Southeast,-22.868282587021685,-43.25105304619436,False
c4d51195486dc781531876a7d00453d8,19023,presidente prudente,SP,Southeast,-22.11180936520336,-51.39935213878479,False
98115075dd26cb8835946fc6086f5d30,09687,ao bernardo do campo,SP,Southeast,-23.673737620578333,-46.594797652518864,False
2305ab43e846518f58dd9d59f3f54e96,08452,sao paulo,SP,Southeast,-23.529527405977397,-46.39573575,False
2528513dd95219a6013d4d05176e391a,06060,osasco,SP,Southeast,-23.55288195707096,-46.78225594853251,False
64c9a1db4e73e19aaafd3286dc448c96,82510,curitiba,PR,South,-25.39991397196895,-49.240479897003226,False
44ed138eca6214d572ce1d813fb0049b,92010,canoas,RS,South,-29.917856285876624,-51.17970521698278,False
ce4755084bc097113867e6454f8f5e52,14090,ribeirao preto,SP,Southeast,-21.180620467352405,-47.78944969539497,False
3e51f9cbe317bc3a88f2c76583811ee4,08032,sao paulo,SP,Southeast,-23.518272861359613,-46.426974019485215,False
204b4e07bddef3c9b317f70189135b22,37564,borda da mata,MG,Southeast,-22.27231000494808,-46.16574284372653,False
921323538c9f1c4e816f2720eac02bea,01319,sao paulo,SP,Southeast,-23.551959279214017,-46.64163106549717,False
1464afc72f696af775557a821c2e253f,28630,nova friburgo,RJ,Southeast,-22.2435378552906,-42.53771902522588,False
77a515caa36327151d1cc6c32a9f00e1,09912,diadema,SP,Southeast,-23.688942728807405,-46.61361221011016,False
32fdd5d44ecb43dfd6a24b9369eca144,35557,carmo do cajuru,MG,Southeast,-20.187189373368973,-44.77079343504672,False
4b0fdb526525f9890eb145bf1534640e,14940,ibitinga,SP,Southeast,-21.7575376839452,-48.82926174236043,False
1cd9e0cc1839d55516843def5600816d,03951,sao paulo,SP,Southeast,-23.58737221510183,-46.48835954757933,False
7fc87cc3e89b3d1d5cabdca32f8485aa,07123,guarulhos,SP,Southeast,-23.44477868803739,-46.52815653497029,False
0c7f30ae9b147eca07affbef92832a6a,84020,ponta grossa,PR,South,-25.080935055095487,-50.13349895863085,False
e09887ca8c7bf8a4621ce481820414ef,08431,sao paulo,SP,Southeast,-23.534643174029043,-46.41776579620868,False
318f287a62ab7ac10b703ac37435a231,04773,sao paulo,SP,Southeast,-23.6822608395753,-46.70923278420569,False
52bb00821bcdd358a5a5a27e1f6be5a1,06268,osasco,SP,Southeast,-23.500746911737572,-46.77648325200535,False
acb6c2ca5c82411c1fdb88d5fd5eb95e,03423,sao paulo,SP,Southeast,-23.549719138496158,-46.54081195732587,False
26e2e5033827d2ba53929f43e03d8ffe,02611,sao paulo,SP,Southeast,-23.469437382391707,-46.65894779142668,False
55dedd83e501d8248880557d9073cbfd,22061,rio de janeiro,RJ,Southeast,-22.975873354434707,-43.192677111575954,False
5b179e9e8cc7ab6fd113a46ca584da81,05424,sao paulo,SP,Southeast,-23.568696895781635,-46.69752830786545,False
ffdd9f82b9a447f6f8d4b91554cc7dd3,80030,curitiba,PR,South,-25.417610842633717,-49.25982439661836,False
4eeb99008a0f59d2c7759c59f9a346eb,06807,embu das artes,SP,Southeast,-23.626739567439607,-46.82338082359182,False
f3511c85f59f8dec53d140501ee8e7a8,80045,curitiba,PR,South,-25.426059370246406,-49.25460367874656,False
60da8bfa7eebe230b7d66ac4082d79b3,15940,fernando prestes,SP,Southeast,-21.266944444724594,-48.686964321184,False
2c538755f1ca9540af144f266e70df6c,39801,castro pires,MG,Southeast,-17.856688307585618,-41.496476065752375,False
cb41bfbcbda0aea354a834ab222f9a59,03520,sao paulo,SP,Southeast,-23.547126938502696,-46.52127655329215,False
2379bdc3888025689a9deb7b141507d5,13806,mogi mirim,SP,Southeast,-22.419290693029055,-46.96851477976227,False
5ee7fd217d08dfe5d3e2f51f96a12c9a,13880,vargem grande do sul,SP,Southeast,-21.834830792875817,-46.89855840930392,False
a414555ce331b8c8aea4a9cb8395194d,03638,sao paulo,SP,Southeast,-23.5287339045242,-46.54164404593456,False
92992bec39dde5766f590d3b1f46d465,04310,sao paulo,SP,Southeast,-23.63233944240868,-46.64041763696694,False
834f8533b2ecb6598dd004ff3de7203a,05181,sao paulo,SP,Southeast,-23.455598291144913,-46.74431828608442,False
b5f49fe968dff6b112861e6cd8e192ef,80710,curitiba,PR,South,-25.426110802511804,-49.29772478559066,False
b26741d31a563d769b4af0465ab20c56,88061,florianopolis,SC,South,-27.577138400773297,-48.43222927116395,False
f7315bb81aea4ddca2d39e249a801c98,07082,guarulhos,SP,Southeast,-23.43516082070518,-46.5437481283686,False
8e2b3afb420011ef0c88c9d5f11ea526,13060,campinas,SP,Southeast,-22.931073230365268,-47.11188236955391,False
8fff28c4263ddec387f28d237fb42773,05594,sao paulo,SP,Southeast,-23.582582396102246,-46.73950588474525,False
0ddefe3c7a032b91f4e25b9c3a08fca1,09721,sao bernardo do campo,SP,Southeast,-23.720527151826357,-46.54759994080892,False
730937bf88cb151eb2eb849f642fc213,13500,rio claro,SP,Southeast,-22.40910947264711,-47.5632441099025,False
cc3d14116804f7209f3884f6367f1152,82940,curitiba,PR,South,-25.456823224181633,-49.21758088474276,False
5dc203c7b84a0e71e878a179de05fb9a,17580,pompeia,SP,Southeast,-22.104958312539395,-50.17791899951506,False
440dd6ab244315c632130ecfb63827b1,15502,votuporanga,SP,Southeast,-20.41767833946675,-49.98507612801325,False
66fd84ee7528c0c0de85d0f44a73d5ab,98975,campina das missoes,RS,South,-27.99106023427042,-54.8406330292224,False
fec6912baad85d41729669edd6b4d3b8,14110,ribeirao preto,SP,Southeast,-21.259301427145243,-47.81514434984709,False
666658b8da8370f30e1f89893b1de5e6,03658,sao paulo,SP,Southeast,-23.52826921388949,-46.49968569040119,False
f3c38ab652836d21de61fb8314b69182,01206,sao paulo,SP,Southeast,-23.536609489728185,-46.64244480598998,False
90b57083da5d803237da74daec6dcb2b,80730,curitiba,PR,South,-25.4335612739339,-49.29737010214088,False
45d33f715e24d15a6ccf5c17b3a23e3c,18015,sorocaba,SP,Southeast,-23.502578618599745,-47.43233400152923,False
1bb3812d5f0747a3ab7348f199001a10,04708,sao paulo,SP,Southeast,-23.62961423397921,-46.69207952654928,False
c33a5c3c983090c8b78a28e65052a20d,88802,criciuma,SC,South,-28.682688590576102,-49.37063059310332,False
003554e2dce176b5555353e4f3555ac8,74565,goiania,GO,Central-West,-16.64044495308618,-49.27442732112983,False
16090f2ca825584b5a147ab24aa30c86,12940,atibaia,SP,Southeast,-23.114263976686477,-46.5534280320561,False
5659d77e8d90378e39b960ad5956f64e,12062,taubate,SP,Southeast,-23.002893025631405,-45.550236788428286,False
b561927807645834b59ef0d16ba55a24,02955,sao paulo,SP,Southeast,-23.46798917457729,-46.720616775535234,False
28d162ab86bb49d719c32f0ee6186eaa,14079,ribeirao preto,SP,Southeast,-21.130446155765753,-47.743599249724454,False
e06f09ec0a4aca210779cf1cfc63cf19,04773,sao paulo,SP,Southeast,-23.6822608395753,-46.70923278420569,False
8c9348f33ae3dada25c99c99ade2af78,06340,carapicuiba,SP,Southeast,-23.56722907187178,-46.82477959252225,False
da6a60cc8cc724fe51be021ff8be779c,28941,sao pedro da aldeia,RJ,Southeast,-22.83534742873633,-42.10010543271112,False
461ff5303b6c9c1a4a07f40c5aece516,83323,pinhais,PR,South,-25.43775330199361,-49.19498945884075,False
e82de6494d91d3c4c54450f59b227a94,14940,ibitinga,SP,Southeast,-21.7575376839452,-48.82926174236043,False
213b25e6f54661939f11710a6fddb871,13321,salto,SP,Southeast,-23.1919506083782,-47.29076085317961,False
78c99c6dff4eeae5be99bf635ed21e3f,17510,marilia,SP,Southeast,-22.195531213575112,-49.952838881903176,False
a36ac007a4d18f865c8d32c3b2402c2d,06455,barueri,SP,Southeast,-23.500291779103712,-46.85376215440772,False
a2e85714b56b1cb6bb24a9a6e6cad36f,14530,miguelopolis,SP,Southeast,-20.18269909955703,-48.02639519135617,False
6b333a05bf188ef3e1f1662a86bd9855,72304,brasilia,DF,Central-West,-15.86744444999717,-48.058124497478445,False
56642bcb79900e777d68e91915cb4267,03701,sao paulo,SP,Southeast,-23.51333236886144,-46.55050972107444,False
41b86b552e54e3a7009596125aa8b167,02470,sao paulo,SP,Southeast,-23.48496051927325,-46.649877894488924,False
1d0997ff06b524ce9289ffd75114ecd3,52020,recife,PE,Northeast,-8.045279501342097,-34.8941338112701,False
73b8eb4a9a729d4019b24ed1be748cbf,13070,campinas,SP,Southeast,-22.893060504443397,-47.08015686150384,False
a69aa24cec11168e7e39a3fbc727e925,06330,carapicuiba,SP,Southeast,-23.554026326147625,-46.824738533670185,False
8ea394aed8138685abe1eb9f25e1021d,18053,sorocaba,SP,Southeast,-23.501092452680464,-47.518431750000005,False
8a130737016f838139d31878787a39c9,03187,sao paulo,SP,Southeast,-23.560854199485114,-46.578977852387005,False
f682e0f848abafc6f41e0d4e868c66ef,07600,mairipora,SP,Southeast,-23.32257937996993,-46.58965251832185,False
11742f81550ac064cc9a40f67151d9ad,15810,catanduva,SP,Southeast,-21.151710722733547,-48.97077479709691,False
8a40ae794fa3f9892cee24bd5af0488b,82620,curitiba,PR,South,-25.38374355008949,-49.22214319954993,False
0936e1837d0c79253456bbb2ffaaef10,02050,sao paulo,SP,Southeast,-23.517227425341893,-46.61178187155927,False
850f4f8af5ea87287ac68de36e29107f,04367,sao paulo,SP,Southeast,-23.651177950602985,-46.66702857657015,False
4dc2e811a1760953cb7c6a590b498943,17230,itapui,SP,Southeast,-22.233710285738507,-48.72039320113461,False
343e716476e3748b069f980efbaa294e,13033,campinas,SP,Southeast,-22.904839955546095,-47.097678682901496,False
e9729944ba65dc3ce425e0c5a22ae7b2,25730,petropolis,RJ,Southeast,-22.41632898092502,-43.131764472738595,False
e0eabded302882513ced4ea3eb0c7059,13023,campinas,SP,Southeast,-22.893862529175948,-47.06200600118296,False
643214e62b870443ccbe55ab29a4dccf,02134,sao paulo,SP,Southeast,-23.49918202192854,-46.57851628899533,False
0aa124728afc1131dff5655f4c6f487b,37135,alfenas,MG,Southeast,-21.422353181576746,-45.96393569359593,False
ce27a3cc3c8cc1ea79d11e561e9bebb6,03006,sao paulo,SP,Southeast,-23.54170633028446,-46.62414431178525,False
da4d149c0ddbac90557103ac0a0ec356,09861,sbc,SP,Southeast,-23.711871841565856,-46.58159249510195,False
0241d4d5d36f10f80c644447315af0bd,80330,curitiba,PR,South,-25.470015066333886,-49.3056982872641,False
272f092de69afedd4d2969440b37f18f,03265,sao paulo,SP,Southeast,-23.595015834583627,-46.54098715341336,False
d1aa1ec0839dcab73a6161130eb1f94a,80220,curitiba,PR,South,-25.45673191393862,-49.264445823619354,False
8e8a7ce9f2f970dc00e2acf6f6e199f6,24710,sao goncalo,RJ,Southeast,-22.8240836358814,-43.00271495195415,False
d7827b2af99326a03b0ed9c7a24db0d3,86076,londrina,SP,Southeast,-23.286005999999997,-51.17700928069005,False
3935fe5fe0f82787a9dcb8deb62be09d,04905,sao paulo,SP,Southeast,-23.675377293455696,-46.74879733190458,False
119d1aef1b4144adba89163f6cd9f5d4,13920,pedreira,SP,Southeast,-22.74066190615492,-46.89617973391109,False
9a1aea68d3efa00862ec88c0768037d0,15806,catanduva,SP,Southeast,-21.132854475993984,-48.95896307216227,False
a9b533a26e898b12e8b8d4c07279bf4d,21545,rio de janeiro,RJ,Southeast,-22.84457147517397,-43.34321684318198,False
5b51032eddd242adc84c38acab88f23d,37564,borda da mata,MG,Southeast,-22.27231000494808,-46.16574284372653,False
8cc6a0e5738e61a87b03c78b2ba9db4b,37795,andradas,MG,Southeast,-22.071101208131697,-46.57230996498038,False
c53bcd3be457a342a97e39e5a9f0be22,49980,neopolis,SE,Northeast,-10.320008829429042,-36.57734222895666,False
f4db9b37944bcb8873e6b456ee190bbf,08599,itaquaquecetuba,SP,Southeast,-23.466666317726272,-46.341880676728344,False
729b2d09b2a0bdab221076327f13d050,17320,mineiros do tiete,SP,Southeast,-22.41290598945733,-48.45174365679752,False
18e694e0e48ed6f7aa3f24aade5fd697,13224,varzea paulista,SP,Southeast,-23.219135312411904,-46.83324813828847,False
30a81d8cf85fb2ada1b1b094c9583a95,03563,sao paulo,SP,Southeast,-23.54678874550074,-46.49150983416527,False
6561d6bf844e464b4019442692b40e02,07859,franco da rocha,SP,Southeast,-23.32914942450386,-46.71509382785299,False
e64d65bc8dbec2accda90c58de5d1246,13500,rio claro,SP,Southeast,-22.40910947264711,-47.5632441099025,False
3903c788ded8dc03b5ebab37a2f3e9a1,06332,carapicuiba,SP,Southeast,-23.549599404366912,-46.83015172383987,False
63191ead8d3b2f937cd1996fdcbbad20,13212,jundiai,SP,Southeast,-23.17844205522539,-46.96961383859434,False
67bf6941ba2f1fa1d02c375766bc3e53,82400,curitiba,PR,South,-25.394165749206394,-49.34226952118236,False
897060da8b9a21f655304d50fd935913,14092,ribeirao preto,SP,Southeast,-21.177056964755582,-47.767232134697736,False
76c47a299e4a8fe992316a85865acbe9,14075,ribeirao preto,SP,Southeast,-21.141167070777293,-47.79102776074792,False
d1b9d4be4b6f9ebd85f8acd6745ba612,34006,nova lima,MG,Southeast,-19.9815433874147,-43.94273789597666,False
3ea08c48e851106d2f584349daba335f,36201,barbacena,MG,Southeast,-21.224996524753244,-43.78832304813189,False
389e45560e33d2d0747f949dcddbc08e,12238,sao jose dos campos,SP,Southeast,-23.25610234194122,-45.91634533059197,False
b81e3a6c866a764974fe849821abeebd,09360,maua,SP,Southeast,-23.685941286334756,-46.45631502895476,False
40536e7ca18e1bce252828e5876466cc,07747,caieiras,SP,Southeast,-23.39071833256527,-46.71794277080124,False
b494891378bd8f4560abe576c52deacd,04160,sao paulo,SP,Southeast,-23.625852663887155,-46.61139748251486,False
09f952a5f58d2285b0372551ae8f9b01,09725,sao bernardo do campo,SP,Southeast,-23.70468287548627,-46.55634817423029,False
14d7985702e72162bbf13b6beb74ab2b,09131,santo andre,SP,Southeast,-23.69442349597496,-46.49612500269242,False
2c4c47cb51acd5ea5db5e0ae0e26542a,15290,buritama,SP,Southeast,-21.067069686049607,-50.14509943391676,False
b416191c9813d821a295cfabafff4161,14407,franca,SP,Southeast,-20.49639072789715,-47.41772992790109,False
9616352088dcf83a7c06637f4ebf1c80,87504,umuarama,PR,South,-23.75082195379131,-53.30699660789716,False
557f22c76691849db52d2abccf0015d0,75650,morrinhos,GO,Central-West,-17.73298919128804,-49.11066528546312,False
968ee78631915a63fef426d6733d7422,99700,erechim,RS,South,-27.63590215543304,-52.27299099123919,False
533d46c1b06970e99f09523a61df4972,18200,itapetininga,SP,Southeast,-23.587969783820355,-48.044610778287094,False
1dd33b8119b3cb1056ed5dc88cd0aaf4,04710,sao paulo,SP,Southeast,-23.62690341104508,-46.69559922967277,False
ac137bac82ffa8548e62bd9d01d2a14f,03631,sao paulo,SP,Southeast,-23.530203292216957,-46.55115672606608,False
2dcf93836ae3ce0d7c93e2f10876467a,12240,sao jose dos campos,SP,Southeast,-23.224926970858093,-45.91670546912687,False
51702dc2a3e106c76dbff722b5bf0726,13835,conchal,SP,Southeast,-22.33849210436386,-47.1704985,False
97512d3fc193b2d1dfcdba0f9d1f0f8a,08270,sao paulo,SP,Southeast,-23.561244403413355,-46.461987058086464,False
f3975e8a41157005d4bcbb358678cd9b,89870,pinhalzinho,SC,South,-26.847474339865226,-52.98703084893266,False
76d336555bb25f3165d2f0d6da719c40,18015,sorocaba,SP,Southeast,-23.502578618599745,-47.43233400152923,False
f08a5b9dd6767129688d001acafc21e5,90230,porto alegre,RS,South,-30.00839962559865,-51.20140165805877,False
ae45df84722b1d15c5f32b23a095746c,03062,sao paulo,SP,Southeast,-23.54063405190716,-46.58938876824973,False
d197aa8fbc64087f61984deef05f6227,12224,sao jose dos campos,SP,Southeast,-23.172552644933337,-45.81492198362571,False
afa6714acee029b2dfdf357e5579cc03,13690,descalvado,SP,Southeast,-21.90773233180551,-47.62145482668347,False
520b493b57809f446cb0a233bb3e25c7,11075,santos,SP,Southeast,-23.955168288937543,-46.33825949705917,False
9b1ab052f5fca308ba743ac789ebb2e1,85200,pitanga,PR,South,-24.75896913944369,-51.763468962476615,False
bab0a8cd684e41ba6e2637dca0979d3b,22793,rio de janeiro,RJ,Southeast,-23.000811299144484,-43.39884999999998,False
b83cedfb587e7911540e3f576d6917ce,04870,sao paulo,SP,Southeast,-23.752412077990652,-46.75526504252841,False
0ef83d7d83ed97cd2a0049ac8be5f88a,80230,curitiba,PR,South,-25.441516037740243,-49.26703903358531,False
d13e50eaa47b4cbe9eb81465865d8cfc,09210,santo andre,SP,Southeast,-23.636881231331895,-46.5285471172226,False
37303482a42fb700d8d127e70a9cd6c8,13070,campinas,SP,Southeast,-22.893060504443397,-47.08015686150384,False
b2bdc5e7940a7d7ca8c4a37953b27a42,13880,vargem grande do sul,SP,Southeast,-21.834830792875817,-46.89855840930392,False
5c6d4016c2a288f074fa0848a2b653d2,01209,sao paulo,SP,Southeast,-23.54069975090345,-46.641743196015355,False
88cd3681e0a2ba85e190f7d817629c4c,88354,brusque,SC,South,-27.108832310337963,-48.92802784169937,False
da8622b14eb17ae2831f4ac5b9dab84a,13405,piracicaba,SP,Southeast,-22.70928658782974,-47.66552445822037,False
fe26f3ecb51a15e6d8335cd92da42562,04365,sao paulo,SP,Southeast,-23.674393992186875,-46.64276902169393,False
5151aea44289d6c6b090ee31c2132508,17515,marilia,SP,Southeast,-22.210601786438325,-49.9388464444415,False
9c351405b754cc5ce3e2ecf277bb034a,03134,sao paulo,SP,Southeast,-23.58474495679707,-46.58431093450283,False
13511db12ac61e2f89c53b72a944a60b,95020,caxias do sul,RS,South,-29.166008034414517,-51.18000246793592,False
4b90495391ac0bd181a80a459df1e718,96400,bage,RS,South,-31.327667669995538,-54.10638773029511,False
b37c4c02bda3161a7546a4e6d222d5b2,03667,sao paulo,SP,Southeast,-23.53149407245617,-46.495714443983125,False
5f1dc28029d2c244352a68107ec2b542,05126,sao paulo,SP,Southeast,-23.50194772122327,-46.741152929085914,False
710e3548e02bc1d2831dfc4f1b5b14d4,86600,rolandia,PR,South,-23.31232424669316,-51.3645044253397,False
485452467ff670447e84a8370c3fc898,89190,taio,SC,South,-27.117117463708173,-50.00016695458925,False
4d8809767a5bafe22909c77951fb6b41,06803,embu das artes,SP,Southeast,-23.64884795697964,-46.84988237290081,False
3ab971ce71839580d2ae5b4e40fe8044,03210,sao paulo,SP,Southeast,-23.601201453517177,-46.54908781571352,False
9d4db00d65d7760644ac0c14edb5fd86,18025,sorocaba,SP,Southeast,-23.515676225085155,-47.4427542105142,False
1dcfa3835714681d4ba4a93bc1e0fd41,16200,birigui,SP,Southeast,-21.294270166927944,-50.34272175985954,False
6da1992f915d77be95d7fa48b36904af,01026,sao paulo,SP,Southeast,-23.539439503750906,-46.632953890394745,False
d4f117125b59ce73c3302f88ee40c458,04058,sao paulo,SP,Southeast,-23.610674331476968,-46.648720163194646,False
1de62b6f2fd96227629786db492433db,16021,sp,SP,Southeast,-21.226885637803672,-50.45647014931618,False
30a2f535bb48308f991d0b9ad4a8c4bb,13457,santa barbara d'oeste,SP,Southeast,-22.766917697505974,-47.38858556770016,False
a36b125ac6d5fdbc7f50de85c9157bdc,14020,ribeirao preto,SP,Southeast,-21.20253542048014,-47.802165836386976,False
1336efc61c316ddf92c899eb817f7cae,19800,assis,SP,Southeast,-22.664912510964268,-50.41569053148141,False
620c87c171fb2a6dd6e8bb4dec959fc6,25645,petropolis,RJ,Southeast,-22.54059248152321,-43.201898464889226,False
ab91571efab27993ff2f6b36e38055c3,04319,sao paulo,SP,Southeast,-23.64742980183505,-46.636862437417015,False
63a79f5a7eb5cb48a7e5787b141c7993,38701,patos de minas,MG,Southeast,-18.577525746082078,-46.52394749440882,False
070d165398b553f3b4b851c216b8a358,03916,sao paulo,SP,Southeast,-23.58978640576496,-46.5074310596688,False
b64d51f0435e884e8de603b1655155ae,07077,garulhos,SP,Southeast,-23.43632365445209,-46.5558242164868,False
9fc70243fb26800cba56e8f014797004,30270,belo horizonte,MG,Southeast,-19.921297368861428,-43.90615900528012,False
1cbcd2ee0afb3fc09963b87eb65e7e4f,82640,curitiba,PR,South,-25.37691965244959,-49.23456675155658,False
344223b2a90784f64136a8a5da012e7f,89117,gaspar,SC,South,-26.846731824251172,-49.03081517651177,False
4c8b8048e33af2bf94f2eb547746a916,14940,ibitinga,SP,Southeast,-21.7575376839452,-48.82926174236043,False
7a704e63bb29c446869efde5d57524c8,85601,francisco beltrao,PR,South,-26.079745651148887,-53.05370736304795,False
88460e8ebdecbfecb5f9601833981930,87030,maringa,PR,South,-23.41411528795121,-51.92764074296912,False
7d76b645482be4a332374e8223836592,01511,sao paulo,SP,Southeast,-23.56260386955392,-46.63281407271053,False
296729ffb9b684050dd24836dac4494a,80240,curitiba,SP,Southeast,-25.4493420133302,-49.288181133504494,False
5f06030071324cc52bf0304014ac7234,17514,marilia,SP,Southeast,-22.187769464611353,-49.92815827854398,False
c542f5a8c64d973f30e9df8d06f70b4a,02013,sao paulo,SP,Southeast,-23.50220016541636,-46.6347327799065,False
d36b07fd3c5088e477a72d1fccfe29d4,18200,itapetininga,SP,Southeast,-23.587969783820355,-48.044610778287094,False
46ef1a25845fc051c2998d878354810c,35530,claudio,MG,Southeast,-20.44177374108617,-44.76617579262522,False
a61cc04793308395a840807104365121,13240,jarinu,SP,Southeast,-23.09786854430788,-46.71666653697735,False
cac4c8e7b1ca6252d8f20b2fc1a2e4af,13347,indaiatuba,SP,Southeast,-23.132453225773283,-47.22496128844455,False
cc63f0dd2acba93ffed4fe9f8e0321fa,15025,sao jose do rio preto,SP,Southeast,-20.80630548951811,-49.38853543241744,False
b29d3380981c51df13fc6fbe87e1763d,14057,ribeirao preto,SP,Southeast,-21.132667016374285,-47.84616215847713,False
a53f60f05f822b5c621a50ff6a5cb362,38402,uberlandia,MG,Southeast,-18.87411320666117,-48.27166819341113,False
dbec9a0a7efeff029d4d9dce7dc4cc95,31920,belo horizonte,MG,Southeast,-19.87079902914191,-43.91164360261705,False
8de8fe3af4449ed695d2434c933ed73e,01215,sao paulo,SP,Southeast,-23.536198100467452,-46.64808511296093,False
aa762680c40618316a896838866140ea,82510,curitiba,PR,South,-25.39991397196895,-49.240479897003226,False
577719699805dd125d5b6fdde5943bba,95150,nova petropolis,RS,South,-29.37562445063916,-51.11295904898429,False
13dd308f81fea30cc670c656b2b46cc3,13454,santa barbara d'oeste,SP,Southeast,-22.74073757204978,-47.376815906482335,False
01fd077212124329bac32490e8ef80d9,14079,ribeirao preto / sao paulo,SP,Southeast,-21.130446155765753,-47.743599249724454,False
7a188843479798ca813108fa7b959286,04276,sao paulo,SP,Southeast,-23.600301233971948,-46.61387037621903,False
cb32766839f443db85c82a43c4a6c19e,13506,rio claro,SP,Southeast,-22.390349999999955,-47.55009280056565,False
7aa538dd6e114e503a2e6154ea352253,15807,catanduva,SP,Southeast,-21.124126576219584,-48.951143172081466,False
e0a3c37054ade6478d923a6efc10f308,88340,camboriu,SC,South,-27.024092828642537,-48.65014201544432,False
0d4c8269e7f0401201794deef160edd6,14076,ribeirao preto,SP,Southeast,-21.155366074658097,-47.7865842776127,False
3d68c634a99a1ba46dbca3967a69c623,88270,nova trento,SC,South,-27.286227812835257,-48.931255491023535,False
8fbe2ee446b97e128471be4ce983dc0d,18103,sorocaba,SP,Southeast,-23.41836784762538,-47.415398870126985,False
e0b162a693bc7f9eab00f783a31d60ea,96020,pelotas,RS,South,-31.75488889508914,-52.34185122496957,False
1f867308a0ce13133a4e639ff4de0c02,82510,curitiba,PR,South,-25.39991397196895,-49.240479897003226,False
06a2c3af7b3aee5d69171b0e14f0ee87,65072,sao luis,MA,Northeast,-2.50170334595348,-44.24605362962009,False
2e90cb1677d35cfe24eef47d441b7c87,02285,sao paulo,SP,Southeast,,,True
9315e491484b1b0081ca166fc164108d,86039,londrina,PR,South,-23.32116052510254,-51.14229042105706,False
adbc26658d6c7b4b6219f9d934598091,81770,curitiba,PR,South,-25.528526586040734,-49.24107094515132,False
0ffa40d54288e4f3499b8780dd0f144f,19013,presidente prudente,SP,Southeast,-22.135447660271844,-51.39184720138431,False
d05ae8f7a5bd1d2a690a44cd079e4e27,22775,rio de janeiro,RJ,Southeast,-22.970469050868427,-43.382106159559314,False
508808d438fe2ff972ed13bb8f4a82e2,03963,sao paulo,SP,Southeast,-23.60953115672922,-46.47971457627197,False
28fb0829fd777877cdc350d25cb5bd5b,15051,sao jose do rio pret,SP,Southeast,-20.7735130708512,-49.36869406537514,False
c794dab4928dd97beb41d05514441e86,13160,artur nogueira,SP,Southeast,-22.573781891885808,-47.16622822963837,False
1976a05ecf2996d6ffb7b5430e635fe7,19806,assis,SP,Southeast,-22.65567949624909,-50.42425955245543,False
c70a353f02429c00775a46a75fb787da,08275,sao paulo,SP,Southeast,-23.571768347351245,-46.47974728425616,False
39d61be7a92eb77b7da367bd4845bc0e,13420,sao paulo,SP,Southeast,-22.738508133101426,-47.62078852449649,False
c510bc1718f0f2961eaa42a23330681a,13330,indaiatuba,SP,Southeast,-23.085985886354763,-47.21685179489583,False
8cf21434553b02cbd37c0bbd07e041b0,88102,sao jose,SC,South,-27.596581870842094,-48.61563841744932,False
edd066cd02126d7800f9b66e980e9931,70070,brasilia,DF,Central-West,-15.784947821906343,-47.89325909574992,False
cf281cf8b7affbdfe751b29cc85580e1,61760,eusebio,CE,Northeast,-3.8784708002568,-38.45743186063702,False
392353362d22cc2c236e1ee81ff19890,89069,blumenau,SC,South,-26.79356751967201,-49.092656585240434,False
1f7fd2a6fcd5a6fa5d8a4dabc72aaae0,95800,venancio aires,RS,South,-29.610418370210443,-52.19287514646905,False
c878515173c84a492ebe50d6b493230b,85880,itaipulandia,PR,South,-25.142939654339568,-54.29899300138354,False
77714512e8d4dda9c234da8e3faf16e4,07056,guarulhos,SP,Southeast,-23.460070190951583,-46.565685717871794,False
0eaa7e33d73809f1f925f7d07c506cbd,09111,santo andre,SP,Southeast,-23.67234862254022,-46.490120925760486,False
bcf5566870987da7bc811fbc8c5b9fd9,03378,sao paulo,SP,Southeast,-23.57123411573089,-46.54188892131685,False
3d01d1c414c44b5943a09619ff3853cb,13040,campinas,SP,Southeast,-22.93746528451247,-47.06117385967988,False
2e1c9f22be269ef4643f826c9e650a52,04850,sao paulo,SP,Southeast,-23.750982309048418,-46.678867884399004,False
00fc707aaaad2d31347cf883cd2dfe10,87025,maringa,PR,South,-23.38233922852509,-51.92907277817959,False
52f6f9f13ba19504c02781132a049e75,80540,curitiba,PR,South,-25.406798247736937,-49.260972132667774,False
83c8aafbefb034674a70de0eac5b8954,85601,francisco beltrao,PR,South,-26.079745651148887,-53.05370736304795,False
58e4b302b54937e55a678c4d15111da4,83402,colombo,PR,South,-25.34596960871168,-49.22255984665216,False
d1c281d3ae149232351cd8c8cc885f0d,14940,ibitinga,SP,Southeast,-21.7575376839452,-48.82926174236043,False
33c51922b6e3c16b24a8f28e5833c99d,86010,londrina,PR,South,-23.317785,-51.157601568238455,False
f80edd2c5aaa505cc4b0a3b219abf4b8,03431,sao paulo,SP,Southeast,-23.550965433810333,-46.537572001529206,False
0761743cbffb25d7148189e9f1a5f03a,14096,ribeirao preto,SP,Southeast,-21.20164654731953,-47.77544519816494,False
0b46f784306be7200ca1700aa55d819f,31210,belo horizonte,MG,Southeast,-19.90743033347278,-43.949130140119294,False
7a9c12e235c36247c3c81f50d6ea9cea,09541,sao caetano do sul,SP,Southeast,-23.62003247100232,-46.56389282653356,False
8629c241b3622ac12cd4118afdc8d394,14090,ribeirao preto,SP,Southeast,-21.180620467352405,-47.78944969539497,False
3ade81dab5a172b88e1871c28ae05260,15076,sao jose do rio preto,SP,Southeast,-20.8331968117829,-49.35207353557372,False
562fc2f2c2863ab7e79a9e4388a58a14,13070,campinas,SP,Southeast,-22.893060504443397,-47.08015686150384,False
7dc8c42cc750eeafea6c85712ffee9bf,05424,sao paulo,SP,Southeast,-23.568696895781635,-46.69752830786545,False
247587846358bb1d2e4c6522020b36fe,15093,sao jose do rio preto,SP,Southeast,-20.85408564677639,-49.40972405518848,False
a35ef466c6fd6d052f5d241240d3c5e2,93347,novo hamburgo,RS,South,-29.67794706477603,-51.1680187543593,False
651530bf5c607240ccdd89a30c9c9712,44600,ipira,BA,Northeast,-12.157504709615496,-39.74025382761943,False
f1c1ac3f3efc07e659c035008e615e66,02119,sao paulo,SP,Southeast,-23.511942,-46.59285820564648,False
df0f42bc4c2142eacf0eaf2cffd0cfbb,88306,itajai,SC,South,-26.93943542636326,-48.64104924040381,False
40db9e9aa57f7bb151bcda6b0f9bdbb7,52010,recife,PE,Northeast,-8.058288489035721,-34.89926047446477,False
68ca56ce86830f3d31b1b7ec6a54da3e,83280,guaratuba,PR,South,-25.88189704986116,-48.58099739928745,False
960945e1a9535cbc0cd6ddd35fbe7ae8,08290,sao paulo,SP,Southeast,-23.553849520399325,-46.45126429141904,False
c00396cbdd2e088fe4281baa5920aef1,83535,campo magro,PR,South,-25.373720488563343,-49.37945080570276,False
8d92f3ea807b89465643c219455e7369,03052,sao paulo,SP,Southeast,-23.54080158964741,-46.60696804677127,False
c52c644cc0dc85121207a27013efc6af,36325,tiradentes,MG,Southeast,-21.11075716331317,-44.171459312780286,False
7e26c750b4cb9f6766f58265ff9ebe95,30270,belo horizonte,MG,Southeast,-19.921297368861428,-43.90615900528012,False
5a8e7d5003a1f221f9e1d6e411de7c23,13076,campinas,SP,Southeast,-22.881994037973115,-47.05134892464941,False
6d1b9c9579132c87d2703ec38c30f2c5,82515,curitiba,PR,South,-25.39420707015413,-49.230161403975686,False
20f0aeea30bc3b8c4420be8ced4226c0,13456,santa barbara d'oeste,SP,Southeast,-22.757853092021755,-47.36911154235017,False
575df70bde3f9f2b30bf8d2e9910d725,15075,sao jose do rio preto,SP,Southeast,-20.818646730914057,-49.353901242532984,False
5d3bb11474a06bdc23fb9e89f1164ee0,19804,assis,SP,Southeast,-22.664580276545117,-50.43569759991651,False
c35affa65afd250151285c5917fc1c8a,08050,sao paluo,SP,Southeast,-23.510791537739593,-46.45833326433849,False
e59e489e2ea74bd409b798b5daf49de3,87060,maringa,PR,South,-23.44938002137887,-51.95616388233891,False
7d948535954aaf8c5d39db007f74372e,11442,guaruja,SP,Southeast,-23.978624736621192,-46.22163429433324,False
c7b7db6c8f3c64a7cc1afa634db21d50,04367,sao paulo,SP,Southeast,-23.651177950602985,-46.66702857657015,False
1352e06ae67b410cdae0b2a22361167b,26051,rio de janeiro,RJ,Southeast,-22.69191678310541,-43.45795887233167,False
3bb548e3cb7f70f28e3f11ee9dce0e59,87040,maringa,PR,South,-23.41381626586972,-51.90660409079477,False
ee2fbacc2fc3794e656cc4d933d59ce7,05061,sao paulo,SP,Southeast,-23.540340462988322,-46.70333121201503,False
522620dcb18a6b31cd7bdf73665113a9,85801,cascavel,PR,South,-24.9581290065352,-53.461862999899225,False
d32e3909cfb714fb2a6cb092c85b9c5f,13215,jundiai,SP,Southeast,-23.172418498250238,-46.88751080890418,False
e5c84227854980f1db19a58958c551d9,83823,fazenda rio grande,PR,South,-25.658788630435712,-49.301017114416936,False
ce7d1888639e6fb06b2749cbfdac1ff7,37443,baependi,MG,Southeast,-21.958821165081865,-44.89014442513931,False
693660429f9dc4ff704eb3d88dad54d7,09170,santo andre,SP,Southeast,-23.70957999999996,-46.50919179384276,False
2cb4700db635baa1c0d4f90ed27b6669,81070,curitiba,PR,South,-25.479157744277394,-49.30123606803939,False
a4b6b9b992b46e9ef863637af96e04bc,88090,florianopolis,SC,South,-27.592678477927223,-48.59494971189917,False
ff1e15b778c700abdd4d239b81ac466d,81260,curitiba,PR,South,-25.48482900360667,-49.35267191467243,False
820c7c9eaf76d2b226b6c242bcf3f34d,04756,sao paulo,SP,Southeast,-23.64651616616781,-46.71908044463038,False
85d9eb9ddc5d00ca9336a2219c97bb13,31255,belo horizonte,MG,Southeast,-19.867817606562426,-43.94852442685679,False
a673821011d0cec28146ea42f5ab767f,03809,sao paulo,SP,Southeast,-23.49070092949765,-46.47727000692782,False
ebe3dabc4955c9b0d695e7bda38bf5c3,14085,ribeirao preto,SP,Southeast,-21.16589577156796,-47.79706200874256,False
ca7c6bd577e559472af1c699de9e764e,09812,sao bernardo do campo,SP,Southeast,-23.725385633360265,-46.56876592229781,False
c8b3445d737de6befde0c88ede534a5e,05734,sao paulo,SP,Southeast,-23.626092843590477,-46.74424266279062,False
eb5b6204dde3a6e03b5f1bb8479f055b,06900,embu guacu,SP,Southeast,-23.83384395394196,-46.81537087267584,False
4a5b36211b1f51bf7eaa5c10a57fa483,24445,sao goncalo,RJ,Southeast,-22.817196209791963,-43.03568392007604,False
2e1a7d075abe038c1b2743005fe42ff1,03461,sao paulo,SP,Southeast,-23.569722785710617,-46.525408712075006,False
973f21788dfab357250f69a8dcb7ddee,35530,claudio,MG,Southeast,-20.44177374108617,-44.76617579262522,False
ba89796db68db180bd389de96b2ff3b6,05763,sao paulo,SP,Southeast,-23.643386611720185,-46.76014650039448,False
b9ec22de23f18567de0e09d776ca0309,72318,brasilia,DF,Central-West,-15.863821920691676,-48.08496719504126,False
79ee721b6f766066a80264402548d359,17011,bauru,SP,Southeast,-22.331463517340907,-49.05333796225976,False
11bfa66332777660bd0640ee84d47006,14085,ribeirao preto,SP,Southeast,-21.16589577156796,-47.79706200874256,False
7d484ca289afaac6bf5fc6a1e96d2226,79104,campo grande,MS,Central-West,-20.462807707954365,-54.68991649999997,False
5160d23075764e18e07c1f4a87fad743,09720,sao bernardo do campo,SP,Southeast,-23.716211489324184,-46.553602803912526,False
3a1a1fec38dd360f15fc912e821e169d,02451,sao paulo,SP,Southeast,-23.49888182745255,-46.64217369244472,False
141440cad9341e553f8401c574a2aa38,85200,pitanga,PR,South,-24.75896913944369,-51.763468962476615,False
05aebce0b5c8f0d41b29b686f2d05fd3,03962,sao paulo,SP,Southeast,-23.60602594451177,-46.4814987850424,False
dd39ad39b5d3df33037e141c72497ba6,04282,sao paulo,SP,Southeast,-23.607787431862768,-46.61094936303305,False
695051e2981c8b19e77cafe450d5bdf3,06276,osasco,SP,Southeast,-23.489057541484687,-46.77637669601809,False
dd55f1bb788714a40e7954c3be6df745,01021,sao paulo,SP,Southeast,-23.542808668330554,-46.63213975243804,False
ae7ab174effdead6c241e547e4ca13f0,86703,arapongas,PR,South,-23.393141924874477,-51.41868435077902,False
9d7a1d34a5052409006425275ba1c2b4,14403,franca,SP,Southeast,-20.554800970849215,-47.38774879492066,False
8c351ed7c326c62123318f4f3246e906,11701,praia grande,SP,Southeast,-24.008581329681114,-46.419632758540544,False
dc4a0fc896dc34b0d5bfec8438291c80,14940,ibitinga,SP,Southeast,-21.7575376839452,-48.82926174236043,False
3a4127e1ba7208ea37044c5092aae170,08226,sao paulo,SP,Southeast,-23.523957293092487,-46.46187852233399,False
7c4402417d51474d4d0cda9557340e40,09530,sao caetano do sul,SP,Southeast,-23.621911665678567,-46.57435280682671,False
b9ca8e8baa5d4aa038394a700f63e69f,03001,sao paulo,SP,Southeast,-23.54265485902402,-46.61623785668573,False
3968920b9aa752ab98f7d5888c9252f2,17056,bauru,SP,Southeast,-22.353255108691155,-49.10141221854996,False
9b522ba7eae9e1d04082f267144583cc,04843,sao paulo,SP,Southeast,-23.742815133778624,-46.69509635899897,False
539ed9e19811677513447759be5eccfc,31520,belo horizonte,MG,Southeast,-19.81895903843632,-43.96927362197417,False
e26901d5ab434ce92fd9b5c256820a4e,09350,maua,SP,Southeast,-23.68113547177626,-46.44449009285006,False
9d5604a1f112324ad6b2aa552122e0fb,88075,florianopolis,SP,Southeast,-27.583709059957247,-48.58055730128678,False
a6fe7de3d16f6149ffe280349a8535a0,14401,franca,SP,Southeast,-20.527836467752614,-47.38819149126934,False
aac29b1b99776be73c3049939652091d,38408,uberlandia,MG,Southeast,-18.92412558767655,-48.2490225,False
54a1852d1b8f10312c55e906355666ee,13456,santa barbara d'oeste,SP,Southeast,-22.757853092021755,-47.36911154235017,False
88ae906ea2acf6971f26c3e8b7cb4357,01550,sao paulo,SP,Southeast,-23.57381229586244,-46.61617543505108,False
bba8d0c234a52b87b3957037a215d1a4,74343,goiania,GO,Central-West,-16.73600057496822,-49.302848795035395,False
c826c40d7b19f62a09e2d7c5e7295ee2,07133,guarulhos,SP,Southeast,-23.437195512349252,-46.511212143632044,False
a425f92c199eb576938df686728acd20,81050,curitiba,PR,South,-25.490001510259013,-49.30177853009011,False
3c3017960b2dbd72711a61f0400aab8f,89251,jaragua do sul,SC,South,-26.488910860667115,-49.08117169900166,False
ab9db4cf53b08b828b64dccaafc2d9f0,96530,paraiso do sul,RS,South,-29.729538830080365,-53.18056589881992,False
113e3a788b935f48aad63e1c41dac1bd,12570,aparecida,SP,Southeast,-22.846827930538257,-45.23172868394487,False
94c49f20a123aeb9360dbf80ff912bf6,18015,sorocaba,SP,Southeast,-23.502578618599745,-47.43233400152923,False
1ca4bdb0cd7fc48e949bac066188ed26,36773,cataguases,MG,Southeast,-21.382072878475352,-42.70459206234439,False
d12c926d74ceff0a90a21184466ce161,02634,sao paulo,SP,Southeast,-23.45839920843673,-46.65156107271052,False
71dc18fd8cbf5fd77f45dd8b427abb34,82520,curitiba,PR,South,-25.415524864836385,-49.23065764230485,False
b43d8b707f887a30f4675391098354a0,44600,ipira,SP,Southeast,-12.157504709615496,-39.74025382761943,False
f235413f677777a0738ff215d0184901,17250,bariri,SP,Southeast,-22.07345577543381,-48.740226741136304,False
985c92cc412091f8529c12d7f23d3fef,36300,sao joao del rei,MG,Southeast,-21.133258407986663,-44.26136267638063,False
038b75b729c8a9a04b0d07cba7eabe86,12231,sao jose dos campos,SP,Southeast,-23.224919290870783,-45.88013074034858,False
a4b8d97cd5d3674eeff96abc99d8ed67,13177,sumare,SP,Southeast,-22.809471349702847,-47.22722917764835,False
ffad1e7127fb622cb64a900751590acd,13465,americana,SP,Southeast,-22.744087211669218,-47.3355508154243,False
594f9aaa48e5bf431f011ddc5669b0d5,32185,contagem,MG,Southeast,-19.847533142091137,-44.02754260174426,False
eba88037e1dca898cd02881f67ced679,03647,sao paulo,SP,Southeast,-23.524546777684805,-46.5277016575105,False
01ed254b9ff8407dfb9d99ba1e17d923,08710,mogi das cruzes,SP,Southeast,-23.52323657802531,-46.19443689775291,False
f7ccf836d21b2fb1de37564105216cc1,14940,ibitinga,SP,Southeast,-21.7575376839452,-48.82926174236043,False
7e3f87d16fb353f408d467e74fbd8014,04809,sao paulo,SP,Southeast,-23.71710977251564,-46.69408979728746,False
9140bd1d9de28b197dce077bdd687438,13900,amparo,SP,Southeast,-22.702505343326205,-46.76603399999999,False
a2b911e9ad40dc7d61c142a4683e2d85,27353,barra mansa,RJ,Southeast,-22.537334794392724,-44.218894158520605,False
a56e351445e5863fc8960640ba9190c7,88306,itajai,SC,South,-26.93943542636326,-48.64104924040381,False
bb135baca94c82fcb731335ad5b04a03,04362,sao paulo,SP,Southeast,-23.64559614767141,-46.668575716414686,False
a353b1083c9863d756d9404695016d64,29150,cariacica,ES,Southeast,-20.324765872905083,-40.376814003612765,False
b56828a9f9027f3c918c04ca720d9e3c,11707,praia grande,SP,Southeast,-24.05519730210918,-46.54428746202689,False
6e0908ef4d4efadbc3cc2b74ea477cb0,20910,rio de janeiro,RJ,Southeast,-22.899965164319838,-43.22916716139132,False
5d9f3746e112e696f98ea22c56b3e912,03171,sao paulo,SP,Southeast,-23.551532565223035,-46.59013642027812,False
c8143b3069f6746a77421b5ce30a450c,75345,abadia de goias,GO,Central-West,-16.766377164880446,-49.43502000000001,False
f5f46307a4d15880ca14fab4ad9dfc9b,89165,rio do sul,SC,South,-27.23160193724413,-49.65262361714452,False
58c851d1a3c7cd3da329eb59453fed44,13504,rio claro,SP,Southeast,-22.392665048156225,-47.57888451865112,False
4830e40640734fc1c52cd21127c341d4,03573,sao paulo,SP,Southeast,-23.559257999999947,-46.50992229433324,False
dbb9b48c841a0e39e21f98e1a6b2ec3e,03929,sao paulo,SP,Southeast,-23.606002911881795,-46.48996436698597,False
8fb67a334bacec338885b4e9e1708073,85905,toledo,PR,South,-24.71391118525345,-53.73457633467363,False
c6a7539d424a8402232c2228d7a03c5e,03191,sao paulo,SP,Southeast,-23.56910958090484,-46.57230203274859,False
72c5da29406b4234927b81855e7b64f6,07077,guarulhos,SP,Southeast,-23.43632365445209,-46.5558242164868,False
e83c76265fc54bf41eac728805e4da77,16074,aracatuba,SP,Southeast,-21.194687870213063,-50.45248503566663,False
a72f15980dc3e9bfd1a49ac9b2f3af65,17512,marilia,SP,Southeast,-22.161100945322865,-49.963594149316194,False
ad738d3fcf42655ed15c4960b7b6c601,93425,novo hamburgo,RS,South,-29.719142719049653,-51.11826026366128,False
0ed6ce5d87fd9c69eaacaeb778d67235,13473,americana,SP,Southeast,-22.719931023482893,-47.3076671410641,False
00d8b143d12632bad99c0ad66ad52825,30170,belo horizonte,MG,Southeast,-19.927880769634733,-43.944345078409015,False
fedf2c1386e137f296b3bbf3b635e69d,03410,sao paulo,SP,Southeast,-23.551239980855748,-46.55140151276761,False
8bdd8e3fd58bafa48af76b2c5fd71974,01552,sao paulo,SP,Southeast,-23.571146043020363,-46.61111143247717,False
4391ea5c5990502176a1dcda44a2373d,91910,porto alegre,RS,South,-30.103340075639046,-51.24223024875924,False
38e6dada03429a47197d5d584d793b41,04763,sao paulo,SP,Southeast,-23.66965348404407,-46.71946743381032,False
6973a06f484aacf400ece213dbf3d946,12230,sao jose dos campos,SP,Southeast,-23.225423322782643,-45.88740164446877,False
e83e93b71371817b11d78a63ff156aee,06409,barueri,SP,Southeast,-23.494118202044767,-46.89592942002088,False
9bade61a92bed55a25d2b67b9f4ed739,83005,sao jose dos pinhais,PR,South,-25.53850873775408,-49.199211815350495,False
6c6cc59a5c00cacc5054ca06d65cc282,97110,santa maria,RS,South,-29.699831996393318,-53.73455666345846,False
c6381b1321d7d97717a5bb4ed5b77882,04276,sao paulo,SP,Southeast,-23.600301233971948,-46.61387037621903,False
d29ba1220fb8634fa3a107e54497b8a4,13560,sao carlos,SP,Southeast,-22.015157387918624,-47.8899807119315,False
226b05fe067266c59c15dae208213d06,81520,curitiba,PR,South,-25.462920875130468,-49.239786871631374,False
578460d8319c51dab351cd9db95eadfe,74550,goiania,GO,Central-West,-16.66498294969052,-49.28283999999996,False
328acb143b4a73aad6bee8e734f5d20d,85865,foz do iguacu,PR,South,-25.511624644869606,-54.58611186108152,False
788f22bafdd7ab0e1e79f19db72f16a4,04137,sao paulo,SP,Southeast,-23.61129423935148,-46.62102193477695,False
86ff3eaef0267069cc891a2ed9d10a17,88135,palhoca,SC,South,-27.678028441544996,-48.68243950142368,False
5f7300535881cef3b625fd683cf7d145,92020,canoas,RS,South,-29.919070451425384,-51.17380233527612,False
0cbcee27c791afa0cdcb08587a2013a8,37410,tres coracoes,MG,Southeast,-21.69448512017128,-45.25794378743439,False
20611af7866c6068fd5ae1f9dbe15c92,13660,porto ferreira,SP,Southeast,-21.858792941863733,-47.47982718384467,False
1fa2d3def6adfa70e58c276bb64fe5bb,04106,sao paulo,SP,Southeast,-23.581382364418037,-46.63567651180098,False
3d2531eccfbde1d7c8db7a3a12fb267a,31340,contagem,MG,Southeast,-19.865953042327874,-43.98955636519697,False
fcdd820084f17e9982427971e4e9d47f,14075,ribeirao preto,SP,Southeast,-21.141167070777293,-47.79102776074792,False
d8dd176509baa37f359644d082bf7f7b,09570,sao caetano do sul,SP,Southeast,-23.63378101387846,-46.56212296011719,False
cb5ff1b9715e99589f3e0c7a6afab9e3,87060,maringa,PR,South,-23.44938002137887,-51.95616388233891,False
9b1f656ca3060f8af17a50d8a024b533,11013,santos,SP,Southeast,-23.93855797571648,-46.32490908992154,False
43a5d4a57af536fddc96d08be3afdfcb,37006,varginha,MG,Southeast,-21.56578212292343,-45.437668898992925,False
b1a81260566c1bac3114a6d124413f27,99500,carazinho,RS,South,-28.288710481076787,-52.79146350624379,False
080199a181c46c657dc5aa235411be3b,06097,osasco,SP,Southeast,-23.528477797702415,-46.77987873750652,False
cca3071e3e9bb7d12640c9fbe2301306,14940,ibitinga,SP,Southeast,-21.7575376839452,-48.82926174236043,False
788e857f317e53de488d393e65a80f45,08280,sao paulo,SP,Southeast,-23.56025281085175,-46.47317066292054,False
d51e0a403fe2e689ece6c73359d96e12,17580,pompeia,SP,Southeast,-22.104958312539395,-50.17791899951506,False
b080809eaacb49e5ca07290981472431,30431,belo horizonte,MG,Southeast,-19.936284077153925,-43.966638670004,False
7f7b8245c336066a1f9933c359f11d77,13800,mogi mirim,SP,Southeast,-22.437271614428184,-46.96576593924567,False
8648b1e89e9b349e32d3741b30ec737e,12308,jacarei,SP,Southeast,-23.304238944149432,-45.962692417710166,False
d50d79cb34e38265a8649c383dcffd48,08290,sao paulo,SP,Southeast,-23.553849520399325,-46.45126429141904,False
f214d28e8d8e3ef068748498ccc2f813,03872,sao paulo,SP,Southeast,-23.51253401672528,-46.501049539944844,False
717b78b0950b51ed00b1471d858b0edc,18220,alambari,SP,Southeast,-23.564723981558146,-47.8844532848165,False
aa2640d851ec322526f1295bbeb20092,01156,sao paulo,SP,Southeast,-23.52994970053087,-46.66461041701768,False
ebd2d60905fb58271facef5596b620d3,18683,lencois paulista,SP,Southeast,-22.602424372093175,-48.80776976583198,False
efcd8d2104f1a05d028af7bad20d974b,16012,aracatuba,SP,Southeast,-21.21224751471518,-50.40380276970684,False
6562efe88ce0826a4ca4f189f03b4b84,87005,maringa,PR,South,-23.44200950418177,-51.927738153267285,False
400f221ab83037c0ea78f1267da9624d,17700,osvaldo cruz,SP,Southeast,-21.79623788022635,-50.878564018265436,False
530ec6109d11eaaf87999465c6afee01,85807,cascavel,PR,South,-24.9461937608548,-53.48799337649314,False
a5259c149128e82c9d6d46e0c1c812bb,76900,ji parana,RO,North,-10.878859913934782,-61.95841491768151,False
f543ba3c973276f519d89d59bd46cead,15030,sao jose do rio preto,SP,Southeast,-20.795883042360032,-49.38386161498512,False
89f69225956f951295ca4c7fb1266553,27700,vassouras,RJ,Southeast,-22.409212160789345,-43.664245129708725,False
8b11118053756a9a2932f447e11fc1b5,17350,igaracu do tiete,SP,Southeast,-22.51566383123489,-48.56330837719695,False
6bb62a4912377c7bfe7cb17b406bc7e6,13215,jundiai,SP,Southeast,-23.172418498250238,-46.88751080890418,False
f9d010e39375d9c91dce3f40b73a2f84,12600,lorena,SP,Southeast,-22.730642245628715,-45.12311175382301,False
052577151711aec5c744fe12e66db3e1,89136,rodeio,SC,South,-26.907814984792267,-49.3645971471255,False
0adac9fbd9a2b63cccaac4f8756c1ca8,13290,louveira,SP,Southeast,-23.08616582768689,-46.95452406342454,False
269cff2d3c8d205c11f37a52402ea93b,15803,catanduva,SP,Southeast,-21.12900306355233,-48.993139743212495,False
402916f742e5c740cc751493d9cf5053,39740,guanhaes,MG,Southeast,-18.77539291652262,-42.93356442030051,False
443d880f15cbd3572885e1d44bf2c478,17506,marilia,SP,Southeast,-22.20454569958953,-49.95972317200935,False
6d22a1fcebb6dd08c9cd90b92a93e8d0,89215,joinville,SC,South,-26.334723612032946,-48.90393599191724,False
04aba03279157f6d4e0fe8ccaf21963c,28470,santo antonio de padua,RJ,Southeast,-21.538975961578785,-42.18554742179934,False
b39d7fe263ef469605dbb32608aee0af,14940,ibitinga,SP,Southeast,-21.7575376839452,-48.82926174236043,False
ca77545ca4d2dfd1431bf61334e2fa3c,87020,maringa,PR,South,-23.414170097772686,-51.94283685229238,False
36890be00bbfc1cdb9a4a38a6af05a69,06040,osasco,SP,Southeast,-23.57020012155928,-46.78216810283339,False
7b0df942f46435babab05d49b744b2c4,12924,braganca paulista,SP,Southeast,-22.869283573689703,-46.53067733881425,False
f26d70155c2b6326fcfa1780c8c684e4,89150,presidente getulio,SC,South,-27.047876466553888,-49.621919945914655,False
42fb44130ac3134cde8e35cf8ec7df25,12995,pinhalzinho,SP,Southeast,-22.78149969138461,-46.59025263142381,False
dd9661d3cda1e6feb237f0c4d8b26f2e,89620,campos novos,SC,South,-27.39942978092588,-51.22591999999997,False
f27e33c6d29b5138fa9967bcd445b6d5,04273,sao paulo,SP,Southeast,-23.60395383527613,-46.61460669268281,False
55d3daac7c404d59e51c2aa2f4dc5a23,02150,sao paulo,SP,Southeast,-23.49355183055859,-46.568382003606686,False
659e8466eb3ff1b0e8740d74fb7bbedd,45820,eunapolis,BA,Northeast,-16.374713251257873,-39.586972939017095,False
1c40343cc5d18c2d8248ac2f3366de34,13482,limeira,SP,Southeast,-22.57809425350426,-47.42589305247947,False
e3a386fc36e22064434e1fa256f6a9fa,13165,engenheiro coelho,SP,Southeast,-22.48971873171238,-47.21044279148029,False
c9aafcd0621b2207c10e32c649cada4d,08011,sao paulo,SP,Southeast,-23.495802909660096,-46.44667639946043,False
72431a818f97fe6ab9c81eee3e297e54,13390,rio das pedras,SP,Southeast,-22.84180587399275,-47.60754403112421,False
184a67a8f9f63234d3a92340bbdb727f,89220,joinville,SC,South,-26.270250228561927,-48.88175308312654,False
9fe7c6641c79970ab48185498f547c09,03147,sao paulo,SP,Southeast,-23.59614978240234,-46.57145624999998,False
08ad4ac1388e4420ca531c3edfc46198,06663,itapevi,SP,Southeast,-23.557752556733963,-46.939778025036254,False
6fc26fe110feebd80a433e1f012a84f9,15601,fernandopolis,SP,Southeast,-20.29595508362805,-50.25352307457335,False
2f4b9d112bfa44a214bc6cef085d17c8,29600,afonso claudio,ES,Southeast,-20.07505383586891,-41.12470856313722,False
ab27bbbad5239bc31a34709275a70db4,18279,tatui,SP,Southeast,-23.33641195781218,-47.85005549431698,False
c37b2059d4f90d4feead554e5246565e,05170,sao paulo,SP,Southeast,-23.48345347960067,-46.74812785567545,False
f43827dd686be3a4a80e00aa299990fb,15055,sao jose do rio preto,SP,Southeast,-20.794381386384458,-49.365073821630226,False
e601b04acf48b4576e73ddca9481f0dc,04476,sao paulo,SP,Southeast,-23.70784987755729,-46.62732297983615,False
98dac6635aee4995d501a3972e047414,02030,sao paulo,SP,Southeast,-23.504398054538573,-46.624627022882166,False
3d39fbf22a665714baf62fae36029e23,13040,campinas,SP,Southeast,-22.93746528451247,-47.06117385967988,False
a49928bcdf77c55c6d6e05e09a9b4ca5,03017,sao paulo,SP,Southeast,-23.536794719401,-46.610721507775935,False
b12cfd255810394b60caef18ae163547,85810,cascavel,PR,South,-24.95220567247579,-53.46646322243076,False
a1bea7061f61f6fdd9a85a6325ba1033,06311,carapicuiba / sao paulo,SP,Southeast,-23.520977356882838,-46.84394428265028,False
3c88ed2e76a2247933a15daa7161eb1c,13154,cosmopolis,SP,Southeast,-22.632980315702795,-47.177989130669985,False
51ed72984a04e5dd35c2b27e77179038,15050,sao jose do rio preto,SP,Southeast,-20.78979457421024,-49.3725289300336,False
3ac588cd562971392504a9e17130c40b,13480,limeira,SP,Southeast,-22.568539777461996,-47.40399225,False
606ce7768feac12c5e8bd58db8b08f0f,13084,campinas,SP,Southeast,-22.82351113360795,-47.08526185650335,False
6879c4d287a8dd06b11f54ea8f78e4da,06186,osasco,SP,Southeast,-23.534461341104503,-46.812704009146586,False
ccbd753e6863fe7314dc6c0ca5a074e7,89046,blumenau,SC,South,-26.932991050654184,-49.1421017828207,False
0d85bbda9889ce1f7e63778d24f346eb,38414,uberlandia,MG,Southeast,-18.917140499999995,-48.33115456134222,False
4c61e37f664c3c88aff092aa5ac779d7,24020,niteroi,RJ,Southeast,-22.89426743296495,-43.120610497085806,False
b44dbfbf62e52125f3c15d230569ea91,04251,sao paulo,SP,Southeast,-23.625327075076463,-46.597546493419074,False
d624126b9206f595fb3fbb6ba03b28a8,80045,curitiba,PR,South,-25.426059370246406,-49.25460367874656,False
26d8a1c7c75d513045798992ead43aa2,86800,apucarana,PR,South,-23.553993611286685,-51.463398668122444,False
e6a69c4a27dfdd98ffe5aa757ad744bc,04424,sao paulo,SP,Southeast,-23.687020225921877,-46.639778765627014,False
6bd69102ab48df500790a8cecfc285c2,04293,sao paulo,SP,Southeast,-23.62151075887711,-46.615277699099614,False
f181738b150df1f37cb0bd72e705b193,06317,carapicuiba,SP,Southeast,-23.525998928064368,-46.846360267345425,False
4305fe92735c8a43d154ff6dd2b8d927,35170,coronel fabriciano,MG,Southeast,-19.50730968446171,-42.62947172695782,False
4f1f1c8666cdb6442f775c4e8caed465,30240,belo horizonte,MG,Southeast,-19.9307565,-43.91822610165042,False
7dea6f73af847b42cc3985bd620f994d,85813,cascavel,PR,South,-24.937641619193347,-53.450305680910475,False
a0a14e50070f3225b3eabba5b85da517,81900,curitiba,PR,South,-25.540250282743646,-49.27774800721337,False
bd4889b5e9133b35b66e42a8665cea5c,02963,sao paulo,SP,Southeast,-23.487188352501462,-46.69966864432453,False
0b3f27369a4d8df98f7eb91077e438ac,07412,aruja,SP,Southeast,,,True
d5c530f4884a75ae0dba9c148718d278,35660,centro,MG,Southeast,-19.858114249230724,-44.609658170175344,False
5ab05b6d86d417796c69ffd6774ec832,19815,assis,SP,Southeast,-22.65572053538864,-50.39591755203707,False
d4d99b60c4c94cd35acd502cec65dc8d,04904,sao paulo,SP,Southeast,-23.673348849010363,-46.73815576617229,False
9de4643a8dbde634fe55621059d92273,89225,joinville,SC,South,-26.25005904355409,-48.80569442922272,False
3be634553519fb6536a03e1358e9fdc7,08275,sao paulo,SP,Southeast,-23.571768347351245,-46.47974728425616,False
b906dd0e57f282c7089171b6ed07982e,87083,parana,PR,South,-23.388558065410336,-51.95459873939542,False
ed46f1eb4a638113deb2a1137b5f22e9,89080,indaial,SC,South,-26.903921790744334,-49.24009350826047,False
c8025364abeecb115431bf95c11a747f,90630,porto alegre,RS,South,-30.04278537233821,-51.19449374639332,False
04308b1ee57b6625f47df1d56f00eedf,88215,bombinhas,SC,South,-27.15207761346121,-48.505384124140214,False
457fe919b032a3f7dadba6fb92cf7855,13140,paulinia,SP,Southeast,-22.76852299417162,-47.15157250528013,False
f3055483058c84d75ca2a3314fb4deef,40368,salvador,BA,Northeast,-12.941434906745908,-38.488736802360094,False
0ac4201fda2c68ebc0e47cb9423cf3c9,03345,sao paulo,SP,Southeast,-23.57317513446988,-46.562098756592974,False
a2b5b6105ea5942300631d2e76f4ffe0,06283,osasco,SP,Southeast,-23.513991137413967,-46.768194885235715,False
23d7c96d4a1160db1c726b248601b25a,13360,capivari,SP,Southeast,-22.997128499999995,-47.50653978919266,False
e883aa812c37a7413226856f4579fe91,06696,itapevi,SP,Southeast,-23.52507304362132,-46.94187629216426,False
86bb7c4b535e49a541baf3266b1c95b1,14401,franca,SP,Southeast,-20.527836467752614,-47.38819149126934,False
cb810bd318f51b3dc3c753944d61a1fa,24240,niteroi,RJ,Southeast,-22.897906057025303,-43.09933504108713,False
c0563dd588b775f2e37747ef6ad6c92c,09220,santo andre,SP,Southeast,-23.623908427875147,-46.53669959531232,False
820cc752a266cdc6c1a1e61dd4583330,87050,maringa,PR,South,-23.428368805599472,-51.91804867774496,False
e5475dcab1e07b63d7f6e902d8f5eda8,09921,diadema,SP,Southeast,-23.680977815569282,-46.61255096559344,False
333c4210e76a1aa2ab817b99437e3ff1,13880,vargem grande do sul,SP,Southeast,-21.834830792875817,-46.89855840930392,False
aded58c8142dedc5494a81f948431fab,22051,rio de janeiro,RJ,Southeast,-22.972603777136555,-43.19047862946513,False
33a6f4b1e7cdc205511e76ba1b6e0186,07084,guarulhos,SP,Southeast,-23.42913797668648,-46.54991166180969,False
91f848e9f4be368f4318775aac733370,03029,sao paulo,SP,Southeast,-23.53014316457964,-46.617544912430056,False
7a67c85e85bb2ce8582c35f2203ad736,03426,sao paulo,SP,Southeast,-23.55242969969415,-46.536794198583316,False
55029529919c0123526150bd26ca8f20,32280,contagem,MG,Southeast,-19.949623076847416,-44.05660633839185,False
b372ee768ed69e46ca8cdbd267aa7a38,15013,sao jose do rio preto,SP,Southeast,-20.81614118340567,-49.36902203064919,False
d20b021d3efdf267a402c402a48ea64b,14940,ibitinga,SP,Southeast,-21.7575376839452,-48.82926174236043,False
cf6f6bc4df3999b9c6440f124fb2f687,04937,sao paulo,SP,Southeast,-23.685943306408348,-46.76084159443707,False
a3b42d266fa8afc874b909422ce88582,14620,orlandia,SP,Southeast,-20.716947267380316,-47.87829964446101,False
d63c73efd41eb002280e7ec831424edb,13405,piracicaba,SP,Southeast,-22.70928658782974,-47.66552445822037,False
dc7192adf8ba09569261f4a8d576afe0,18401,itapeva,SP,Southeast,-23.974761045465847,-48.87186432761449,False
0ea22c1cfbdc755f86b9b54b39c16043,35700,sete lagoas,MG,Southeast,-19.459433169463082,-44.24801919373313,False
be8e909810184b9b19e886129149d8e5,13418,piracicaba,SP,Southeast,-22.723704062727204,-47.63064220191586,False
269c5fc9fcadee614364c3620c30a1f9,07140,guarulhos,SP,Southeast,-23.429089461697163,-46.49697612135725,False
bbaff50f3b708fda865918715276cd87,12940,atibaia,SP,Southeast,-23.114263976686477,-46.5534280320561,False
3b18f9856c6eb2413eafedb58e9eecd9,09280,santo andre,SP,Southeast,-23.64009068552723,-46.51540764723873,False
db2956745b3a8e9f3785c99f34b5d25e,11600,sao sebastiao,SP,Southeast,-23.77361936016813,-45.439279039480965,False
8fb791022c1fc8909664f48ab7dc636d,03976,sao paulo,SP,Southeast,-23.612145543294496,-46.49771695809048,False
232a6014e7b10cba61c6c2b2ea6bb4b0,16500,cafelandia,SP,Southeast,-21.806684513396252,-49.605007508373845,False
6614814a00d344b846ae209f95ee7e3f,17290,macatuba,SP,Southeast,-22.51483154687658,-48.717765942618726,False
59cd88080b93f3c18508673122d26169,11707,praia grande,SP,Southeast,-24.05519730210918,-46.54428746202689,False
fffd5413c0700ac820c7069d66d98c89,13908,amparo,SP,Southeast,-22.72277850764605,-46.84583351408122,False
712e6ed8aa4aa1fa65dab41fed5737e4,89560,videira,SC,South,-27.005188244285076,-51.15097028519262,False
b5abf4f36adc043117b4fca82c22984c,72251,brasilia,DF,Central-West,-15.788938500613362,-48.12520847240455,False
6dd7dce75cd55c1ce255dc38d9f0cd46,88137,palhoca,SC,South,-27.626905421044473,-48.67438863282804,False
bbe87dce25ba8b38bb61cc7210a3f10b,13870,sao joao da boa vista,SP,Southeast,-21.972488724163867,-46.795239681769864,False
99a25c39b28a74d1151c35c18d178292,02236,sao paulo,SP,Southeast,-23.472588111575952,-46.56836591548847,False
05730013efda596306417c3b09302475,88813,criciuma,SC,South,-28.678706392843587,-49.34051559127768,False
0b35c634521043bf4b47e21547b99ab5,84530,teixeira soares,PR,South,-25.37451421641795,-50.46162608763973,False
c35672b10ad50968f567ea3f4b91e877,26551,mesquita,RJ,Southeast,-22.78109006846615,-43.42600672570217,False
f5403d3f50089112c4eed37928b7f622,15600,fernandopolis,SP,Southeast,-20.28359999999998,-50.24936831979704,False
f435898e493ba0356019a0b1cb8b55b1,81720,curitiba,PR,South,-25.510806718145922,-49.25557074681167,False
7adbd3210a7b3cc2235e225eef33574d,02544,sao paulo,SP,Southeast,-23.48922197668648,-46.66072145905712,False
d8cf3b6a2151949f930d0252b180ec42,87160,mandaguacu,PR,South,-23.345162155120036,-52.09786725876194,False
4ce8b55b4bfa4659184e7becc1fba3f2,83823,fazenda rio grande,PR,South,-25.658788630435712,-49.301017114416936,False
5d043cd5512d4bd2f88e5ccdd5736c38,02710,sao paulo,SP,Southeast,-23.508129705413353,-46.673704096628285,False
7a073a40a9d3f1fee8bc45670ea1e909,86040,londrina,PR,South,-23.33895857827911,-51.13716395382448,False
edb1ef5e36e0c8cd84eb3c9b003e486d,25957,teresopolis,RJ,Southeast,-22.433722840932912,-42.97336400177095,False
761681a821d8275bc79f552116d06869,17606,sao paulo,SP,Southeast,-21.927097858034223,-50.52974222119389,False
3361277dc30b7cccdb0c286b24219756,87015,maringa,PR,South,-23.428203593320013,-51.95907151638488,False
519a7aa428f18d125a283cf8c014fdd6,89180,rio do oeste,SC,South,-27.19530304415389,-49.79488911048617,False
3c7c4a49ec3c6550809089c6a2ca9370,03804,sao paulo,SP,Southeast,-23.498253243394316,-46.48299647362806,False
53b0300ca793f9834cd69c0678d35ee8,13339,indaiatuba,SP,Southeast,-23.09215423022105,-47.201626199420026,False
822bad9bc42b51213ba522fe87b7ab5d,88330,balneario camboriu,SC,South,-26.992891946381214,-48.6341316455796,False
48162d548f5b1b11b9d29d1e01f75a61,13403,piracicaba,SP,Southeast,-22.729612783074653,-47.674613988707335,False
88ef59b51bdaa941d10a853429f2b6ce,83280,guaratuba,PR,South,-25.88189704986116,-48.58099739928745,False
1992f8fb6b19fcccd97ca819811e7267,01403,sao paulo,SP,Southeast,-23.569223343052077,-46.653812740839065,False
3fd1e727ba94cfe122d165e176ce7967,14802,araraquara,SP,Southeast,-21.773343179713187,-48.18070598550117,False
ea4e9ce63a2134743b4a92777437fcdd,88135,palhoca,SC,South,-27.678028441544996,-48.68243950142368,False
45a3d05fb00435e52a28859dd03703b3,07176,guarulhos,SP,Southeast,-23.410403832361936,-46.389069371775626,False
c3fe93ba3085f92855c97e57f38c8c05,81510,curitiba,PR,South,-25.46919998473655,-49.243274544098526,False
9646c3513289980f17226a2fc4720dbd,12215,sao jose dos campos,SP,Southeast,-23.18477010528232,-45.87292242117262,False
52a52b9f656520e99716f5bc40f661c8,13573,sao carlos,SP,Southeast,-22.05957401991609,-47.90164571998523,False
36a968b544695394e4e9d7572688598f,11010,santos,SP,Southeast,-23.93358949460431,-46.32905057271053,False
4b5f66b7adcf57f1ecc0d3c07dd6b177,87025,vendas@creditparts.com.br,PR,South,-23.38233922852509,-51.92907277817959,False
ec21206b7894c503788a684a7bc822a6,28950,armacao dos buzios,RJ,Southeast,-22.765918859784357,-41.90082480209421,False
b1aaae6b66ad3c40f54b389d7ea4bee0,04714,sao paulo,SP,Southeast,-23.632693819034685,-46.69920494532286,False
89ad3263c0931c47f976d7c5778e60f6,05127,sao paulo,SP,Southeast,-23.497635007213358,-46.73860298473655,False
af4a0e4cfe1d9c26b6712b1be25a72e5,35670,mateus leme,MG,Southeast,-19.989307937056093,-44.4305205,False
6f1a1263039c76e68f40a8e536b1da6a,03581,sao paulop,SP,Southeast,-23.55602382209016,-46.5001156730154,False
5f67c6082caacb26e431a7b17940cece,87083,maringa,PR,South,-23.388558065410336,-51.95459873939542,False
5721089ba9214e80074f27d5a03fc0eb,01408,sao paulo,SP,Southeast,-23.56736351872589,-46.66138347114656,False
1782ce2db72c3dda627d5e7c898104e1,06766,taboao da serra,SP,Southeast,-23.627556068137235,-46.779500803096624,False
8160255418d5aaa7dbdc9f4c64ebda44,14940,ibitinga,SP,Southeast,-21.7575376839452,-48.82926174236043,False
cee48807215b30a12ca2ca10ffb5f250,11431,guaruja,SP,Southeast,-23.995563345085092,-46.278862818045845,False
8e670472e453ba34a379331513d6aab1,36087,juiz de fora,MG,Southeast,-21.706035722769272,-43.42405090368749,False
633ecdf879b94b5337cca303328e4a25,04438,sao paulo,SP,Southeast,-23.676313138496155,-46.67010280274346,False
05a940b4ecae36cadfd8e93bd9c43257,74305,goiania,GO,Central-West,-16.69482870644403,-49.29637849999996,False
da7039f29f90ce5b4846ffc0fcc93beb,09041,santo andre,SP,Southeast,-23.663977082434045,-46.53874809465472,False
4c03b9dd4c11ee2cb35c96c49efc9420,13232,campo limpo paulista,SP,Southeast,-23.21131971498459,-46.76282421419109,False
a5a1bfcf728ab0e19182959cf0771ee4,13960,socorro,SP,Southeast,-22.590849729426115,-46.52633123053553,False
431050a06a317f2b38168dec3dcd2b46,02475,sao paulo,SP,Southeast,-23.481059081597326,-46.64630746073055,False
40ec8ab6cdafbcc4f544da38c67da39a,85603,francisco beltrao,PR,South,-26.047651219699567,-53.054291648942154,False
ffff564a4f9085cd26170f4732393726,13070,campinas,SP,Southeast,-22.893060504443397,-47.08015686150384,False
bede56095ba33c42038fb85f707b8a42,13271,valinhos,SP,Southeast,-22.969857849881656,-47.010072531515256,False
bbad7e518d7af88a0897397ffdca1979,01512,sao paulo,SP,Southeast,-23.553648628368613,-46.62916622176693,False
a806a4bb063ea7ca6d374eafa50a6058,29161,serra,ES,Southeast,-20.23355425384461,-40.28270205369077,False
1b1ae47a313a825a7ccceb8e2e30fa9d,83450,bocaiuva do sul,PR,South,-25.2118243700817,-49.1121162298366,False
d9e7e7778b32987280a6f2cb9a39c57d,03304,sao paulo,SP,Southeast,-23.545292358459747,-46.57784870129548,False
99a54764c341d5dc80b4a8fac4eba3fb,03273,sao paulo,SP,Southeast,-23.577243118789312,-46.560238711350905,False
939f6e231201f26803cb5c3a3d2940b3,17051,bauru,SP,Southeast,-22.330872954469477,-49.10050727240467,False
282f23a9769b2690c5dda22e316f9941,31573,belo horizonte,MG,Southeast,-19.811232594822087,-43.9899464650297,False
427165bf50f8ca07efc7bdc2bfcf1688,13471,americana,SP,Southeast,-22.72632795559465,-47.33722997002136,False
d03698c2efd04a549382afa6623e27fb,45658,ilheus,BA,Northeast,-14.782224681434704,-39.056975371213014,False
e21a1e8be4715b0fcfd5385643bc49c4,88715,jaguaruna,SC,South,-28.622748386275823,-49.024816766594256,False
1e26c56af8d48424e1df0140a2401f83,13911,jaguariuna,SP,Southeast,-22.700851472497806,-46.989856121011,False
8f119a0aee85c0c8fc534629734e94fd,06440,barueri,SP,Southeast,-23.5113686555784,-46.86026061608906,False
fdaaf5bfda82b7b80535610c831b8d09,15015,sao jose do rio preto,SP,Southeast,-20.81615368559403,-49.3867412125886,False
b274baf5bbd142410eb2958cf685d684,95780,montenegro,RS,South,-29.68554736183859,-51.4632720475158,False
bcc9dd23e2a8bd8267cf92b19304a1b9,14940,ibitinga,SP,Southeast,-21.7575376839452,-48.82926174236043,False
751e274377499a8503fd6243ad9c56f6,13097,campinas,SP,Southeast,-22.84608572745108,-47.0244304118818,False
1fddcb7b326905d3ad5efe82187db347,02279,sao paulo,SP,Southeast,-23.46120509605093,-46.57389912906108,False
b1fc4f64df5a0e8b6913ab38803c57a9,24440,sao goncalo,RJ,Southeast,-22.827402057926594,-43.05495514897576,False
4eb61f060e7dcc1d5a80d806c35cc541,05743,sao paulo,SP,Southeast,-23.612329896049513,-46.753450072162266,False
1d0646a72178a6fb37ee8082140e06ec,89203,joinville,SC,South,-26.314289402446736,-48.85567980314792,False
0ebd97a106433a45a4aebe57c1799778,32240,contagem,MG,Southeast,-19.9670124926424,-44.04751083094675,False
63bc58679c44e8a998792119fd7ad23e,05595,sao paulo,SP,Southeast,-23.581963400606217,-46.74247077158786,False
101921376b577a4540dc30e9009133ca,13505,rio claro,SP,Southeast,-22.380264209821704,-47.5650782208581,False
f0ec78809fe0bc3edb11c9fe5b97b059,04291,sao paulo,SP,Southeast,-23.618294465722204,-46.61403980474923,False
6219ba2359cfb97f2e38fd4c321eb309,02110,sao paulo,SP,Southeast,-23.519571487645177,-46.59530197477013,False
a7f13822ceb966b076af67121f87b063,08577,itaquaquecetuba,SP,Southeast,-23.484621488741837,-46.36700788769207,False
4e8dacf3d38f281ae26c3e0321d92d88,08420,sao paulo,SP,Southeast,-23.54331352733856,-46.42791090195627,False
78a4d36f65a019172c6154468831a69f,17018,bauru,SP,Southeast,-22.36217180016161,-49.049664219802615,False
c64a2aec32cc408a8a4c6d7c46017f91,95625,imbe,RS,South,-29.959531347674623,-50.12349586293689,False
cb162c8eef257253782d245c08d9097c,06419,barueri,SP,Southeast,-23.476312120671125,-46.88564927855276,False
fc6295add6f51a0936407ead70c1001d,04101,sao paulo,SP,Southeast,-23.58043869525076,-46.63888929793991,False
f0e103c63864d5405b958d984b6e94c9,06150,osasco,SP,Southeast,-23.56732558909861,-46.81235046670316,False
5def4c3732941a971cba8fdee992ede1,02113,sao paulo,SP,Southeast,-23.521406221037168,-46.592062665398366,False
80e6699fe29150b372a0c8a1ebf7dcc8,83323,pinhais,PR,South,-25.43775330199361,-49.19498945884075,False
42ef3192a9ff87a22d1867b74b3ee205,09090,santo andre,SP,Southeast,-23.65281875936294,-46.53917632737028,False
a2deecd5398f5df4987110c80a1972a3,05043,sao paulo,SP,Southeast,-23.525522748542897,-46.69081351442672,False
9853a239ab7b7ebbdc3a21248d5b8e1f,83602,campo largo,PR,South,-25.47164652514315,-49.54067933881614,False
f8e2c1b59cd4225a3e4fd0d013a76b93,14021,ribeirao preto,SP,Southeast,-21.21282934554791,-47.794806215505865,False
9c3c24eca51c52b91c1de727d2a2ae06,95020,caxias do sul,RS,South,-29.166008034414517,-51.18000246793592,False
f524ad65d7e0f1daab730ef2d2e86196,99300,soledade,RS,South,-28.829369431318007,-52.510265021502576,False
aae5953b9edddf14749c0d65d60eb4b9,31035,belo horizonte,MG,Southeast,-19.89899030349416,-43.91991162337695,False
c003204e1ab016dfa150abc119207b24,07790,cajamar,SP,Southeast,-23.407356783028085,-46.8423270176032,False
5656537e588803a555b8eb41f07a944b,72015,brasilia,DF,Central-West,-15.838067428009566,-48.05295581940567,False
503c1de08ae81a2d86f17951b204db55,03725,sao paulo,SP,Southeast,-23.49917944931378,-46.51939715192552,False
b8bc237ba3788b23da09c0f1f3a3288c,88303,itajai,SC,South,-26.91255477798172,-48.674422971551245,False
7816cd9c5b1238e320545f5bf7eb80e8,14801,araraquara,SP,Southeast,-21.791151858733887,-48.1822903695269,False
213fafb0ca06fb3d5886579c2565791b,35700,sete lagoas,MG,Southeast,-19.459433169463082,-44.24801919373313,False
404e1ba01358af4cd63f679b2c4d1fa1,36032,juiz de fora,MG,Southeast,-21.79797763113857,-43.35719890827513,False
186cdd1b2df32caa72cfb410bba768d3,89295,rio negrinho,SC,South,-26.25475620797562,-49.52001574607904,False
de23c3b98a88888289c6f5cc1209054a,05530,sao paulo,SP,Southeast,-23.576807499026373,-46.716000068768,False
fe49ee029e61e789a1f3a5525f57ba8d,06018,osasco,SP,Southeast,-23.54144854567475,-46.77509254328017,False
902c99f1ac505c0d18778b61bcd636f7,13840,mogi guacu,SP,Southeast,-22.365765333459716,-46.93881755293194,False
94ca168e8bcb407ab85c5da308863027,16250,clementina,SP,Southeast,-21.559079632672773,-50.44669129113522,False
82921991ff5b557b045605b8bbf08d49,01023,sao paulo,SP,Southeast,-23.542318875382307,-46.6313376895666,False
77128dec4bec4878c37ab7d6169d6f26,02610,sao paulo,SP,Southeast,-23.47737334554791,-46.6636065560621,False
4bf658053d453036c70976bccb2c31b2,15070,sao jose do rio preto,SP,Southeast,-20.8170171874536,-49.36238219117936,False
e8a85b5f3df47be0984c55fd4064dbb4,71825,brasilia,DF,Central-West,-15.88740288268962,-48.01678262451805,False
28f10b1c5e5abb9d4857745bede6147c,04250,sao paulo,SP,Southeast,-23.62001522564774,-46.59875267894857,False
48bad451945f5227341793478d6353ea,01220,sao paulo,SP,Southeast,-23.54447196058631,-46.64647349999999,False
2a61c271b1ac763450d846849783e922,09175,santo andre,SP,Southeast,-23.687311536225366,-46.51681666480546,False
ba6ce6de456f6c11d08c17701ba5c26f,18044,sorocaba,SP,Southeast,-23.51050379827938,-47.47755842277395,False
5dceca129747e92ff8ef7a997dc4f8ca,13450,santa barbara d oeste,SP,Southeast,-22.757682139732324,-47.41606380397923,False
e1dc0754bada9ee4cfe9713f22f61292,25035,duque de caxias,RJ,Southeast,-22.7586760889987,-43.30890252337607,False
39a5005f2605cbdb4f9ac14485cabfd1,14780,barretos,SP,Southeast,-20.55698849639332,-48.57114701715925,False
2bf28e311bba65237358230cabac3f15,86047,londrina,PR,South,-23.34835004995272,-51.168017976999124,False
0e44d110fa6a54e121cb2c095a77762f,07901,francisco morato,SP,Southeast,-23.28334301351468,-46.74548288896667,False
3d871de0142ce09b7081e2b9d1733cb1,13232,campo limpo paulista,SP,Southeast,-23.21131971498459,-46.76282421419109,False
bf0d50a6410d487dc97d2baac0a8c0be,13408,piracicaba,SP,Southeast,-22.67123613765944,-47.6954132016274,False
51e4e89242cbb846c2deff3dc015650e,96203,rio grande,RS,South,-32.07383966558913,-52.15462681746953,False
86ccac0b835037332a596a33b6949ee1,89041,blumenau,SC,South,-26.913287765071942,-49.112965752157066,False
c97aa4ee7420f937da13b7f9e2228b99,93510,novo hamburgo,RS,South,-29.682607266561043,-51.12405207884293,False
aac51c486b672a9850d59f3e84b1cf88,02752,sao paulo,SP,Southeast,-23.494186288649082,-46.683356611093295,False
3340ef1913fb70d28420f6ceb685c339,87040,maringa,PR,South,-23.41381626586972,-51.90660409079477,False
76de363de16dacc923eec8daf91df504,89825,xaxim,SC,South,-26.960096646351325,-52.532331772801456,False
58b98ccb79873e04eac4357cacc590d9,13043,campinas,SP,Southeast,-22.9351316155266,-47.039852367476456,False
fc99f99385ae90f66f01733856fb88c9,18550,boituva,SP,Southeast,-23.284932167194903,-47.67223169113112,False
b74d1c09cb380e1d03a6f859c6f4224b,20061,rio de janeiro,RJ,Southeast,-22.905345342954966,-43.18576345399333,False
1bb2bdb95f4841f1bba2c0d2cd83d3c9,01257,sao paulo,SP,Southeast,-23.54375820483005,-46.687539331669456,False
670c26e0f1bf8d0576271d5cfaec6d2b,87025,maringa,PR,South,-23.38233922852509,-51.92907277817959,False
c32fc744b9160ac853450488e3cfea93,14020,ribeirao preto,SP,Southeast,-21.20253542048014,-47.802165836386976,False
59de1d4c8c057c2a53acd4ca66531af2,80215,curitiba,PR,South,-25.4478977783432,-49.25427158868981,False
e64882b4ef12aee8d0faca4db5b681f4,74210,goiania,GO,Central-West,-16.692439016588764,-49.27778366492143,False
1b65c144b17e607c0f37f10bb7dfec8d,89160,rio do sul,SC,South,-27.21540783319318,-49.64128007016929,False
15ac3c501e2599e4917316fde5c5669a,04911,sao paulo,SP,Southeast,-23.680082216616704,-46.74221039194819,False
f4aba7c0bca51484c30ab7bdc34bcdd1,01031,sao paulo,SP,Southeast,-23.542371579262422,-46.6351406195225,False
e0878efa0e0b7e5313ac0b43bc04c081,80230,curitiba,PR,South,-25.441516037740243,-49.26703903358531,False
03a2a6dcbe45d639c4dc2a0d24769c40,09340,maua,SP,Southeast,-23.67174256969234,-46.4312622646853,False
327b89b872c14d1c0be7235ef4871685,69005,manaus,AM,North,-3.1359714932320952,-60.022518548430384,False
e9d99831abad74458942f21e16f33f92,03542,sao paulo,SP,Southeast,-23.531429419931882,-46.516046180588006,False
a45765f8afb1e594b22bf9e974b46765,02411,sao paulo,SP,Southeast,-23.47525782722605,-46.62425519275492,False
dc8798cbf453b7e0f98745e396cc5616,05455,sao paulo,SP,Southeast,-23.540927264917187,-46.71192676803339,False
d9cd369bffa979d1634f8e1318bf2f1b,15115,bady bassitt,SP,Southeast,-20.917462848797005,-49.44998274448657,False
240b9776d844d37535668549a396af32,24120,niteroi,RJ,Southeast,-22.882963909645763,-43.092633702248094,False
70f7e8018e3d46c748c92f026aa2585a,01314,sao paulo,SP,Southeast,-23.55262252400601,-46.64653223550115,False
d1e2fe627180431ffda076abb303c56f,25900,rio de janeiro,RJ,Southeast,-22.65738837694045,-43.04096723222598,False
3f2af2670e104d1bcb54022274daeac5,87240,terra boa,PR,South,-23.769083813441256,-52.44857096399923,False
bb3dca718920a4d7ec3cc9ffb025108b,08011,sao paulo,SP,Southeast,-23.495802909660096,-46.44667639946043,False
babcc0ab201e4c60188427cae51a5b8b,13660,porto ferreira,SP,Southeast,-21.858792941863733,-47.47982718384467,False
eed78ac17f7f795a19a709745f00cd4e,18608,botucatu,SP,Southeast,-22.866896598389985,-48.46035823635395,False
a2e874074c877c5a05abae80ad6e488f,15070,sao jose do rio preto,SP,Southeast,-20.8170171874536,-49.36238219117936,False
abcd2cb37d46c2c8fb1bf071c859fc5b,78020,cuiaba,MT,Central-West,-15.602646210396294,-56.10278204417668,False
1703bc09972dab9782e7a9194943b69f,37165,minas gerais,MG,Southeast,-21.10972978482283,-45.83060171622401,False
365e445f796710c3431557e85caa25db,04083,sao paulo,SP,Southeast,-23.61341181262956,-46.661497461152535,False
0bb738e4d789e63e2267697c42d35a2d,18130,sao roque,SP,Southeast,-23.531314452755012,-47.134734519634726,False
3d290fe363c60a77498c1126fd3fb8d3,06694,itapevi,SP,Southeast,-23.541882909557906,-46.937463156404235,False
325f3178fb58e2a9778334621eecdbf9,06790,taboao da serra,SP,Southeast,-23.61138017069648,-46.78631996035718,False
8c16d1f32a54d92897cc437244442e1b,89023,blumenau,SC,South,-26.95326593390459,-49.07650314283121,False
f5a590cf36251cf1162ea35bef76fe84,09720,sao bernardo do campo,SP,Southeast,-23.716211489324184,-46.553602803912526,False
61f159ef6da2d441951d2c0efa719362,29160,serra,ES,Southeast,-20.237398915527653,-40.2709179731365,False
1e8b33f18b4f7598d87f5cbee2282cc2,02066,sao paulo,SP,Southeast,-23.508686608661765,-46.60704480648046,False
59cea8e446d3834393058e7e0666b6fb,87050,maringa,PR,South,-23.428368805599472,-51.91804867774496,False
8c5e007d7bd5693fa1386ffefbc99f6c,13347,indaiatuba,SP,Southeast,-23.132453225773283,-47.22496128844455,False
1da3aeb70d7989d1e6d9b0e887f97c23,04265,sao paulo,SP,Southeast,-23.586881822288795,-46.61624645545043,False
5b67882648febfb6e1225e6ad7164f6b,87502,umuarama,PR,South,-23.75857680434521,-53.29766179659882,False
53e4c6e0f4312d4d2107a8c9cddf45cd,13920,pedreira,SP,Southeast,-22.74066190615492,-46.89617973391109,False
039e6ad9dae79614493083e241147386,03560,sao paulo,SP,Southeast,-23.548155653067116,-46.50000198362571,False
d65f31d2413268e671989503f6cf9993,13160,artur nogueira,SP,Southeast,-22.573781891885808,-47.16622822963837,False
cad10cc982ab6a391570c211b995c17c,18701,avare,SP,Southeast,-23.10345840813088,-48.914013431510654,False
527801b552d0077ffd170872eb49683b,17400,garca,SP,Southeast,-22.211087266224773,-49.65643572275734,False
be67f78487e2cecb0d55bc769709e4f5,32419,ibirite,MG,Southeast,-20.00798932889948,-44.06057491079648,False
8ca1551acf9832a4cf467bbbac15851f,83607,campo largo,PR,South,-25.451560546343725,-49.512105720488144,False
2ea0861cc19e94cad86438c984c52da4,03731,sao paulo,SP,Southeast,-23.51076011611177,-46.53720700916094,False
7202e2ba20579a9bd1acb29e61fe71f6,14401,franca,SP,Southeast,-20.527836467752614,-47.38819149126934,False
0509040ea3fe50071181bbc359eb7738,31710,belo horizonte,MG,Southeast,-19.839519487232387,-43.95944131112587,False
20fd2d2080ed85fa67fad3fcbb2c1813,83405,colombo,PR,South,-25.362249021705495,-49.19413785169919,False
2039c5e51785b5dde7cf93ccb3b7be2c,14790,guaira,SP,Southeast,-20.322381339884124,-48.31604469650637,False
62de60d81c55c29d76a6bce418b31cef,14940,ibitinga,SP,Southeast,-21.7575376839452,-48.82926174236043,False
eaf6d55068dea77334e8477d3878d89e,04660,sao paulo,SP,Southeast,-23.670868604534427,-46.6795114173348,False
e89c4adbe7b1d0819dbb636e16461cf1,13347,indaiatuba,SP,Southeast,-23.132453225773283,-47.22496128844455,False
2e2f44824ab87a0cb961f68bf4073e7f,82315,curitiba,PR,South,-25.412645871487165,-49.356387724234246,False
85ecf03781da592876b7844acc1b729f,03658,sao paulo,SP,Southeast,-23.52826921388949,-46.49968569040119,False
5c853bb56f70f4d14218944bae111d7a,06715,cotia,SP,Southeast,-23.609465995736695,-46.87754604788212,False
bba74270a87732727b5a3b4fd9ac1c39,32604,betim,MG,Southeast,-19.95149718818162,-44.196100734105954,False
e8ff5a6ceb895583033fc2a0f314e3c2,89063,blumenau,SC,South,-26.799631803192344,-49.08417439262063,False
835f0f7810c76831d6c7d24c7a646d4d,08030,sao paulo,SP,Southeast,-23.50308859838998,-46.42162738550986,False
702835e4b785b67a084280efca355756,36046,juiz de fora,MG,Southeast,-21.73144488648284,-43.35976936164808,False
4ea2f12dbe91deeacd2c1e74f069a6e6,02334,sao paulo,SP,Southeast,-23.48415759616828,-46.619703103731865,False
a066df7361163e7ddc5d7452dd17448b,14401,franca,SP,Southeast,-20.527836467752614,-47.38819149126934,False
bc8c8d665ec4664d286be0d521722b19,04851,sao paulo,SP,Southeast,-23.75249495337296,-46.66718025,False
5e106d93b717c2682b9383da480364a1,85875,santa terezinha de itaipu,PR,South,-25.440893383871263,-54.40078556444748,False
bd4431c1a8dfa744b59e1e2a8bc99b9e,20761,rio de janeiro,RJ,Southeast,-22.86995990787108,-43.296198867476434,False
bd4ff04377f974574f7f0bf9d6ce7dde,17370,santa maria da serra,SP,Southeast,-22.569322054629243,-48.15815211711717,False
3076499bbc033a927bf4a8a41bcf7fd4,15350,auriflama,SP,Southeast,-20.685639463642012,-50.553231424752695,False
010da0602d7774602cd1b3f5fb7b709e,09710,sao bernardo do campo,SP,Southeast,-23.71050087010218,-46.54973645216085,False
4d6fb82c629c7a5028bfd973c07b05e0,31525,belo horizonte,MG,Southeast,-19.824046459345567,-43.97315835913792,False
5d505d2298ad549e4e4e835562fa0c1e,16200,birigui,SP,Southeast,-21.294270166927944,-50.34272175985954,False
5aaa890629f83706d8d9bfecd8377c1c,25720,petropolis,RJ,Southeast,-22.44395780488528,-43.1404275508801,False
ad14615bdd492b01b0d97922e87cb87f,88704,tubarao,SC,South,-28.47725964965606,-49.01259975164869,False
7df1fc11cc5cbc518b39faa60cf5d67c,79112,campo grande,MS,Central-West,-20.44247183207348,-54.65485647475324,False
238fac594e170b59c6d228f5a4f4f1d9,17300,dois corregos,SP,Southeast,-22.368710686030212,-48.38518266794165,False
29c322e3f09f886f8bacbe91dfbd979e,97110,santa maria,RS,South,-29.699831996393318,-53.73455666345846,False
134a288e7de827ec5ec62e3ec9c3a295,03168,sao paulo,SP,Southeast,-23.554210901273706,-46.594189788721195,False
33fd411ed63a7c2f9005e3f065d9f85d,98290,condor,RS,South,-28.208577927954057,-53.48512761737214,False
edb58a1390adf273840030a3d6253829,13414,piracicaba,SP,Southeast,-22.68852525339033,-47.63473741742171,False
1e8c6a4c538f286aee9573239740a4b4,13251,itatiba,SP,Southeast,-22.99671476015504,-46.83569685605759,False
07de60b03d150fb3ea09eab5da5e4c8b,14940,ibitinga,SP,Southeast,-21.7575376839452,-48.82926174236043,False
f1ce5fdecd64935c28b9ff932751d0dc,06539,santana de parnaiba,SP,Southeast,-23.465453672551583,-46.88075290768879,False
ede2977fbaf3738583170735ca403f6c,80010,curitiba,PR,South,-25.433778879244187,-49.26983822958893,False
03bd479e1d9484cdb14104d3023f7321,38401,uberlandia,MG,Southeast,-18.892844968088127,-48.29007902207278,False
31e60bf8d103ce47932a85f5562deb16,74590,goiania,GO,Central-West,-16.611427415697364,-49.29658732724919,False
83645b1645cdee8953ee54c29ceed564,85875,santa terezinha de itaipu,PR,South,-25.440893383871263,-54.40078556444748,False
bdae679a9b282249bc23b9b69dae9a99,72210,brasilia,DF,Central-West,-15.806947773331654,-48.10938474435314,False
5cf13accae3222c70a9cac40818ae839,38700,patos de minas,MG,Southeast,-18.595263860700364,-46.51812630102346,False
a247197e2e9c19a6a53a6888cb8b660f,15056,sao jose do rio preto,SP,Southeast,-20.77334914021565,-49.3334250718373,False
249f0e9905a6e06ad6c6bea7547ab9f6,20950,rio de janeiro,RJ,Southeast,-22.90347,-43.2559700409429,False
96804ea39d96eb908e7c3afdb671bb9e,38950,ibia,MG,Southeast,-19.483697470481594,-46.545746029409614,False
cd233f8bfa30ebfd651f47ee7d054951,16208,birigui,SP,Southeast,-21.24488368072713,-50.32219195367088,False
3986c0b54f6b748b75e7bd4e092aa3e5,80250,curitiba,PR,South,-25.442939713572613,-49.27663153566278,False
5563732abe64c3036cb97ad924128dd1,07192,guarulhos,SP,Southeast,-23.452783140299495,-46.506693017485134,False
51f108f62cb87d61918159902c8f8583,85801,cascavel,PR,South,-24.9581290065352,-53.461862999899225,False
134b867a0f7f8bbe6abf10f91874891e,13272,valinhos,SP,Southeast,-22.95286988693986,-47.00092310318832,False
57c764b4a836300be881e2ff86e449f9,14021,ribeirao preto,SP,Southeast,-21.21282934554791,-47.794806215505865,False
2fa13c8bd5705d279f7ed5cc9ec61c68,04679,sao paulo,SP,Southeast,-23.67404219464919,-46.68126075770384,False
e627629ba868740e287800f1a9be81c2,01421,sao paulo,SP,Southeast,-23.562732814040068,-46.66092521891052,False
c72de06d72748d1a0dfb2125be43ba63,46430,guanambi,BA,Northeast,-14.22098909333437,-42.78005131321119,False
8d79c8a04e42d722a75097ce5cbcf2ef,61658,caucaia,CE,Northeast,-3.7676011647619587,-38.65540849999995,False
8060d731897e33b5c5ae575ce1e209e1,89052,blumenau,SP,Southeast,-26.890476164428648,-49.07396272009348,False
4c4d546adf3c3868fe19c9ec6e9ffda9,87013,maringa,PR,South,-23.42286327627144,-51.93746988348913,False
5a9c0859cb00fd8aa4db443837f0a700,89650,treze tilias,SC,South,-26.99928007635342,-51.410128308017846,False
cecd97bc34ed8330bd4cd15713eda670,89819,cordilheira alta,SC,South,-26.98539863732414,-52.60344937499999,False
9c3a1c416c765687bc79a04113269929,35547,carmo da mata,MG,Southeast,-20.55973512257605,-44.86882057506307,False
8ae520247981aa06bc94abddf5f46d34,88370,navegantes,SC,South,-26.890706548832252,-48.65136153015745,False
ac3508719a1d8f5b7614b798f70af136,92030,canoas,RS,South,-29.915638861440634,-51.14287607172097,False
15cd6eefe58588619aaed41dfa6621b1,35400,ouro preto,MG,Southeast,-20.3869790691355,-43.505821667951786,False
4a3ca9315b744ce9f8e9374361493884,14940,ibitinga,SP,Southeast,-21.7575376839452,-48.82926174236043,False
478bfe564db21eeb44386606aa30b650,33600,pedro leopoldo,MG,Southeast,-19.61849733732957,-44.03937288585646,False
6d988d6174a2c27441597174f8905515,87070,maringa,PR,South,-23.41333276578008,-51.97903280159741,False
ed49da7cadefc454d6a67de249eab240,05571,sao paulo,SP,Southeast,-23.597197463736613,-46.79756643254191,False
6f892e20a171e98efe17fdb971ff319b,08270,sao paulo,SP,Southeast,-23.561244403413355,-46.461987058086464,False
4bfc7a4a1cf8d4d2121c27422d9e50b5,03111,sao paulo,SP,Southeast,-23.56332599927874,-46.60319022634023,False
acadd4d36859671cb635527c6c977533,14270,santa rosa de viterbo,SP,Southeast,-21.484069360080973,-47.36737496696959,False
034b9387752bfa309f350a70cd45ffa3,89036,blumenau,SC,South,-26.917182292793306,-49.094416550377964,False
a1ed30492b3b798bc121845bc4aa7366,04708,sao paulo,SP,Southeast,-23.62961423397921,-46.69207952654928,False
abbf6046bbdf1028606a5bc7f00c99e7,89820,xanxere,SC,South,-26.876633645777773,-52.40544207814198,False
901b460cdce0c64e471230d7f2f9f3a3,90620,porto alegre,RS,South,-30.050410935599352,-51.201330331727235,False
81ed90f07c0bacb7594940ba2ef676aa,35500,divinopolis,MG,Southeast,-20.14068469699654,-44.88742126797749,False
11eac105f3f90a9b87b19c89d91e24f3,07411,sao paulo,SP,Southeast,-23.40415108884517,-46.34111193439394,False
0725b8c0f3f906e58f70cbe76b7c748c,07023,guarulhos,SP,Southeast,-23.477533637531373,-46.54274482507647,False
d1a5cc844736958c11b8efab9a2b4c87,80310,curitiba,PR,South,-25.45781550929083,-49.309207968492174,False
f35becee938e982bd615edf8ef12bcfb,19160,alvares machado,SP,Southeast,-22.07736514890501,-51.47403973911853,False
634964b17796e64304cadf1ad3050fb7,21840,rio de janeiro,RJ,Southeast,-22.871687704830045,-43.472273747880536,False
6624bc09786f0e41ae48dfc5eeb1a9e2,30390,belo horizonte,MG,Southeast,-19.996739528997665,-43.96957031793521,False
54219883e72aad869adfb2a54b7bfa0f,18060,sorocaba,SP,Southeast,-23.492299924779303,-47.468863488733625,False
5795aebfe331fbcd02a2c4b679fb7952,88132,palhoca,SC,South,-27.64311504872569,-48.68054933753507,False
6e2d3e2dc84fb30f6078f39dd3bddd6f,83408,colombo,PR,South,-25.366866849942102,-49.18400779173741,False
3078096983cf766a32a06257648502d1,13720,scao jose do rio pardo,SP,Southeast,-21.600640143482465,-46.89389524375571,False
014d9a685fd57276679edd00e07089e5,87015,maringa,PR,South,-23.428203593320013,-51.95907151638488,False
656591be56071d4c9ef4e5fee78a578a,09180,santo andre,SP,Southeast,-23.693130104910853,-46.52266683519792,False
26562f211dd1364af2a8596dc945e8ae,09785,sao bernardo do campo,SP,Southeast,-23.71117841564154,-46.52957925,False
bccf933e006e9b94a6184af782963e77,19806,assis,SP,Southeast,-22.65567949624909,-50.42425955245543,False
12c2ed9cded6138cf0c75f525f565fc7,11709,praia grande,SP,Southeast,-24.079328325237555,-46.59005076024696,False
961dff0a659b4561334372337dd897d9,21510,rio de janeiro,RJ,Southeast,-22.840489094509167,-43.34975667603439,False
b33e7c55446eabf8fe1a42d037ac7d6d,14850,pradopolis,SP,Southeast,-21.360086334917156,-48.072547215529184,False
2235cf78d3e2073a88146a9cb60f0dd0,04547,sao paulo,SP,Southeast,-23.597783014715176,-46.68451537385309,False
218d46b86c1881d022bce9c68a7d4b15,14070,ribeirao preto,SP,Southeast,-21.1130692492354,-47.79138889203072,False
08d1c9478fb0d7d7fcac9c0da4e82fc7,31110,belo horizonte,MG,Southeast,-19.90553952969522,-43.93649261004674,False
dfc475d54e1b6dbeeb7d7d9bdaa63827,81460,curitiba,PR,South,-25.54207715514458,-49.33820011562999,False
813348c996469b40f2e028d5429d3495,13206,jundiai,SP,Southeast,-23.212279317521407,-46.880498934598684,False
c394e193cda3b4225ff2094d32184849,04104,sao paulo,SP,Southeast,-23.57625487898898,-46.63834354010618,False
2745f798279e0ed033addcc1474776d7,03106,sao paulo,SP,Southeast,-23.55639049624909,-46.614391668619,False
6b803197e03abd5056b4313306b4f29d,01123,sao paulo,SP,Southeast,-23.52934877491485,-46.636433659587965,False
bafc5aa11e413978be29040f51342e70,30130,belo horizonte,MG,Southeast,-19.931885057172952,-43.933404301676504,False
44717f64ec2a457979cf83c429077666,98780,santa rosa,RS,South,-27.86676135204006,-54.47686603790719,False
b7cc6c5e001441ae8cdd5c69a480cbe4,89520,curitibanos,SC,South,-27.290209139974166,-50.57755286955393,False
af7cdac9d9897cddead9c6b08976c642,18500,laranjal paulista,SP,Southeast,-23.052593350185855,-47.836107207115525,False
b3e2faf2c1004d674f16a3aa3197f0e1,14093,ribeirao preto,SP,Southeast,-21.180496529043197,-47.74365693316103,False
670a9dda115b5a88b18cfadee8de2332,14096,ribeirao preto,SP,Southeast,-21.20164654731953,-47.77544519816494,False
3b15288545f8928d3e65a8f949a28291,14940,ibitinga,SP,Southeast,-21.7575376839452,-48.82926174236043,False
3e35a8bb43569389d3cebef0ce820f69,03124,sao paulo,SP,Southeast,-23.57140751457095,-46.591006895435385,False
81783131d2a97c8d44d406a4be81b5d9,18015,sorocaba,SP,Southeast,-23.502578618599745,-47.43233400152923,False
29e6e05b65f93bc224c644319dc52ecf,36010,juiz de fora,MG,Southeast,-21.763649567574635,-43.346038803364266,False
cce6ab8d1682639fe45ab70234f1665f,81020,curitiba,SP,Southeast,-25.491433055225386,-49.286456400389,False
e1643dff33666ca629e3644c02738179,03182,sao paulo,SP,Southeast,-23.558808667219708,-46.59227281090621,False
76623fde66e6b63b59440fd34160512d,07124,guarulhos,SP,Southeast,-23.430874777684807,-46.5341328440187,False
5275ca25d0358ca73864e0ae41be1320,07024,guarulhos,SP,Southeast,-23.47971699194992,-46.53762280613422,False
eb4df17aed01d918c65f0f8d650900c0,13140,paulinia,SP,Southeast,-22.76852299417162,-47.15157250528013,False
10089e9f2fd0c668a8fd4e52e1698888,15061,sao jose do rio preto,SP,Southeast,-20.80808078465453,-49.348103647003256,False
c398bc00a606d33758afd91f4e64fd15,21740,rio de janeiro,RJ,Southeast,-22.8864640049889,-43.38161189064573,False
2f09f7d37a97956d11cc1a7cadd5262b,14090,ribeirao preto,SP,Southeast,-21.180620467352405,-47.78944969539497,False
e58a5b390e28abc0b216cfb0e07d27d7,22640,rio de janeiro,RJ,Southeast,-23.00050060502642,-43.32863964034626,False
f41ce2e25237f9092cd8e6e7516c7a2f,07013,guarulhos,SP,Southeast,-23.472242481404002,-46.526133923812694,False
8e6cc767478edae941d9bd9eb778d77a,38442,araguari,MG,Southeast,-18.646009716044883,-48.20600624270037,False
028872bfa080090a9d0abd4f1af168f8,33940,ribeirao das neves,MG,Southeast,-19.819548549959595,-44.02202077810317,False
1710c3aaa9c6b44ec3883ee0fe300e21,09551,sao caetano do sul,SP,Southeast,-23.624190644793632,-46.55236740993422,False
52d76513f0c4d97f3b99570e2c94ee31,93348,novo hamburgo,RS,South,-29.674076358568776,-51.146395954405264,False
dace965ca58120f92f8d742a9fa1864b,14015,sao paulo,SP,Southeast,-21.181437744099505,-47.80700970122336,False
f5b44895715ddfe3087dc414f30268f3,18017,sorocaba,SP,Southeast,-23.492173700130763,-47.41036648858308,False
c8467937e403e76a8ee9f0ab13f6f5ef,37704,pocos de caldas,MG,Southeast,-21.792222107885276,-46.55125662549781,False
56f413900b5166ab4d730e9ac0b12cb0,18076,sorocaba,SP,Southeast,-23.462825049685467,-47.47164012906108,False
3f8034bfc6b8b4135534975d49f04c63,81560,curitiba,PR,South,-25.488021854947085,-49.218186361013366,False
4992e76a42cb3aad7a7047e0d3d7e729,03334,sao paulo,SP,Southeast,-23.553324807541816,-46.57258508742569,False
265fdc289dffa9f1ad801c74f7d0de47,15155,jaci,SP,Southeast,-20.88513443518137,-49.57165655226015,False
0afccdb8a34ee5c79f7c06faf2b4d56e,38400,uberlandia,MG,Southeast,-18.914661100756494,-48.27795956924808,False
02dcd3e8e25bee036e32512bcf175493,32310,contagem,MG,Southeast,-19.940015782846466,-44.03722354809658,False
c9e5ad1f6647f5dbd1172adf6ae3cada,90240,porto alegre,RS,South,-30.004576869231435,-51.19790062669516,False
02a2272692e13558373c66db98f05e2e,20040,rio de janeiro,RJ,Southeast,-22.90406462836861,-43.17739555176294,False
f783a638e9c6af4a7d0dbfde811e7a81,03063,sao paulo,SP,Southeast,-23.534284935599356,-46.56781217943906,False
0b18d63d0cd1d723567903fd34a07df2,05141,sp,SP,Southeast,-23.49167328408913,-46.72993866749384,False
3ef37b7ca6dd2b80bd8af81a62504996,01452,sao paulo,SP,Southeast,-23.57733419816494,-46.68673843712857,False
dd4d95ba2d15c071e6c695e2ef6ce169,29315,cachoeiro de itapemirim,ES,Southeast,-20.852256084316053,-41.15124626110411,False
7bb8fac2913a6064ec412e583c6d8b4d,17017,bauru,SP,Southeast,-22.34783112973176,-49.06037103234453,False
86649b1632b1c0e6c0bcb2c90a8b75d8,85884,medianeira,PR,South,-25.296366392966913,-54.09571717707084,False
8dd386be0767c330276ea6a3f96532d3,88490,paulo lopes,SC,South,-27.967982288743094,-48.680847136996434,False
deaadd805612bf94faaa9fa702516e11,05756,sao paulo,SP,Southeast,-23.624217927145242,-46.75502732473021,False
5e063e85d44b0f5c3e6ec3131103a57e,05302,sao paulo,SP,Southeast,-23.53085072690282,-46.7265216068441,False
6e4f5ff6b086632ba8dcb558fb10249e,95270,flores da cunha,RS,South,-29.03091888832253,-51.182359756490015,False
117cfc326c6d50da67ca858ff5c0c852,25530,sao joao de meriti,RJ,Southeast,-22.80650556707883,-43.38992788128785,False
d25aa0aaacb370e912f8cf6efeba38b3,89108,massaranduba,SC,South,-26.610226807673037,-49.00580655761185,False
c0e6839516f5398edc34adf5f1d53d1a,11430,guaruja,SP,Southeast,-23.99408503230253,-46.28638999662847,False
119c7f1a00ef43fad0e57604e76a747c,02614,sao paulo,SP,Southeast,-23.472724829317848,-46.656400297882115,False
2953ce3a88f5e3c3b696d77fc9e4c8eb,04270,sao paulo,SP,Southeast,-23.591180043020373,-46.61342743217374,False
bbf9ad41dca6603e614efcdad7aab8c4,60348,fortaleza,CE,Northeast,-3.718159491257424,-38.59983597224306,False
d7b2377bae6ace1b11fc69a11900ac36,02415,sao paulo,SP,Southeast,-23.472399950314536,-46.6319562536788,False
57fe6232e67823593374a2281d7a8af8,13360,capivari,SP,Southeast,-22.997128499999995,-47.50653978919266,False
4da0e408c99d2fdc2126dc9fce518060,86300,cornelio procopio,PR,South,-23.18098363544526,-50.64909501768142,False
8b28d096634035667e8263d57ba3368c,12243,sao jose dos campos,SP,Southeast,-23.2027234365803,-45.89601107216228,False
82cb9f452fe8334df74b22d37824b431,95013,caxias do sul,RS,South,-29.162178418385295,-51.20422209491757,False
9bc484c87d79cd4874e05ca182658045,02422,sao paulo,SP,Southeast,-23.470895661117193,-46.63647620774424,False
c6218512d16fcac0af02fe92691cf274,32315,contagem,MG,Southeast,-19.944651823734773,-44.041915270972595,False
d17f467e4bf608a510c20d82f4ba3b6b,95098,caxias do sul,RS,South,-29.189129773834505,-51.18532745785184,False
4371b634e0efc0e22b09b52907d9d469,02028,sao paulo,SP,Southeast,-23.50801347996321,-46.617514281709845,False
1b45169b635ef59425637e9a33eb5fb3,87050,maringa,PR,South,-23.428368805599472,-51.91804867774496,False
bd23da7354813347129d751591d1a6e2,03971,sao paulo,SP,Southeast,-23.615736291563266,-46.47881749049814,False
412a4720f3e9431b4afa1476a1acddbe,13060,campinas,SP,Southeast,-22.931073230365268,-47.11188236955391,False
7238a95bb63ef7e498389fb863b834a1,13487,limeira,SP,Southeast,-22.581898749017903,-47.37593042020602,False
26785a546900236d66f2e4197c211158,08430,sao paulo,SP,Southeast,-23.52592514214391,-46.42333069571757,False
b7ed9fb14c8eadb37adb9c45d67ab0fb,12331,jacarei,SP,Southeast,-23.26582668090028,-46.06668702619345,False
a0d7fbb07bb5ebc3b05980e750db56f3,08500,ferraz de vasconcelos,SP,Southeast,-23.54439961449014,-46.36588122300768,False
10264f60a8f0a4d2f30810f5c661c673,13090,campinas,SP,Southeast,-22.887913065497166,-47.037989244589994,False
35857757f553273b1056c1cabdace7fb,14020,ribeirao preto,SP,Southeast,-21.20253542048014,-47.802165836386976,False
538caafddff204241cecbf3a02e6b3cf,04516,sao paulo,SP,Southeast,-23.604017585645718,-46.669951512132904,False
913fd0ebba70bb919f7254a02239173c,89065,blumenau,SC,South,-26.87268922448468,-49.10517326458904,False
b2eecf5ea250510da76590ca79d60e5d,03318,sao paulo,SP,Southeast,-23.544516771856426,-46.56591579892085,False
1c742ac33582852aaf3bcfbf5893abcf,30668,belo horizonte,MG,Southeast,-20.004046878714853,-44.03194075353457,False
8f2ce03f928b567e3d56181ae20ae952,05141,pirituba,SP,Southeast,-23.49167328408913,-46.72993866749384,False
4d9fea3499bdc22aa4da4e339365f215,04209,sao paulo,SP,Southeast,-23.588647572959548,-46.60032987621902,False
d4e12e7884759a14fa0f5f896c791cae,02242,sao paulo,SP,Southeast,-23.487175523288485,-46.60682213068412,False
e24fc9fcd865784fb25705606fe3dfe7,12913,braganca paulista,SP,Southeast,-22.9611004365803,-46.52375970408754,False
5882f40daf39bc2a465e0cb453ddc222,05616,sao paulo,SP,Southeast,-23.588778771856425,-46.7193565494788,False
26e2c91ef821e1ff8985f408788fe35b,14940,ibitinga,SP,Southeast,-21.7575376839452,-48.82926174236043,False
53336f97ddbe53e2a617d07b17447b95,03461,sao paulo,SP,Southeast,-23.569722785710617,-46.525408712075006,False
fec8cd45395b3cb0c2b173d7739706a1,12270,jambeiro,SP,Southeast,-23.254550463796555,-45.694161765258556,False
e116c7455dd26a4d8c3e92532583905f,01140,sao paulo,SP,Southeast,-23.51869033443941,-46.66919713321603,False
900ba814c251a692506d7834c1218441,13328,salto,SP,Southeast,-23.177687785730715,-47.344398242678466,False
afe0067131b73e40875c9b6c10bd2e21,35590,lagoa da prata,MG,Southeast,-20.02472542220162,-45.539278430578946,False
542917da124346b47ea1ac79a93ce454,82560,curitiba,PR,South,-25.38531472583083,-49.24698375193482,False
35b96509602ec4b7da831b5cd73ff2c2,93040,sao leopoldo,RS,South,-29.76865760799243,-51.130514549618745,False
4a23adac87cf538689fa600d976f78b2,04537,sao paulo,SP,Southeast,-23.593334512359547,-46.67709282569684,False
85cc55e048b6bcc90c75afe7f0e72f72,27345,barra mansa,RJ,Southeast,-22.54483892255761,-44.17567264663053,False
2009a095de2a2a41626f6c6d7722678d,15025,sao jose do rio preto,SP,Southeast,-20.80630548951811,-49.38853543241744,False
3a52d63a8f9daf5a28f3626d7eb9bd28,71900,aguas claras df,SP,Southeast,-15.832334737539538,-48.03880152367143,False
e9b6c33b71b67737693b4cfa68341c8d,03009,sao paulo,SP,Southeast,-23.536556099089083,-46.620450985284805,False
c458e2045a8aa8964f8879af03fdcce6,09572,sao caetano do sul,SP,Southeast,-23.642407945369037,-46.56261793055524,False
6601ee6383e7f452be71929f8de48bbb,14027,ribeirao pretp,SP,Southeast,-21.224125451641235,-47.82909476894224,False
5a4236931428800e9d9cc04af0987118,02916,sao paulo,SP,Southeast,-23.495134568633176,-46.71399495414294,False
258447aad3f7b01e2643c89f64dc5647,87210,cianorte,PR,South,-23.65912534268784,-52.59033683570724,False
8a32e327fe2c1b3511609d81aaf9f042,02443,sao paulo,SP,Southeast,-23.47280145045876,-46.647383118096826,False
0f519b0d2e5eb2227c93dd25038bfc01,14940,ibitinga,SP,Southeast,-21.7575376839452,-48.82926174236043,False
d7d517afce974cd491b8d52bb5b5b1fc,03508,sao paulo,SP,Southeast,-23.535743259507168,-46.53271249471986,False
ec5c1d94df153d473b37f880977ae58e,21320,rio de janeiro,SP,Southeast,-22.892356342201037,-43.34717450779488,False
31561f325664a8a7aba4c8d0c3a9b3db,03287,sao paulo,SP,Southeast,-23.595679215101832,-46.53320337676727,False
70c4eedec9cb4a85cda2f3f9673557b4,01208,sao paulo,SP,Southeast,-23.53836432361936,-46.638626940879455,False
4fb41dff7c50136976d1a5cf004a42e2,44002,feira de santana,BA,Northeast,-12.254298714165444,-38.96670848834325,False
d23019c84ffae2d5ef2270367b8605fc,86073,londrina,PR,South,-23.281249138496158,-51.18802207867873,False
ad8ada0ffa993cb1197d102d9ab21a3e,38445,araguari,MG,Southeast,-18.643889619347068,-48.17656127432211,False
ce20a2ec1514c25e16f2b5b39bc818f0,05186,sao paulo,SP,Southeast,-23.43436481848348,-46.75043925,False
0f94588695d71662beec8d883ffacf09,88037,florianopolis,SC,South,-27.600287820012685,-48.50591180529751,False
3a79f35a2344ede41af21267f61d5ec6,13040,campinas,SP,Southeast,-22.93746528451247,-47.06117385967988,False
b586cd24c010a13916af621b0325fbba,89164,rio do sul,SC,South,-27.218889371227363,-49.651784772112826,False
2075d8cd4dd63ff12df0749a5866bb06,80010,curitiba,PR,South,-25.433778879244187,-49.26983822958893,False
0d83f8e03188682112cc0d93523705cc,91150,porto alegre,RS,South,-30.005704529659635,-51.11824658742572,False
85044848b1b767db2a4a58526adef4b4,06018,osasco,SP,Southeast,-23.54144854567475,-46.77509254328017,False
c3251e13f1bbda6c74e37c160f991e19,13660,porto ferreira,SP,Southeast,-21.858792941863733,-47.47982718384467,False
4a1f694197d05fe70026b016a7316b41,13920,pedreira,SP,Southeast,-22.74066190615492,-46.89617973391109,False
6ebf4eceee4dd9847201c82e77ef8123,23587,rio de janeiro,RJ,Southeast,-22.92000169726184,-43.625082017759276,False
0873d9f8f36123f8d910f4760e788cfb,06465,barueri,SP,Southeast,-23.50779131246589,-46.84809115539192,False
a44fb5a447105f8469bdf16bf9159f25,91920,porto alegre,RS,South,-30.11237285997463,-51.24626095809049,False
dcf3755cefcdc158ad0b7bdde51e871b,96503,cachoeira do sul,RS,South,-30.02259105601603,-52.91165125662864,False
4869f7a5dfa277a7dca6462dcf3b52b2,14840,guariba,SP,Southeast,-21.363908024772268,-48.228771557547695,False
6bb66d9870c2e01c05655c7ed0e7ee13,04101,sao paulo,SP,Southeast,-23.58043869525076,-46.63888929793991,False
1c5e4e49b9079480255b49d50aac1aa9,11030,santos,SP,Southeast,-23.984963245080447,-46.30181736244726,False
6a3139c7bf09ece22a4713d956acbe5e,13790,sao sebastiao da grama/sp,SP,Southeast,-21.710385914833957,-46.82201317448925,False
37515688008a7a40ac93e3b2e4ab203f,17900,dracena,SP,Southeast,-21.48676636437597,-51.53385832361774,False
8fec2e460530482132c436cfb5439925,18500,laranjal paulista,SP,Southeast,-23.052593350185855,-47.836107207115525,False
1746c1ae87ac63d530c7c943d0ac42e2,06501,santana de parnaiba,SP,Southeast,-23.444980501803336,-46.91589716472386,False
afac9f6b0c4e5f0a7ee87e922cd0f873,17047,bauru,SP,Southeast,-22.336776807100836,-49.044201118831396,False
3be5841cdcc46de4ed3f9116f104b2c5,06473,barueri,SP,Southeast,-23.482936860047985,-46.86531028546192,False
0249d282d911d23cb8b869ab49c99f53,05676,sao paulo,SP,Southeast,-23.595868197588967,-46.697996695597,False
23ca5f678e0b3ea6c630b30fa8bf51ea,02839,sao paulo,SP,Southeast,-23.477818578683145,-46.68311699486409,False
5eeb9c756d9780b96283e5a2ac6da334,14010,ribeirao preto,SP,Southeast,-21.179400704556425,-47.8091725567546,False
25be943a321c8938947bdaabca979a90,09725,sao bernardo do campo,SP,Southeast,-23.70468287548627,-46.55634817423029,False
818d28f936e791926d33bcb6ee94ef79,04141,sao paulo,SP,Southeast,-23.610163547319534,-46.6342499074384,False
bfd938b22bc99bce1ae60dc602889f52,22775,rio de janeiro,RJ,Southeast,-22.970469050868427,-43.382106159559314,False
c12b92bf1c350f3e6bf88d3596219c86,17400,garca,SP,Southeast,-22.211087266224773,-49.65643572275734,False
97e995629983723d11830a829bc2b246,12604,lorena,SP,Southeast,-22.73156997999365,-45.1088715231693,False
ffa6adafb71b807dc13159e26431354c,86030,londrina,PR,South,-23.29492831919092,-51.1333479220164,False
080102cd0a76b09e0dcf55fcacc60e05,31140,belo horizonte,MG,Southeast,-19.894668459201334,-43.93142799888915,False
5a6a02f419701fc8c605af71d4fc57a4,13465,americana,SP,Southeast,-22.744087211669218,-47.3355508154243,False
94b9108d4b637ba65bb4f1e53cfcf8d8,07221,guarulhos,SP,Southeast,-23.47187681820934,-46.4737576349969,False
0fe2d9733ed841eb064503920015a8c0,19906,ourinhos,SP,Southeast,-22.98539153067112,-49.882647677174624,False
154bdf805377afea75a3bd158e9eab10,14940,ibitinga,SP,Southeast,-21.7575376839452,-48.82926174236043,False
b2ac621f0d0322434d04a12b078b9369,80220,curitiba,PR,South,-25.45673191393862,-49.264445823619354,False
9c54608f0996c32ae4743089d915f845,87900,loanda,PR,South,-22.930511586172642,-53.136361264785,False
17306570e772e7718c92a562d33f5f1d,17250,bariri,SP,Southeast,-22.07345577543381,-48.740226741136304,False
244c2f1bff6afe1f2eaf9bfe9b2aed38,08832,mogi das cruzes,SP,Southeast,-23.516913648399584,-46.10417245526518,False
71039d19d4303bf9054d69e9a9236699,03018,sao paulo,SP,Southeast,-23.53174394892955,-46.611183038576975,False
54065e9aef7e9e9c2dc23b7594db021a,20040,rio de janeiro,RJ,Southeast,-22.90406462836861,-43.17739555176294,False
7ad41305e96a6cab8294cd65891e9a86,28810,rio bonito,SP,Southeast,-22.756799053074296,-42.53017499999996,False
25e47381a6c510ddeb36084e33b89f0c,11720,praia grande,SP,Southeast,-24.00746508407979,-46.45628154968547,False
4d6d651bd7684af3fffabd5f08d12e5a,17209,jau,SP,Southeast,-22.277216273975142,-48.5432584317704,False
24a6daf925d9d591870a66660416de31,14078,robeirao preto,SP,Southeast,-21.139239815205883,-47.76686790452419,False
f0563bacf40c311f1c4d3d6b67b8a7a7,88704,tubarao,SC,South,-28.47725964965606,-49.01259975164869,False
b76dba6c951ab00dc4edf0a1aa88037e,03237,sao paulo,SP,Southeast,-23.59422348903573,-46.55216097530148,False
1bc2e21de46adfea6b98cc96b00f3b40,89228,joinville,SC,South,-26.280899829897173,-48.79971481418431,False
b1204cfda1d4948679db3cfc0d3cb95c,07170,guarulhos,SP,Southeast,-23.433337854838737,-46.43689725,False
b4ffb71f0cb1b1c3d63fad021ecf93e1,03880,sao paulo,SP,Southeast,-23.508495167638067,-46.48543675118297,False
165b1235e9e9942cb5fae67103576fb0,14020,ribeirao preto,SP,Southeast,-21.20253542048014,-47.802165836386976,False
8eb88b0acb3f90a717ad659221471fa7,89504,cacador,SC,South,-26.775999414373253,-51.02999507881762,False
9599519be538b98748162a2b48248960,05008,sao paulo,SP,Southeast,-23.534111410208357,-46.67574738273989,False
0417b067eeab773d2f7061a726dc477f,89288,sao bento do sul,SC,South,-26.231962655399936,-49.41207887277734,False
c26ba52cf8d2f34915f2f6b7ffa0a3f3,21510,rio de janeiro,RJ,Southeast,-22.840489094509167,-43.34975667603439,False
e5cbe890e679490127e9a390b46bbd20,01041,sao paulo,SP,Southeast,-23.5441348642738,-46.63972725360668,False
974cf2cb8f4b7add98709c30df02fe10,14802,araraquara,SP,Southeast,-21.773343179713187,-48.18070598550117,False
3c487ae8f8d7542beff5788e2e0aea83,72460,gama,DF,Central-West,-16.02294658397918,-48.05071815778448,False
4a3ccda38b2129705f3fb522db62ca31,17504,marilia,SP,Southeast,-22.213815663338885,-49.957405748360586,False
876182d1918783bbe15233febfbd4926,04208,sao paulo,SP,Southeast,-23.593573791563276,-46.60114136900567,False
33576ec5412fb5905d876f12f33bfde6,80040,curitiba,PR,South,-25.418234032716864,-49.24827248889149,False
5b85809efd0d0e4dea1a9544e1280ed9,19020,presidente prudente,SP,Southeast,-22.1132202837024,-51.38581858164619,False
5566627eab3fe93fd6ee08798226101a,83005,sao jose dos pinhais,PR,South,-25.53850873775408,-49.199211815350495,False
e504a4e2efaa45cbff7e268a2c58c956,13520,sao pedro,SP,Southeast,-22.550726964218583,-47.90644541490654,False
056b4ada5bbc2c50cc7842547dda6b51,26379,queimados,RJ,Southeast,-22.736605329645048,-43.56319926616679,False
1e483cc5c76fef08d3ca05f9a8af7d01,02929,sao paulo,SP,Southeast,-23.493071043020365,-46.706290734289055,False
9b1050e85becf3ae99c1cf4934c9bc5d,39400,montes claros,MG,Southeast,-16.722788783513188,-43.863532010083105,False
b248792ac0b60ec3f93d80af1b4fae47,09560,sao caetano do sul,SP,Southeast,-23.63303747033521,-46.55427782445607,False
34056b8b55c1775a22af2331670a799c,16304,penapolis,SP,Southeast,-21.435445507772037,-50.077238988563366,False
21d59342ba150175ca2aa4f8faddeca6,08593,itaquaquecetuba,SP,Southeast,-23.478733763470547,-46.29382770718807,False
23c38debaffe4a25a30fdbd9b586a13f,18110,votorantim,SP,Southeast,-23.54200252510253,-47.45638542518386,False
d9c349beabc06aa6ff1c6d68b5e9e22e,03586,sao paulo,SP,Southeast,-23.556650867393287,-46.48855800516006,False
49f8d2ea7b718d0ce587d34207caf2b4,09830,sao bernardo do campo,SP,Southeast,-23.781188871487167,-46.53172215321133,False
bd1d49a326abfa9b1036772e40445430,17017,bauru,SP,Southeast,-22.34783112973176,-49.06037103234453,False
6861de0f40cacb0602e473c51639f980,80420,curitiba,PR,South,-25.437243910956433,-49.281272814112185,False
c9c7905cffc4ef9ff9f113554423e671,06871,itapecerica da serra,SP,Southeast,-23.72322443825373,-46.85695317346645,False
aa17b35ce4de7b565be3249ba838944f,13214,jundiai,SP,Southeast,-23.1607485165042,-46.91530621925678,False
0887a9f087bcd5d9f6642b52f897fc6c,11990,cananeia,SP,Southeast,-25.010159924333628,-47.93082375399905,False
abc015ebac1d283a323ca9db35ede4b9,14055,ribeirao preto,SP,Southeast,-21.1563374088621,-47.82484589216119,False
00720abe85ba0859807595bbf045a33b,07070,guarulhos,SP,Southeast,-23.452036155981304,-46.55726715015291,False
75d34ebb1bd0bd7dde40dd507b8169c3,41820,salvador,BA,Northeast,-12.984910395614744,-38.45866468324775,False
e5e33c0d8e7e002f398f5dc4cbbb338f,17032,bauru,SP,Southeast,-22.32195524739317,-49.02886625465973,False
8f54d64f28a993550aa7943f12572959,35160,ipatinga,MG,Southeast,-19.50334866388715,-42.54740304302035,False
91f5779a8731baca4809fdeade81803f,27321,barra mansa,RJ,Southeast,-22.523764447929004,-44.18574753765758,False
13074f016982ff2bd6c58ced8682f000,95705,bento goncalves,RS,South,-29.155295522072976,-51.514627506313886,False
bec568278124768c474ee90971ca94d1,03553,sao paulo,SP,Southeast,-23.53459791257428,-46.5063391784581,False
534a01cc6df1e034e05c32028a291fa2,13214,jundiai,SP,Southeast,-23.1607485165042,-46.91530621925678,False
cd3d09fbe6e3e9ff0c0ac0c300e93ae7,13380,nova odessa,SP,Southeast,-22.77962991781703,-47.29890559112249,False
57e632711dec9ec14ca7546769483e7e,88372,navegantes,SC,South,-26.83751570797685,-48.63443820842002,False
cb3dd9ce66268c7a3ca7241ac70ab58c,03028,sao paulo,SP,Southeast,-23.52758389454089,-46.61256280001737,False
094ced053e257ae8cae57205592d6712,14095,ribeirao preto,SP,Southeast,-21.190943095475788,-47.76650044022745,False
9906e7aa42a3c067b7c9a564d01c4320,87065,maringa,PR,South,-23.449352208596515,-51.97757846055315,False
1f1bb1f0859883505541bdd6606193e5,02124,sao paulo,SP,Southeast,-23.50596583126541,-46.57781476715322,False
4200ddf1967c5e41e48db62bc6d4b5ac,09710,sao bernardo do campo,SP,Southeast,-23.71050087010218,-46.54973645216085,False
ed9eef5be0992d413d251fadba1a410d,13845,mogi guacu,SP,Southeast,-22.355860497292525,-46.94970124271465,False
139157dd4daa45c25b0807ffff348363,03064,sao paulo,SP,Southeast,-23.53348843963872,-46.56495415084541,False
c1849d4d32d7a6cecd5aa471809d3135,09070,santo andre,SP,Southeast,-23.644100546482814,-46.54745804079866,False
64b87978a11c1ea7501a89eabe8c2c1a,19300,presidente bernardes,SP,Southeast,-22.00610697218574,-51.555438,False
33ab10be054370c254ddfcf0a6253422,22790,rio de janeiro,RJ,Southeast,-23.01564521426511,-43.45932989361249,False
bff9deb0ec77d437f3305a79cf25529e,13481,limeira,SP,Southeast,-22.59992917902069,-47.40885355251318,False
3fefda3299e6dfaea3466ef346a3571a,82620,curitiba,PR,South,-25.38374355008949,-49.22214319954993,False
236585a4ddb5fea9fa40233e2249ed91,95088,caxias do sul,RS,South,-29.194020389792847,-51.1655176602136,False
499ec63c58e51296c9cf57edcfe1c8a8,02918,sao paulo,SP,Southeast,-23.496273801416695,-46.715553049887475,False
6f83d9e4da896daae20b9b6b2d3ff8d2,84925,pinhalao,PR,South,-23.789713766993874,-50.058388291393186,False
35ef5aa32949680f627efec3c23e705c,88960,sombrio,SC,South,-29.1098271817944,-49.63539099211336,False
403aa86912527d730337ffcb0fb096ab,30220,belo horizonte,MG,Southeast,-19.940220984736552,-43.91999917666908,False
ec8463980a4e0ea9f8517aea1ed0c419,88010,florianopolis,SC,South,-27.595324834375724,-48.5531900460788,False
c847e075301870dd144a116762eaff9a,38022,uberaba,MG,Southeast,-19.758821265955604,-47.93968152295908,False
6c77cd583b36a13aacccf2b3ee23e233,17505,marilia,SP,Southeast,-22.203134276992312,-49.968598940186986,False
5ef131ac72773e5b3f6c0d63cf424657,14075,ribeirao preto,SP,Southeast,-21.141167070777293,-47.79102776074792,False
6cf476a4ca74498db55cbccdaa9dcfb6,02873,sao paulo,SP,Southeast,-23.456752827081814,-46.68219861740433,False
c447f8dd3ed213f291d65ef074a268eb,19802,assis,SP,Southeast,-22.66959122606639,-50.42684771796159,False
4736e9d642ef4257cd7622516931eb51,13424,piracicaba,SP,Southeast,-22.749171856930538,-47.64568909514497,False
a5cba26a62b8b4d0145b68b841e62e7f,87303,campo mourao,PR,South,-24.033344268662205,-52.37637276930148,False
a1bea9970d8f65b240555f99c2214f7f,83323,pinhais,PR,South,-25.43775330199361,-49.19498945884075,False
1025f0e2d44d7041d6cf58b6550e0bfa,03204,sao paulo,SP,Southeast,-23.595131608661767,-46.56075280099833,False
a5dd1946fb63ada8bcaa0c9cd8f11e22,55002,caruaru,PE,Northeast,-8.28549167889882,-35.96633188375972,False
c5f7feb04a6a1fb3596322bfc3cf1917,09571,sao caetano do sul,SP,Southeast,-23.63575543285192,-46.56519167263089,False
c3e1abd72a42fe690fcd89cf5720fe29,13840,mogi guacu,SP,Southeast,-22.365765333459716,-46.93881755293194,False
891071be6ba827b591264c90c2ae8a63,03872,sao paulo,SP,Southeast,-23.51253401672528,-46.501049539944844,False
491a5ada3aa1678414e990262c4bbdc1,04208,sao paulo,SP,Southeast,-23.593573791563276,-46.60114136900567,False
84deb808079d1be601c209c1e771b1cc,81200,curitiba,PR,South,-25.43691051067581,-49.33321284717839,False
dd58ee93286b0821565574c570e9e1dc,81650,curitiba,PR,South,-25.493531621559278,-49.23601867647244,False
9558aa23f77a9e0a0eca83540999f43b,86801,apucarana,PR,South,-23.5581806409834,-51.48766178103624,False
3c4e0452bff7a2a788179488d3d77032,83408,colombo,PR,South,-25.366866849942102,-49.18400779173741,False
ca5832c6960267b71041f74bb39e8b12,89820,xanxere,SC,South,-26.876633645777773,-52.40544207814198,False
668bf321538e5072858eaef6087ce027,83323,pinhais,PR,South,-25.43775330199361,-49.19498945884075,False
01266d4c46afa519678d16a8b683d325,80250,curitiba,PR,South,-25.442939713572613,-49.27663153566278,False
6c99c983ce3b6ba0ab813e6790e81691,38400,uberlandia,MG,Southeast,-18.914661100756494,-48.27795956924808,False
6aa3928696eab49a19a466e665a649fd,26285,nova iguacu,RJ,Southeast,-22.750130644405985,-43.45684062535609,False
7d81e74a4755b552267cd5e081563028,04735,sao paulo,SP,Southeast,-23.642954790178287,-46.69760290788312,False
f8d5c7085db9a4ad2b8c1ffbeb2798c8,04104,sao paulo,SP,Southeast,-23.57625487898898,-46.63834354010618,False
7586919161935337bf6b6d7ff5779648,21921,rio de janeiro,RJ,Southeast,-22.807695174303166,-43.186343887875765,False
47f55702f598c7c6cc8458b0fbc1c49a,36213,dores de campos,MG,Southeast,-21.110120948661383,-44.02263780972573,False
50a7e551a7b3f8d37cd6e32d8bfbe5ea,09520,sao caetano do sul,SP,Southeast,-23.607530496537542,-46.57111632722604,False
ea1776927851da2532aa70d6a32c095a,08223,sao paulo,SP,Southeast,-23.52697604292457,-46.47031501473913,False
827f8f69dfa529c561901c4f2e0f332f,81880,curitiba,PR,South,-25.53814385095793,-49.29272273167811,False
60ad151920c4f6f3ebbe8cfdf6166779,06322,carapicuiba,SP,Southeast,-23.530300124980062,-46.83321065628172,False
59fb871bf6f4522a87ba567b42dafecf,03655,sao paulo,SP,Southeast,-23.52551477827242,-46.513893895826776,False
fa74b2f3287d296e9fbd2cc80f2d1cf1,19023,presidente prudente,SP,Southeast,-22.11180936520336,-51.39935213878479,False
52454f90d4c30c016768db02f88c1a74,13091,campinas,SP,Southeast,-22.87989010491085,-47.03068065015293,False
a1043bafd471dff536d0c462352beb48,37175,ilicinea,MG,Southeast,-20.940347636457616,-45.82696971616617,False
3338e7a0710a195872be80e0d2423867,13403,piracicaba,SP,Southeast,-22.729612783074653,-47.674613988707335,False
8378eb36b6b70c5734e83ad7b8cdc3b7,88301,itajai,SC,South,-26.911293824874424,-48.65586376398079,False
f7df46c1e0ec44eed5c6726478da4a17,93336,novo hamburgo,RS,South,-29.692658174610543,-51.137495412036905,False
3fac58ce0ad699020c7944d53c41329c,03480,sao paulo,SP,Southeast,-23.578416743551248,-46.50722430544172,False
debe6615cd90cc0c2eac2b8988e1f628,04282,sao paulo,SP,Southeast,-23.607787431862768,-46.61094936303305,False
baa49d93c8c8841e27400a300f5d74b2,88113,sao jose,SC,South,-27.557082267496824,-48.62963060483818,False
5ca5d579b5857ee8709479b1047cecc3,04176,sao paulo,SP,Southeast,-23.635339208436733,-46.603426389953256,False
3b872fd4747f01cc56206f2934198618,14940,ibitinga,SP,Southeast,-21.7575376839452,-48.82926174236043,False
a4fc6eadaff1576af888509a53420f6a,09561,sao caetano do sul,SP,Southeast,-23.63921086372553,-46.55691086604241,False
7402d13c03a7e91366337cd1de471144,86181,cambe,PR,South,-23.2783758727512,-51.28239146918465,False
6e4a902d1054e4e17aa6eab87fac1c75,18090,sorocaba,SP,Southeast,-23.48300218013154,-47.447363142247056,False
ff82e8873fba613f2261a9acc896fd84,35900,itabira,MG,Southeast,-19.630068857054265,-43.22432818602511,False
92eb0f42c21942b6552362b9b114707d,03504,sao paulo,SP,Southeast,-23.53877907744238,-46.53860652484274,False
f125f3a310c2e5f822d116147de1e474,03068,sao paulo,SP,Southeast,-23.536578562582974,-46.568313232110825,False
72146da5774cabf2632faedcae097a76,85960,marechal candido rondon,PR,South,-24.557593707724664,-54.05625021025181,False
b9c0ffa92f3ff9a5a3d45ef7213c0842,08246,sao paulo,SP,Southeast,-23.531243709965945,-46.43778975076461,False
1d139e3a3b14025640d8df1b230aace0,14860,barrinha,SP,Southeast,-21.19095642230373,-48.15679325824121,False
883dd81e82754ac2c65e9790a7db8c9a,81070,curitiba,PR,South,-25.479157744277394,-49.30123606803939,False
09883d9ab71c8fe8a9bfc7fc3075b07e,08180,sao paulo,SP,Southeast,-23.488936709646705,-46.411592071051416,False
2f1e7b90e01d9f086cbcb301c0c3d406,89022,blumenau,SC,South,-26.94710750346245,-49.07080747654224,False
6bbcb8924baf70b7fe2fe2097e8cd407,89031,blumenau,SC,South,-26.8891082725944,-49.10169233026521,False
8e4f041ff58e7845456d3482524014b3,90250,porto alegre,RS,South,-29.979822238126893,-51.190408388153806,False
0ec28cec4046a4a199b6de9b4c891d97,74110,goiania,GO,Central-West,-16.68147664334368,-49.268922876403344,False
5debea795b07621e1f90532e18f96145,86800,apucarana,PR,South,-23.553993611286685,-51.463398668122444,False
2709af9587499e95e803a6498a5a56e9,03813,sao paulo,SP,Southeast,-23.488281177909847,-46.46934338926075,False
bd43e172d599bed47a85da877172ca8c,89280,sao bento do sul,SC,South,-26.248715831129484,-49.38109694172174,False
725c32fa80c2faacc4fc88450d27314e,03320,sao paulo,SP,Southeast,-23.546251049656806,-46.56403582015692,False
850913d59ce317156b00f3705f1c3edb,12942,atibaia,SP,Southeast,-23.12191794754457,-46.56115568176768,False
7354220fb240bde543b3c40c060d41e7,71215,brasilia,DF,Central-West,-15.81777,-47.95696124999999,False
e8b3a3a38279a82f0e5d006d5e5b7d2c,87230,jussara,PR,South,-23.622108492451943,-52.46926042914912,False
b17b679f4f5ce2e03ce6968c62648246,14090,ribeirao preto,SP,Southeast,-21.180620467352405,-47.78944969539497,False
43a1d4bab73b816e44ef4e4facd9f9b5,87050,maringa,PR,South,-23.428368805599472,-51.91804867774496,False
dd264199fc8b687ad029de7de6d760e6,85815,cascavel,PR,South,-24.93419346681872,-53.42550743672453,False
67225bff54a172ff67579aaf583efd78,85960,marechal candido rondon,PA,North,-24.557593707724664,-54.05625021025181,False
baeda7047354773262ba2405f97038ba,13471,americana,SP,Southeast,-22.72632795559465,-47.33722997002136,False
167fd940acebc789debd6eb418c46e38,14405,franca,SP,Southeast,-20.52922955337375,-47.41095767731975,False
4ef4c39cf3c24f326434cf0b2e48046a,05004,sao paulo,SP,Southeast,-23.532860441023693,-46.66665820552254,False
ce616e1913288884e7742faac9d981db,06711,cotia,SP,Southeast,-23.603026088913268,-46.83802546045642,False
a1474fd46fd3430168f7ec202da39408,83321,pinhais,SP,Southeast,-25.4466444007516,-49.17688251832186,False
1b61fb1f0f2185d89e9a126c498e9cc7,87015,maringa,PR,South,-23.428203593320013,-51.95907151638488,False
2ff6b7bff164ef05590a52734e1296da,86060,londrina,PR,South,-23.308984906745906,-51.17493375000001,False
e4253cef933647000a82ff39c67b7bde,05856,sao paulo,SP,Southeast,-23.65199692785447,-46.784115506835136,False
3a3c180dd702a725bd0ba4117689239e,84600,uniao da vitoria,PR,South,-26.22947697030672,-51.08919410496143,False
bce6a5ecf98e99fd2a8868b15c51f04b,07180,guarulhos,SP,Southeast,-23.452464512870836,-46.477006237232374,False
ea65d8b58316a6f2362f2a9e4b3e86ad,13030,campinas,SP,Southeast,-22.92481964304751,-47.0738605646412,False
686886775c8f6b1191c7b953fb52708c,13920,pedreira,SP,Southeast,-22.74066190615492,-46.89617973391109,False
0a85ebe4e328db81ac9109781205e2f7,13205,jundiai,SP,Southeast,-23.24887062175896,-46.85331347278536,False
1660ad786c27fd935378b6192a90b417,09891,sao bernardo do campo,SP,Southeast,-23.68493687650748,-46.57002198499636,False
0db783cfcd3b73998abc6e10e59a102f,11010,santos,SP,Southeast,-23.93358949460431,-46.32905057271053,False
52f9db5cfb423382a2fa5c9e39303202,19830,echapora,SP,Southeast,-22.42961542512157,-50.205234449192936,False
f307937c1bb287c3efc2a514b94b0d1d,38183,araxa,MG,Southeast,-19.59402708756816,-46.93707609574596,False
e88f7a2995ba184710d339c5c4bf2e30,15505,votuporanga,SP,Southeast,-20.422831169697396,-49.97083216152762,False
b76a1f8356322f12529c37b67d5c96c2,11015,santos,SP,Southeast,-23.952754791563265,-46.31934037898898,False
4aba6a02a788d3ec81c03137144d9a80,89460,canoinhas,SC,South,-26.179891095307784,-50.39253696099769,False
9449f25aeaf531019b76999ea49a6949,21040,rio de janeiro,RJ,Southeast,-22.86004297293557,-43.25136077118095,False
431af27f296bc6519d890aa5a05fdb11,14110,ribeirao preto,SP,Southeast,-21.259301427145243,-47.81514434984709,False
53088c75f948b48a7ece173ac17f0c12,95840,triunfo,RS,South,-29.939094301274736,-51.71742715270359,False
0f80a40c312b2472dca482cf50f5186f,18681,lencois paulista,SP,Southeast,-22.59833884157681,-48.78733445380194,False
544863df86ed3b78a04e0820d41430ee,29166,serra,ES,Southeast,-20.17418336081135,-40.2469011994057,False
78ef7e885d17f35e2382a47aae8b8cce,96816,santa cruz do sul,RS,South,-29.69294257160919,-52.44315575561885,False
0be8ff43f22e456b4e0371b2245e4d01,04461,sao paulo,SP,Southeast,-23.690506322090158,-46.67948403830283,False
1835b56ce799e6a4dc4eddc053f04066,14940,ibitinga,SP,Southeast,-21.7575376839452,-48.82926174236043,False
2e13c71026e1a39ba5cc1b86dcb679aa,02265,sao paulo,SP,Southeast,-23.474997041909518,-46.59177355613421,False
0af2ab31141893d26aca5a404a537dab,03431,sao paulo,SP,Southeast,-23.550965433810333,-46.537572001529206,False
13d058e4eeac2ce8217660b2f8a05812,06080,osasco,SP,Southeast,-23.544198518321863,-46.78474177757716,False
e00d85ce20ea50c1224c66ca5050527d,06286,osasco,SP,Southeast,-23.506427116841742,-46.77215106862771,False
e48b04bf1aa1ef711caebeb7aede6180,80240,curitiba,PR,South,-25.4493420133302,-49.288181133504494,False
f67efa3f0b6761102a7f8c6b7b571f5d,82300,curitiba,PR,South,-25.421953232586965,-49.3474970470938,False
c273175f7c6c80fb02f051e2fc6d0d72,05849,sao paulo,SP,Southeast,-23.652773685541565,-46.75565722807146,False
382229d1e840115ffe3dbf5ff460e417,23092,rio de janeiro,RJ,Southeast,-22.875147409097508,-43.540072929752206,False
f09b760d23495ac9a7e00d29b769007c,15802,catanduva,SP,Southeast,-21.14318061434591,-48.994283690186975,False
5c243662ce92d84573bfaff24c3e3700,03702,sao paulo,SP,Southeast,-23.51613685387212,-46.5477308798257,False
38874e327ce94d11390b96eb42d61928,08577,itaquaquecetuba,SP,Southeast,-23.484621488741837,-46.36700788769207,False
ab3e0c171fe84a7ba7de130f19cfb485,86690,colorado,PR,South,-22.83819411046241,-51.971811596426065,False
85e7c62c1d6ea078c3897424f867a7c8,88220,itapema,SC,South,-27.116439329806852,-48.60780590504157,False
262237171f48e85819065498cac80d7b,88352,brusque,SC,South,-27.0802953347388,-48.893049691384654,False
fd386aa7bed2af3c7035c65506c9b4a3,04208,sao paulo,SP,Southeast,-23.593573791563276,-46.60114136900567,False
b2f4d63c7203f539a78252565ca32257,28950,armacao dos buzios,RJ,Southeast,-22.765918859784357,-41.90082480209421,False
dd5450b022b2d00a2145a66331e1aef6,89208,joinville,SC,South,-26.342732052871103,-48.83280141771018,False
ff4e2d38692ce827b1a4f4b8196e680d,03319,sao paulo,SP,Southeast,-23.544820876492544,-46.56189750360667,False
7963e546f34e098b578f9ad102494601,05624,sao paulo,SP,Southeast,-23.59632806411219,-46.72821396211552,False
1588ac4010787100dddef64568f0ae35,87045,maringa,PR,South,-23.42465483225165,-51.89708395028025,False
41c2bad7229b0c25e6becf179ebf63ff,59020,natal,RN,Northeast,-5.790981405764958,-35.201561556472754,False
8b655f0855926bcb49f5835d38dfddf6,06192,osasco,SP,Southeast,-23.52774981568486,-46.80287964197576,False
a213f1bd6458f4a158f3746cb2514559,87043,maringa,PR,South,-23.40141203180665,-51.89573950855891,False
1b7e5006cb25dd23ce8686691013b121,02350,sao paulo,SP,Southeast,-23.45807275823777,-46.604124767485146,False
4559697a8f7e637227c2eeaed843baff,19029,presidente prudente,SP,Southeast,-22.07708974256958,-51.41548624933166,False
4867209cb29b56b92893d7bde3ce8012,17209,jau,SP,Southeast,-22.277216273975142,-48.5432584317704,False
19a7c9f66ffa6452ff4b4c0cca71da27,85880,itaipulandia,PR,South,-25.142939654339568,-54.29899300138354,False
6fa9202c10491e472dffd59a3e82b2a3,18030,sorocaba,SP,Southeast,-23.5092567886646,-47.460407199622054,False
20d53aad4fe5ee93a64f8839609d3586,37540,santa rita do sapucai,MG,Southeast,-22.24757876689365,-45.70580649277439,False
42fa4ee7240e9b8eb4576358ec142ba7,95012,caxias do sul,RS,South,-29.17296103392495,-51.210133405996174,False
c8660dcf9ba70575f45d80fe28c27713,02040,sao paulo,SP,Southeast,-23.48963402132936,-46.622021897441336,False
253c025bab43881055aeecde5e2d8b77,80620,curitiba,PR,South,-25.459071007247765,-49.286086690198545,False
7ecd59e5e20407131822c1a68ac59c1f,70719,brasilia,DF,Central-West,-15.783643775607336,-47.88839313136704,False
c026ef0d72e9132d9fa112308090c8dc,20766,rio de janeiro,RJ,Southeast,-22.86407842492353,-43.288561463118455,False
0b09101900100c0e9d312861fad5a1b9,03168,sao paulo,SP,Southeast,-23.554210901273706,-46.594189788721195,False
e8f6dc8e6a1dcde89d20e3995c8d90b3,03476,sao paulo,SP,Southeast,-23.571874604910654,-46.51143708888281,False
128f9bfbe4c7d5185033914b1de3d39a,12940,atibaia,SP,Southeast,-23.114263976686477,-46.5534280320561,False
a09a13f18ed27932d08438aa6f12756e,93800,sapiranga,RS,South,-29.63723743765338,-51.00704407644147,False
81a1104df0f08b59c68aa5b03cfe398e,83020,sao jose dos pinhais,PR,South,-25.55874002069342,-49.19551998257684,False
3f84fefc07dc159b268d4a77d3e8c425,83833,fazenda rio grande,PR,South,-25.64393522552642,-49.32253223211926,False
750303a20e9c56b2a6bc45cdce0b897d,74333,goiania,GO,Central-West,-16.713265642959,-49.30144413680364,False
f8db351d8c4c4c22c6835c19a46f01b0,13324,salto,SP,Southeast,-23.207105077522318,-47.30910430433089,False
0743a0239d764b9a0f959a57d07e36ab,03138,sao paulo,SP,Southeast,-23.587489220511845,-46.58126306744474,False
131fcb0a0c9a47bba4474aacff0f14b7,01201,sao paulo,SP,Southeast,-23.53560101970684,-46.64974682292688,False
1838dd9b8977065acf51d95e0053ea7a,30882,belo horizonte,MG,Southeast,-19.882929660199558,-44.00969842006175,False
1b8b75e227c9a9c100d0c210fb6176ce,05468,sao paulo,SP,Southeast,-23.53925405551384,-46.715735184219454,False
eb1bf309f4f6af9a97e9ddac3fdbeabe,09961,diadema,SP,Southeast,-23.70120393337765,-46.59553546543374,False
5d378b73ab7dd6f0418d743e5dcb0bd1,01026,sao paulo,SP,Southeast,-23.539439503750906,-46.632953890394745,False
39d54ff918774174706fb065d7f9dc07,04243,sao paulo,SP,Southeast,-23.627109352761263,-46.586534475523,False
353e21e8bf8de2722b4fae1636664b76,92120,canoas,RS,South,-29.949782806715557,-51.16907695903927,False
5b33b527da3c5b969cc99dc435cad09a,87702,paranavai,PR,South,-23.07857751572045,-52.46696041055839,False
c9d2ba8dde44a275ae06475ed1d2fafc,38400,uberlandia,MG,Southeast,-18.914661100756494,-48.27795956924808,False
d149de2f383552baea37a7198c2296ce,04193,sao paulo,SP,Southeast,-23.649087013389025,-46.60844696530385,False
bf961104a38e01b9062ee026bb657dee,14055,ribeirao preto,SP,Southeast,-21.1563374088621,-47.82484589216119,False
1ca7077d890b907f89be8c954a02686a,06506,santana de parnaiba,SP,Southeast,-23.418891832506162,-46.9591508819105,False
89a51f50b8095ea78d5768f34c13a76f,71931,brasilia,DF,Central-West,-15.837411330618202,-48.03971246448146,False
3a490ba60afa30ece0e7d50cfe74a4f0,31365,belo horizonte,MG,Southeast,-19.868420999999948,-44.00247498958398,False
455f46ef09a9e45667e2981df84b5cc2,18052,sorocaba,SP,Southeast,-23.532109845482143,-47.49788085782504,False
651fe66032c9520ee5587f694908040d,94810,alvorada,RS,South,-30.00723679748005,-51.08045374967331,False
6d04126aba80df143fd038e711b8fd96,20091,rio de janeiro,RJ,Southeast,-22.89965534257788,-43.17861128761033,False
3febca52652e7209509ccfe61cbde40e,08596,itaquaquecetuba,SP,Southeast,-23.481732278090092,-46.314456648852584,False
d566c37fa119d5e66c4e9052e83ee4ea,04131,sao paulo,SP,Southeast,-23.607240181516527,-46.61806343935025,False
62d977e2b2aee830de3e039a28490d12,80410,curitiba,PR,South,-25.428394791563264,-49.279379945467085,False
010543a62bd80aa422851e79a3bc7540,01212,sao paulo,SP,Southeast,-23.5374331015783,-46.639705500000005,False
7178e1eaa97257d8b6d4b80efd77a025,18270,tatui,SP,Southeast,-23.34974657794427,-47.84766705818349,False
2199e7fe213c16213bf5d6a7eadc9a5d,11900,registro,SP,Southeast,-24.497898454065435,-47.84484394372821,False
984c273121e743dd14767befe6cb17f5,13474,americana,SP,Southeast,-22.70415625538652,-47.29448012909235,False
2b3e4a2a3ea8e01938cabda2a3e5cc79,04733,sao paulo,SP,Southeast,-23.63665699295384,-46.69477973651988,False
feb793c88d836c3a75efa4b5a3465d70,03165,sao paulo,SP,Southeast,-23.559341196779968,-46.58846567638062,False
e333046ce6517bd8bb510291d44f0130,18950,ipaussu,SP,Southeast,-23.055628500000005,-49.62673239082674,False
5a413ade68e8f8d93071a7f52a64cb9e,03679,sao paulo,SP,Southeast,-23.519497929118813,-46.48890312392521,False
5a425cc503b39b262a847fd6212bf53b,86010,londrina,PR,South,-23.317785,-51.157601568238455,False
9535a841eecebed61a9fb1ac1cbb5597,01208,sao paulo,SP,Southeast,-23.53836432361936,-46.638626940879455,False
8f78f0903005064036736c7173a5c2ed,36325,tiradentes,MG,Southeast,-21.11075716331317,-44.171459312780286,False
9803a40e82e45418ab7fb84091af5231,75901,rio verde,GO,Central-West,-17.794927198984293,-50.93103662187096,False
43b2c864251aa0ce4030c746984e088a,71936,brasilia,DF,Central-West,-15.8387251423913,-48.02097928849828,False
83e197e95a1bbabc8c75e883ed016c47,25900,mage,RJ,Southeast,-22.65738837694045,-43.04096723222598,False
17908cf9b444ee34047cadd5c0f4a516,75124,anapolis,GO,Central-West,-16.356473577202603,-48.96577249999996,False
17eea220a40cc0d2c0c5346379682398,03565,sao paulo,SP,Southeast,-23.53878342735371,-46.494993373853085,False
270297ead4c65a6cd2593960d2af6b21,04696,sao paulo,SP,Southeast,-23.66957226360656,-46.70165833324837,False
5f0057b677eb963672bf05dfa3f16c34,01309,sao paulo,SP,Southeast,-23.55461847988913,-46.658488877459774,False
8185694b58b2ba6de20fd41ae608bbea,06764,tabao da serra,SP,Southeast,-23.6173263613653,-46.76697377442437,False
17f51e7198701186712e53a39c564617,03908,sao paulo,SP,Southeast,-23.582534322508515,-46.50697026141739,False
2addf05f476d0637864454e93ba673d5,70856,brasilia,DF,Central-West,-15.761540832330606,-47.87894805921881,False
b67d6c666e8dce1d078c882825e12704,03641,sao paulo,SP,Southeast,-23.526318939494487,-46.53659093880199,False
ead2bab70821ea148476ae9bc08548ac,31980,belo horizonte,MG,Southeast,-19.854198974190645,-43.91624205254886,False
fa14641f57b655e933124a9ea49cd7a5,01310,sao paulo,SP,Southeast,-23.560629789889838,-46.65726094364944,False
d1582f4043306e6b91afa6a8a884f898,03445,sao paulo,SP,Southeast,-23.548815241205077,-46.52860928018063,False
d263fa444c1504a75cbca5cc465f592a,13478,americana,SP,Southeast,-22.74262162273957,-47.31542412775906,False
f35b3c613c4f7b2275f4185d0a3c59ec,05417,sao paulo,SP,Southeast,-23.561381503750912,-46.69004974548447,False
655220df33262c7e0c4949a147366f94,09951,diadema,SP,Southeast,-23.68898807343688,-46.58815224112638,False
ad8b531ae67582f096925cff5630d0d1,84172,castro,PR,South,-24.793390880693167,-49.99413582841703,False
499185655c29ecfdbfe776ef7cf875b5,90520,porto alegre,RS,South,-30.015715485140586,-51.180952332361926,False
44f091b5abab8018f682fce8124b85e5,02281,sao paulo,SP,Southeast,-23.452365148623713,-46.57420055674871,False
7210cd29727d674c00741e5e387b3ccd,03279,sao paulo,SP,Southeast,-23.5854686261469,-46.54128134816876,False
f4ce8ca9fa7157e3b33f536ac9a4487d,16306,penapolis,SP,Southeast,-21.416199413668224,-50.087905995597886,False
0570350b23eda5444f8d1d9544932058,05104,sao paulo,SP,Southeast,-23.51387238995325,-46.756450477501645,False
de9727ca376d1be6ec121b110aa7954c,87114,sarandi,PR,South,-23.431926197915175,-51.86404850691068,False
d3891911c2feae53c52fea2bd14054e5,06760,sao paulo,SP,Southeast,-23.613341996989966,-46.77328010803688,False
70a12e78e608ac31179aea7f8422044b,12327,jacarei,SP,Southeast,-23.302661247830148,-45.97272884318196,False
2eeb6531ee027a48d401e72bebdd87d3,12230,sao jose dos campos,SP,Southeast,-23.225423322782643,-45.88740164446877,False
c1ed9e3daf6154542826a6996af0fb8c,88308,itajai,SC,South,-26.92499524678527,-48.69513094561346,False
d101c6da914ae3d53f7bee42283f2fe2,08072,sao paulo,SP,Southeast,-23.488594654804253,-46.45876129594489,False
a00824eb9093d40e589b940ec45c4eb0,18590,bofete,SP,Southeast,-23.102684999999997,-48.25762128772862,False
0015a82c2db000af6aaaf3ae2ecb0532,09080,santo andre,SP,Southeast,-23.640740759362934,-46.54207103100302,False
808d4348b916efa08e766ebad39f61eb,02336,sao paulo,SP,Southeast,-23.48085288273989,-46.61772657799063,False
fb3cfbc8a86f5d7fbb4d36b8df63f60d,21825,rio de janeiro,RJ,Southeast,-22.89071644210293,-43.47506261518262,False
80ceebb4ee9b31afb6c6a916a574a1e2,86026,londrina,PR,South,-23.303877496249083,-51.1532553055573,False
2d2c62bef4c8ba0dd74e0e228e808539,14096,ribeirao preto,SP,Southeast,-21.20164654731953,-47.77544519816494,False
7c51de0ab286204ce75ff42bf7c10d92,88380,picarras,SC,South,-26.765559766575542,-48.67944725376772,False
c1d1ebb4745cc43cb6f05e9c8a705c9a,08070,sao paulo,SP,Southeast,-23.4953729478187,-46.46160631210684,False
8def3db7f272735afb2ecd03aeca09a7,28035,rio de janeiro,RJ,Southeast,-21.755958413114598,-41.33248260838259,False
ff063b022a9a0aab91bad2c9088760b7,09171,santo andre,SP,Southeast,-23.70167454700301,-46.51267414920044,False
82bd0703a4aefd6b599e5bfdaed378fb,17510,marilia,SP,Southeast,-22.195531213575112,-49.952838881903176,False
7fe21dd00d2f4943ae09525efa2fd674,20551,rio de janeiro,RJ,Southeast,-22.914442503606676,-43.24566416341099,False
7ab0dd5487bab2dc835337b244f689fb,15013,sao jose do rio preto,SP,Southeast,-20.81614118340567,-49.36902203064919,False
12a8eb0f8d1cd3270695bf2a99f55966,04607,sao paulo,SP,Southeast,-23.620203000000004,-46.67352337058372,False
beadbee30901a7f61d031b6b686095ad,07097,guarulhos,SP,Southeast,-23.446449974464777,-46.54134778719198,False
bc39d8938f90a3a2b98193723ed59774,07791,cajamar,SP,Southeast,-23.40948336527588,-46.86296661950691,False
fd312b6bf05efac6c3772d5b52205d8a,18111,votorantim,SP,Southeast,-23.535675513570006,-47.439990363110475,False
df683dfda87bf71ac3fc63063fba369d,95180,farroupilha,RS,South,-29.228614993766147,-51.34868124518909,False
25cf099de44674fde97473224f9d59ab,06716,cotia,SP,Southeast,-23.606407796326558,-46.89901232227919,False
7139dc5186aa238b006e066d8fbab2e4,13901,amparo,SP,Southeast,-22.70051449037204,-46.77380653489817,False
d94a40fd42351c259927028d163af842,37443,baependi,MG,Southeast,-21.958821165081865,-44.89014442513931,False
406740ee611378a662d274c7d8c43c4a,29056,vitoria,ES,Southeast,-20.30477099037356,-40.29987578394587,False
6bd503a8230299c9316fb0f726933927,75650,morrinhos,GO,Central-West,-17.73298919128804,-49.11066528546312,False
6576fd3e23c88f0e5d4d23f39bba0542,06766,taboao da serra,SP,Southeast,-23.627556068137235,-46.779500803096624,False
0885aaf116795758dfeb5f1032487bcd,08541,ferraz de vasconcelos,SP,Southeast,-23.520933000000007,-46.37370969262504,False
6288c69c4ce638e59925e59193f98b16,09010,santo andre,SP,Southeast,-23.659146064787315,-46.52518215299499,False
dfc5fb7259bb2b599ca565e6e9448f0f,09780,sao bernardo do campo,SP,Southeast,-23.715338459057104,-46.53676501255544,False
41958cbd3335433c8740300e8cd600d5,05051,sao paulo,SP,Southeast,-23.52713237607479,-46.696482,False
3a3e46d10f74d8a6ca76e2b538f106a0,02522,sao paulo,SP,Southeast,-23.50374946378896,-46.65929399999999,False
2d2322d842118867781fc737e96d59a1,05879,sao paulo,SP,Southeast,-23.68823844325997,-46.79546948473657,False
e4fc40017a6d22c46a14ac2e17f87c3e,86702,arapongas,PR,South,-23.39024472026485,-51.44794255178546,False
5a9b3bcab695173c820e53934574ae80,13320,salto,SP,Southeast,-23.20247301887012,-47.29433699694157,False
2bf6a2c1e71bbd29a4ad64e6d3c3629f,28615,nova friburgo,RJ,Southeast,-22.314991884116047,-42.52132483885207,False
7c4618c82226628831613e95e9c22f44,18136,sao roque,SP,Southeast,-23.546635842608616,-47.1351450328928,False
06579cb253ecd5a3a12a9e6eb6bf8f47,04007,sao paulo - sp,SP,Southeast,-23.576513479600663,-46.65098239976917,False
8ab42aa58097fd4668d60cc648225d5f,74150,goiania,GO,Central-West,-16.696433138487855,-49.26707234762509,False
4978a02ea9c8be7a9b5480680f40334e,08215,sao paulo,SP,Southeast,-23.53974864932985,-46.444235280599,False
8e29d051f810eb22959ede205b462b9f,15131,mirassol,SP,Southeast,-20.8113756120796,-49.53041338160926,False
ccb83a794700270fde70898fe9ff368b,88960,sombrio,SC,South,-29.1098271817944,-49.63539099211336,False
612a743d294c27884fb7b80d2b19ba35,80620,curitiba,PR,South,-25.459071007247765,-49.286086690198545,False
cb6c9f5888a7a090c75beaf615925792,29100,vila velha,ES,Southeast,-20.33566444489673,-40.29349496935206,False
c12d7463a579237ffb9248bd7cff378b,08275,sao paulo,SP,Southeast,-23.571768347351245,-46.47974728425616,False
fe701d88b67eaca109dffd464d1be9f9,24900,marica,RJ,Southeast,-22.918262396387178,-42.817583644306154,False
46dc3b2cc0980fb8ec44634e21d2718e,22240,rio de janeiro,RJ,Southeast,-22.93552411241268,-43.18703521259166,False
fedaedd3ca31d56ab33e92035e4b361c,24310,niteroi,RJ,Southeast,-22.910756071325547,-43.067183591080045,False
dbc51f5e45d654ecc16cb68e6817ecea,14402,franca,SP,Southeast,-20.523402676319478,-47.365224159528424,False
81f89e42267213cb94da7ddc301651da,19063,presidente prudente,SP,Southeast,-22.12884350794778,-51.445134383132654,False
630008e0f062605a415d694489f6f82e,01026,sao paulo,SP,Southeast,-23.539439503750906,-46.632953890394745,False
58f1a6197ed863543e0136bdedb3fce2,36407,conselheiro lafaiete,MG,Southeast,-20.658191496662123,-43.80815564971712,False
df56d7b40d437f88407c5f78b63bc328,85812,cascavel,PR,South,-24.95027635916657,-53.44852016564232,False
165fc07beebdcb6190fba8a06db2a449,87015,maringa,PR,South,-23.428203593320013,-51.95907151638488,False
0691148aee60ca47977c187804f935ae,86010,londrina,PR,South,-23.317785,-51.157601568238455,False
cac876b37d3abcd6bd76caca30277996,85816,cascavel,PR,South,-24.95257062708839,-53.42525018913391,False
9ac4f14370b1e24ddc58be041b7f99df,76330,jaragua,GO,Central-West,-15.753048184499555,-49.33007611096755,False
70eea00b476a314817cefde4aad4f89a,13250,itatiba,SP,Southeast,-23.00477675994919,-46.84000557789587,False
282c7480173bb9c01dd41cc739fec010,04795,sao paulo,SP,Southeast,-23.670202510820037,-46.703827556336236,False
c840d3fdbba0790404fdae73d253b253,81530,curitiba,PR,South,-25.460201987486798,-49.2308831805574,False
4f40d2ed38d1cc945364a7cd202a82c7,02337,sao paulo,SP,Southeast,-23.4791514111893,-46.61326028067111,False
9cad4b68bb993ee401a3c5aaa2bc26dd,16200,birigui,SP,Southeast,-21.294270166927944,-50.34272175985954,False
dbbcfe2c8d026742134ac3e28ccde274,81630,curitiba,PR,South,-25.482585637094225,-49.254742043150245,False
2fdde51ad3e12f297da656d4fbd5d0b5,89228,joinville,SC,South,-26.280899829897173,-48.79971481418431,False
7040e82f899a04d1b434b795a43b4617,01026,sao paulo,SP,Southeast,-23.539439503750906,-46.632953890394745,False
83a75eea11694e36e56dd0cb2240229a,13905,amparo,SP,Southeast,-22.71079854509784,-46.80493318517421,False
a1544b9ea0b2390e020537d4daa89049,13211,jundiai,SP,Southeast,-23.188281463240703,-46.917268857348894,False
b8a0adc91af209270c2c725168eb00fd,14940,ibitinga,SP,Southeast,-21.7575376839452,-48.82926174236043,False
20b54c376b794ed028df09a3cd88e8dc,09560,sao caetano do sul,SP,Southeast,-23.63303747033521,-46.55427782445607,False
5415337f1863452476d42d9f14a16a61,30840,belo horizonte,MG,Southeast,-19.890737025535227,-43.99939423951187,False
e0482f2c769468c3bbcd8a01e09d98c5,02320,sao paulo,SP,Southeast,-23.450824142102835,-46.59817363780368,False
3fe7120d6257285ac6a3ce7cb071ccec,35044,governador valadares,MG,Southeast,-18.88590061086237,-41.94740189439344,False
7daca0837f033a41a6f3428c18657533,15170,tanabi,SP,Southeast,-20.624099850418617,-49.65208249241963,False
d66c305afaec317ebee552073a674429,33936,ribeirao das neves,MG,Southeast,-19.81551685577793,-44.008481880477106,False
a5ff20ff766e7f50bd5066f33da14413,05522,sao paulo,SP,Southeast,-23.59234895809204,-46.73650477477062,False
adbe70ab2c97442046d393988c8d1d27,09321,maua,SP,Southeast,-23.648068339394207,-46.43528347030984,False
74c7dec0a384d8a05950e629bd23bde9,13845,mogi guacu,SP,Southeast,-22.355860497292525,-46.94970124271465,False
42bde9fef835393bb8a8849cb6b7f245,71551,brasilia,DF,Central-West,,,True
89bc797e2e29667aa035d4368f9b7f92,02969,sao paulo,SP,Southeast,-23.48524192825609,-46.71325153823072,False
f9eedec3129e8cc6b6429c42d0808c5b,22793,"rio de janeiro, rio de janeiro, brasil",RJ,Southeast,-23.000811299144484,-43.39884999999998,False
66922902710d126a0e7d26b0e3805106,31842,belo horizonte,MG,Southeast,-19.836541382739888,-43.921911289485806,False
32f1bb9dfa65bc7df5c0d9d95a616be4,04705,sao paulo,SP,Southeast,-23.62112665860704,-46.69487257715392,False
05f51e13da97139648b8125c31e5f51b,31910,belo horizonte,MG,Southeast,-19.86886362031853,-43.919514840484126,False
c43d924a0f1688ee9fae0efcd6f539d4,20710,rio de janeiro,RJ,Southeast,-22.908496919369284,-43.2767776985112,False
91543f9849d68d023e17194926598543,89041,blumenau,SC,South,-26.913287765071942,-49.112965752157066,False
3ded4e2d5f135cb103e5949d7263d2dd,37550,pouso alegre,MG,Southeast,-22.232290305857287,-45.934230913273694,False
7d456afc660226829370f3173d14520c,08820,mogi das cruzes,SP,Southeast,-23.50824041298776,-46.14932937351264,False
1900267e848ceeba8fa32d80c1a5f5a8,14940,ibitinga,SP,Southeast,-21.7575376839452,-48.82926174236043,False
4ce6e5f6c52515177e18c1c9361d8677,09895,sao bernardo do campo,SP,Southeast,-23.702449485140587,-46.57041047155059,False
157c3e4b42f81ac4a44e8b1ca2fe9876,03211,sao paulo,SP,Southeast,-23.600475000000003,-46.55369028420567,False
9fbd5666d8618fa571c4230fafa09bd6,04360,sao paulo,SP,Southeast,-23.640866019392615,-46.66340019882084,False
eb9cd5b35d95206585e2185318cb5c61,03064,sao paulo,SP,Southeast,-23.53348843963872,-46.56495415084541,False
08d2d642cf72b622b14dde1d2f5eb2f5,17512,marilia,SP,Southeast,-22.161100945322865,-49.963594149316194,False
525e75a6fb1454a2325ab1734bcec221,06453,barueri,SP,Southeast,-23.496930484317183,-46.85095521737249,False
0e982cff76cc0579f632cea8a0e38c9d,88316,itajai,SC,South,-26.94373634447246,-48.71984124572965,False
bc30de0d71bd6260b936a026b5cf7200,13920,pedreira,SP,Southeast,-22.74066190615492,-46.89617973391109,False
014c0679dd340a0e338872e7ec85666a,35180,timoteo,MG,Southeast,-19.54471475940492,-42.64344828760568,False
78ba5933c21686d1c2f64669c8c459e7,08810,mogi das cruzes,SP,Southeast,-23.500077070626936,-46.150778305154574,False
6ee85be3693ed79a8e80718743d80655,03937,sao paulo,SP,Southeast,-23.58684518595992,-46.49965102553523,False
63272377184e969942f7fff221be858d,03340,sao paulo,SP,Southeast,-23.570462478034955,-46.55138331719334,False
d5ba419e26d246a0719437cf37d9b46d,03437,sao paulo,SP,Southeast,-23.558343757703835,-46.529006398623714,False
15aac934c58d886785ac1b17953ea898,29480,muqui,ES,Southeast,-20.9524554103905,-41.34242067357931,False
0b36063d5818f81ccb94b54adfaebbf5,89255,jaragua do sul,SC,South,-26.47122175783341,-49.09408294235393,False
f789d2c4f2c2eb38fc4373e7a4b35264,36010,juiz de fora,MG,Southeast,-21.763649567574635,-43.346038803364266,False
fcf16b7a8697e559f0123190bb30177d,03679,sao paulo,SP,Southeast,-23.519497929118813,-46.48890312392521,False
880eda903e719a5f179f7e9fceb3a69d,14610,ipua,SP,Southeast,-20.444232696500627,-48.015324264487965,False
7f5e4d5efad7e44b91115dd1decb65f3,12306,jacarei / sao paulo,SP,Southeast,-23.28900808289465,-45.9483997060708,False
299c89a525fee36c567f4fe72f038100,63540,varzea alegre,CE,Northeast,-6.791510263479926,-39.29751486377117,False
87b740daf17b5d1be335a64164ec6842,08615,suzano,SP,Southeast,-23.547958994386327,-46.294730509251536,False
d4f91e8be86b38da2ee35bc489645a9d,12512,guaratingueta,SP,Southeast,-22.773046945405863,-45.20983189935114,False
eb3071b9f0b0ddaa2df5ea130f09f26b,04281,sao paulo,SP,Southeast,-23.606096584511523,-46.60905772370018,False
7b3f6ce5c6c22e9b96e7581ebf0df6e1,13710,tambau,SP,Southeast,-21.70670574752027,-47.27305358717184,False
31da954dc0855f2495c6310f70a2f931,13601,araras,SP,Southeast,-22.36905821155853,-47.38895695115124,False
63b9ae557efed31d1f7687917d248a8d,13720,sao jose do rio pardo,SP,Southeast,-21.600640143482465,-46.89389524375571,False
ef9952469137ff190bacafe117f51537,38022,uberaba,MG,Southeast,-19.758821265955604,-47.93968152295908,False
c18309219e789960add0b2255ca4b091,20521,rio de janeiro,RJ,Southeast,-22.927693578683133,-43.231364296756595,False
4a82168aaef173cbb6e46ae88728f919,84500,irati,PR,South,-25.47030153085868,-50.6506542194439,False
17e34d8224d27a541263c4c64b11a56b,14085,riberao preto,SP,Southeast,-21.16589577156796,-47.79706200874256,False
e2aee0892199b1d92530e371abd825bf,86600,rolandia,PR,South,-23.31232424669316,-51.3645044253397,False
870d0118f7a9d85960f29ad89d5d989a,37708,pocos de caldas,MG,Southeast,,,True
eb9267cccc90f1b49c8d2f9887c7dd97,52011,recife,PE,Northeast,-8.04863707868314,-34.900234331323205,False
5de1c80811ce7007f62f00d971236c09,88063,florianopolis,SC,South,-27.683990554402996,-48.49016108838016,False
ec8879960bd2221d5c32f8e12f7da711,13253,itatiba,SP,Southeast,-23.003693237743995,-46.82416432081719,False
586a871d4f1221763fddb6ceefdeb95e,90630,porto alegre,RS,South,-30.04278537233821,-51.19449374639332,False
a35124e2d763d7ca3fbe3b97d143200f,04041,sao paulo,SP,Southeast,-23.6014475291419,-46.64391741618097,False
9198786624eaeb375793215cad26cfa6,89136,rodeio,SC,South,-26.907814984792267,-49.3645971471255,False
fe1b067411b8c5066e962aa146ccee03,19020,presidente prudente,SP,Southeast,-22.1132202837024,-51.38581858164619,False
6b9b80d53ba3676eafe60268a810b5a1,31160,belo horizonte,SP,Southeast,-19.879401153512006,-43.93124914410819,False
a938325a4b357fd23a6a4d5bb126408e,26510,nilopolis,RJ,Southeast,-22.81686880906407,-43.41642431677486,False
f1b854361f4e15d5851b494df66f22b2,20020,rio de janeiro,RJ,Southeast,-22.907621262565595,-43.17268163532218,False
3d49bfdd1b43a7fe169b3740067acc61,39400,montes claros,MG,Southeast,-16.722788783513188,-43.863532010083105,False
9df5750209b83567ec144eb299d7d634,93032,sao leopoldo,RS,South,-29.777193924745788,-51.13184131335424,False
3d62f86afa7c73be2628a3be1423f5a0,12327,jacarei,SP,Southeast,-23.302661247830148,-45.97272884318196,False
497709c2976a8fa308730a2dec5b0726,09981,diadema,SP,Southeast,-23.710300784898173,-46.60781372656839,False
e73bf2cea7fe4b0b4d287a7568ed1099,89812,chapeco,SC,South,-27.113575477467897,-52.60262941323455,False
778323240ce2830d68aab11794e00bfb,13600,sao paulo,SP,Southeast,-22.355382295169946,-47.38476960205017,False
2493dc3f20131696a0ecdb9948051a8d,71065,brasilia,DF,Central-West,-15.84252103899343,-47.97601521509549,False
a3dd39f583bc80bd8c5901c95878921e,41342,salvador,BA,Northeast,-12.90184148302253,-38.403689465235196,False
4342d4b2ba6b161468c63a7e7cfce593,22793,rio de janeiro,RJ,Southeast,-23.000811299144484,-43.39884999999998,False
06df0c10d34e459d9672bc77388742eb,87045,maringa,PR,South,-23.42465483225165,-51.89708395028025,False
89757206b887aed36f3e18d858460fea,03121,sao paulo,SP,Southeast,-23.564564025535226,-46.59878328261868,False
d8b8f2cf9ff6ba0389072541cb42498c,73813,formosa,GO,Central-West,-15.55014492062437,-47.329879682638236,False
3c03b12bab54d8b37d79d914bfdb1aa0,25561,sao joao de meriti,RJ,Southeast,-22.774162434518345,-43.36637466718875,False
9d5a9018aee56acb367ba9c3f05d1d6a,74930,aparecida de goiania,GO,Central-West,-16.767131583732123,-49.34287978593004,False
f9244d45189d3a3605499abddeade7d5,03029,sao paulo,SP,Southeast,-23.53014316457964,-46.617544912430056,False
2b3b9ce054da76a7428df143a567b156,03572,sao paulo,SP,Southeast,-23.573361179202983,-46.497752143559936,False
198c7ea11960a9844b544d9bcdca860c,37590,jacutinga,MG,Southeast,-22.28784145799569,-46.61398001377728,False
a478c7961d6a992065b24e63b366f90b,89036,blumenau,SC,South,-26.917182292793306,-49.094416550377964,False
30c7f28fd3a5897b2c82d152bb760c17,24020,niteroi,RJ,Southeast,-22.89426743296495,-43.120610497085806,False
66e0557ecc2b4dbea057e93f215f68d8,04771,sao paulo,SP,Southeast,-23.681429172081454,-46.7121007456287,False
be1e9e378700cecaa4ebf71433d7915c,14025,ribeirao preto,SP,Southeast,-21.19394562698362,-47.81424886066712,False
21e83881401b92b49fb09a16d3852291,38405,uberlandia,MG,Southeast,-18.891656357385926,-48.25054407477981,False
55c96925041a14097b6a7825554f4ad5,02122,sao paulo,SP,Southeast,-23.512150822959867,-46.58356862836862,False
918f6fbcf3ab724d805867303e593a1b,13273,valinhos,SP,Southeast,-22.948567358990157,-46.97808319559753,False
daeb5653dd96c1b11860f72209795012,31310,belo horizonte,MG,Southeast,-19.87299983038336,-43.9820233015466,False
228e4c1a0be164f613d41c24345f9d2c,86360,bandeirantes,PR,South,-23.112752567698298,-50.37220143548997,False
5145090ab595c0d0b8557199f5701fbf,82900,curitiba,PR,South,-25.445980681516524,-49.22453840320635,False
87e24fc7052259b1f7f607d61c10d8be,05734,sao paulo,SP,Southeast,-23.626092843590477,-46.74424266279062,False
d66c11a9572221d92fbb8c4897db5f9b,20770,rio de janeiro,RJ,Southeast,-22.892616885509852,-43.286551756924894,False
e2c92f9c1c7746d899d18f2e158bbff7,15054,sao jose do rio preto,SP,Southeast,-20.78391163586427,-49.35753604236211,False
ea67327e24487bdfac5fbfa37ea124df,14940,ibitinga,SP,Southeast,-21.7575376839452,-48.82926174236043,False
db6a4d4b5f1f5f98820ce6ce2619e2de,02968,sao paulo,SP,Southeast,-23.478245245628717,-46.70765023651887,False
1d1bbb8ac1581824986f582583fff01d,89082,indaial,SC,South,-26.89246229244563,-49.24741706645431,False
f90f77ef2799a27f80d90c425ca944f7,86020,londrina,PR,South,-23.312730703719197,-51.167732603035404,False
bbf4a892cac7b82422baa711dffb8997,82200,curitiba,PR,South,-25.397596477927227,-49.26674424424373,False
39f776d2974049026ff531fc42ef2a3e,74835,goiania,GO,Central-West,-16.725975991785834,-49.2725205,False
c70c1b0d8ca86052f45a432a38b73958,13186,hortolandia,SP,Southeast,-22.884873080397902,-47.19933217790772,False
9e6967d3cf386d284251784b18ccb485,09550,sao caetano do sul,SP,Southeast,-23.618214713918395,-46.5511737336257,False
747e73c01a4593d4cf60dcf970fd2689,55602,vitoria de santo antao,PE,Northeast,-8.120012653882553,-35.29651067818158,False
63704069d9bd3a75c1cf59babe56004a,13212,jundiai,SP,Southeast,-23.17844205522539,-46.96961383859434,False
4e2627090e6e5b9fabba883a37897683,31565,belo horizonte,MG,Southeast,-19.833066181955505,-43.96806429641071,False
61b18775be84fb700a6b2d0ba097bf66,14808,araraquara,SP,Southeast,-21.821197227725214,-48.14413159658665,False
95cca791657aabeff15a07eb152d7841,85950,palotina,PR,South,-24.28382107029367,-53.83736115153222,False
dde698c6d0bd24834c586e5111c2bba7,25755,petropolis,RJ,Southeast,-22.33639835094608,-43.165744630186246,False
e94b64dc6979b302a5a5be1662c83bb6,06852,itapecerica da serra,SP,Southeast,-23.70653144827205,-46.85834264654624,False
15ead3a5037a918ddb520dfe39a3d2b9,36401,conselheiro lafaiete,MG,Southeast,-20.657217288452568,-43.77616255567808,False
9d489893ff6af05029671b785f54b998,13613,leme,SP,Southeast,-22.181936806438756,-47.40401403558216,False
725af026f869236a8dd0ceb98564d156,35530,claudio,MG,Southeast,-20.44177374108617,-44.76617579262522,False
f00f5b35d0abcacbdd863672f4bb2c1a,01238,sao paulo,SP,Southeast,-23.542944348058064,-46.65347143450284,False
7bac63f6603d382cc8d0832eb6c100a8,05713,sao paulo,SP,Southeast,-23.62616473022105,-46.73066577615558,False
f1fdf2d13186575751aa25876536d85c,05314,sao paulo,SP,Southeast,-23.53007357648815,-46.736540859686166,False
98dddbc4601dd4443ca174359b237166,87111,sarandi,PR,South,-23.448591285250814,-51.86922875629531,False
f8201cab383e484733266d1906e2fdfa,88137,palhoca,SC,South,-27.626905421044473,-48.67438863282804,False
74871d19219c7d518d0090283e03c137,04650,sao paulo,SP,Southeast,-23.657622401610013,-46.67712626894223,False
e603cf3fec55f8697c9059638d6c8eb5,96080,pelotas,RS,South,-31.75145071204341,-52.32307755418665,False
9e25199f6ef7e7c347120ff175652c3b,12051,taubate,SP,Southeast,-23.01126891380883,-45.58556463095773,False
